"model";"code";"marque";"deleted_at";"created_at";"updated_at";"famille_article_id"
" LECTEUR MP3 + BLUETOOTH X1783  AUTO";"215194";NULL;NULL;"2023-09-06 12:44:46";"2023-09-06 12:44:46";"215"
"008A";"707024";NULL;NULL;"2023-09-06 14:58:58";"2023-09-06 14:58:58";"707"
"100N03";"101001";NULL;NULL;"2023-09-06 12:37:11";"2023-09-06 12:37:11";"101"
"106 DE FER A SOUDER 100W ORG";"240010";NULL;NULL;"2023-09-06 12:44:18";"2023-09-06 12:44:18";"240"
"106 DE FER A SOUDER 20W ORD";"240014";NULL;NULL;"2023-09-06 12:44:18";"2023-09-06 12:44:18";"240"
"106 DE FER A SOUDER 30W ORD";"240012";NULL;NULL;"2023-09-06 12:44:18";"2023-09-06 12:44:18";"240"
"106 DE FER A SOUDER 40W ORD";"240011";NULL;NULL;"2023-09-06 12:44:18";"2023-09-06 12:44:18";"240"
"106 DE FER A SOUDER 40W ORG";"240013";NULL;NULL;"2023-09-06 12:44:18";"2023-09-06 12:44:18";"240"
"106 DE FER A SOUDER 60W EN SACHET ORG";"240009";NULL;NULL;"2023-09-06 12:44:18";"2023-09-06 12:44:18";"240"
"106 DE FER A SOUDER 60W ORG";"240008";NULL;NULL;"2023-09-06 12:44:18";"2023-09-06 12:44:18";"240"
"10N40 PM";"101002";NULL;NULL;"2023-09-06 12:37:12";"2023-09-06 12:37:12";"101"
"10N60 GM";"101003";NULL;NULL;"2023-09-06 12:37:12";"2023-09-06 12:37:12";"101"
"10N60 PM";"101004";NULL;NULL;"2023-09-06 12:37:12";"2023-09-06 12:37:12";"101"
"10N80 PM";"101005";NULL;NULL;"2023-09-06 12:37:12";"2023-09-06 12:37:12";"101"
"11N60 GM";"101007";NULL;NULL;"2023-09-06 12:37:12";"2023-09-06 12:37:12";"101"
"11N60 PM";"101006";NULL;NULL;"2023-09-06 12:37:12";"2023-09-06 12:37:12";"101"
"11N80 GM";"101009";NULL;NULL;"2023-09-06 12:37:12";"2023-09-06 12:37:12";"101"
"11N80 PM";"101008";NULL;NULL;"2023-09-06 12:37:12";"2023-09-06 12:37:12";"101"
"12N10";"101010";NULL;NULL;"2023-09-06 12:37:12";"2023-09-06 12:37:12";"101"
"12N50 PM";"101011";NULL;NULL;"2023-09-06 12:37:12";"2023-09-06 12:37:12";"101"
"12N60";"1031074";NULL;NULL;"2023-12-12 03:21:05";"2023-12-12 03:21:05";"103"
"12N60 PM";"101012";NULL;NULL;"2023-09-06 12:37:12";"2023-09-06 12:37:12";"101"
"15N60";"101013";NULL;NULL;"2023-09-06 12:37:12";"2023-09-06 12:37:12";"101"
"180";"707020";NULL;NULL;"2023-09-06 14:58:58";"2023-09-06 14:58:58";"707"
"20N60 GM";"101015";NULL;NULL;"2023-09-06 12:37:12";"2023-09-06 12:37:12";"101"
"20N60 PM";"101014";NULL;NULL;"2023-09-06 12:37:12";"2023-09-06 12:37:12";"101"
"20N80";"101016";NULL;NULL;"2023-09-06 12:37:12";"2023-09-06 12:37:12";"101"
"22N30";"101017";NULL;NULL;"2023-09-06 12:37:12";"2023-09-06 12:37:12";"101"
"22N50";"101018";NULL;NULL;"2023-09-06 12:37:12";"2023-09-06 12:37:12";"101"
"22N60";"101019";NULL;NULL;"2023-09-06 12:37:12";"2023-09-06 12:37:12";"101"
"230A";"707004";NULL;NULL;"2023-09-06 14:58:58";"2023-09-06 14:58:58";"707"
"24C02";"102001";NULL;NULL;"2023-09-06 12:37:12";"2023-09-06 12:37:12";"102"
"24C04";"102002";NULL;NULL;"2023-09-06 12:37:12";"2023-09-06 12:37:12";"102"
"24C08 A";"102003";NULL;NULL;"2023-09-06 12:37:12";"2023-09-06 12:37:12";"102"
"24C16";"102004";NULL;NULL;"2023-09-06 12:37:12";"2023-09-06 12:37:12";"102"
"24C32";"102005";NULL;NULL;"2023-09-06 12:37:12";"2023-09-06 12:37:12";"102"
"24C64";"102006";NULL;NULL;"2023-09-06 12:37:12";"2023-09-06 12:37:12";"102"
"2N 1711";"103004";NULL;NULL;"2023-09-06 12:37:12";"2023-09-06 12:37:12";"103"
"2N 2217";"103005";NULL;NULL;"2023-09-06 12:37:12";"2023-09-06 12:37:12";"103"
"2N 2219";"103006";NULL;NULL;"2023-09-06 12:37:12";"2023-09-06 12:37:12";"103"
"2N 222A";"103007";NULL;NULL;"2023-09-06 12:37:12";"2023-09-06 12:37:12";"103"
"2N 2484";"103008";NULL;NULL;"2023-09-06 12:37:12";"2023-09-06 12:37:12";"103"
"2N 2646";"103009";NULL;NULL;"2023-09-06 12:37:12";"2023-09-06 12:37:12";"103"
"2N 2905";"103010";NULL;NULL;"2023-09-06 12:37:12";"2023-09-06 12:37:12";"103"
"2N 2907";"103011";NULL;NULL;"2023-09-06 12:37:12";"2023-09-06 12:37:12";"103"
"2N 2955 ORG";"103012";NULL;NULL;"2023-09-06 12:37:12";"2023-09-06 12:37:12";"103"
"2N 3055 ORD";"103013";NULL;NULL;"2023-09-06 12:37:12";"2023-09-06 12:37:12";"103"
"2N 3055 ORG";"103014";NULL;NULL;"2023-09-06 12:37:12";"2023-09-06 12:37:12";"103"
"2N 3773";"103015";NULL;NULL;"2023-09-06 12:37:12";"2023-09-06 12:37:12";"103"
"2N 3779";"103016";NULL;NULL;"2023-09-06 12:37:12";"2023-09-06 12:37:12";"103"
"2N 3904";"103017";NULL;NULL;"2023-09-06 12:37:12";"2023-09-06 12:37:12";"103"
"2N 3906";"103018";NULL;NULL;"2023-09-06 12:37:12";"2023-09-06 12:37:12";"103"
"2N 5401";"103019";NULL;NULL;"2023-09-06 12:37:12";"2023-09-06 12:37:12";"103"
"2N 5501";"103923";NULL;NULL;"2023-09-06 12:43:45";"2023-09-06 12:43:45";"103"
"2N 5551";"103020";NULL;NULL;"2023-09-06 12:37:12";"2023-09-06 12:37:12";"103"
"2N 5555";"103021";NULL;NULL;"2023-09-06 12:37:12";"2023-09-06 12:37:12";"103"
"2N2222";"103001";NULL;NULL;"2023-09-06 12:37:12";"2023-09-06 12:37:12";"103"
"2N60";"103002";NULL;NULL;"2023-09-06 12:37:12";"2023-09-06 12:37:12";"103"
"2N6027";"103003";NULL;NULL;"2023-09-06 12:37:12";"2023-09-06 12:37:12";"103"
"2SC_3858";"101022";NULL;NULL;"2023-09-06 12:37:12";"2023-09-06 12:37:12";"101"
"30F 122";"101023";NULL;NULL;"2023-09-06 12:37:12";"2023-09-06 12:37:12";"101"
"30F 123";"101024";NULL;NULL;"2023-09-06 12:37:12";"2023-09-06 12:37:12";"101"
"30F 124";"101025";NULL;NULL;"2023-09-06 12:37:12";"2023-09-06 12:37:12";"101"
"30F 125";"101026";NULL;NULL;"2023-09-06 12:37:12";"2023-09-06 12:37:12";"101"
"30F 127";"101027";NULL;NULL;"2023-09-06 12:37:12";"2023-09-06 12:37:12";"101"
"30F 131";"101028";NULL;NULL;"2023-09-06 12:37:12";"2023-09-06 12:37:12";"101"
"30F 132";"101029";NULL;NULL;"2023-09-06 12:37:12";"2023-09-06 12:37:12";"101"
"30G 122";"101030";NULL;NULL;"2023-09-06 12:37:12";"2023-09-06 12:37:12";"101"
"30G 127";"101031";NULL;NULL;"2023-09-06 12:37:12";"2023-09-06 12:37:12";"101"
"30J 124";"101032";NULL;NULL;"2023-09-06 12:37:12";"2023-09-06 12:37:12";"101"
"30J 125";"101033";NULL;NULL;"2023-09-06 12:37:12";"2023-09-06 12:37:12";"101"
"30J 126";"101034";NULL;NULL;"2023-09-06 12:37:13";"2023-09-06 12:37:13";"101"
"30J 127";"101035";NULL;NULL;"2023-09-06 12:37:13";"2023-09-06 12:37:13";"101"
"30N60 GM";"101037";NULL;NULL;"2023-09-06 12:37:13";"2023-09-06 12:37:13";"101"
"30N60 PM";"101036";NULL;NULL;"2023-09-06 12:37:13";"2023-09-06 12:37:13";"101"
"3BR 0365";"101042";NULL;NULL;"2023-09-06 12:37:13";"2023-09-06 12:37:13";"101"
"3BR 0565";"101038";NULL;NULL;"2023-09-06 12:37:13";"2023-09-06 12:37:13";"101"
"3BR 0665";"101041";NULL;NULL;"2023-09-06 12:37:13";"2023-09-06 12:37:13";"101"
"3BR 1765";"101039";NULL;NULL;"2023-09-06 12:37:13";"2023-09-06 12:37:13";"101"
"3BR 4765";"101040";NULL;NULL;"2023-09-06 12:37:13";"2023-09-06 12:37:13";"101"
"3N60 F1";"101043";NULL;NULL;"2023-09-06 12:37:13";"2023-09-06 12:37:13";"101"
"3N60 PLASTIC";"101044";NULL;NULL;"2023-09-06 12:37:13";"2023-09-06 12:37:13";"101"
"3N80 PLAST";"101045";NULL;NULL;"2023-09-06 12:37:13";"2023-09-06 12:37:13";"101"
"3N90";"101046";NULL;NULL;"2023-09-06 12:37:13";"2023-09-06 12:37:13";"101"
"401B";"707023";NULL;NULL;"2023-09-06 14:58:58";"2023-09-06 14:58:58";"707"
"40N120";"101047";NULL;NULL;"2023-09-06 12:37:13";"2023-09-06 12:37:13";"101"
"40N60";"101048";NULL;NULL;"2023-09-06 12:37:13";"2023-09-06 12:37:13";"101"
"4N25";"101049";NULL;NULL;"2023-09-06 12:37:13";"2023-09-06 12:37:13";"101"
"4N35";"101050";NULL;NULL;"2023-09-06 12:37:13";"2023-09-06 12:37:13";"101"
"4N40";"101051";NULL;NULL;"2023-09-06 12:37:13";"2023-09-06 12:37:13";"101"
"4N60 C";"101052";NULL;NULL;"2023-09-06 12:37:13";"2023-09-06 12:37:13";"101"
"4N60 PLAST";"101053";NULL;NULL;"2023-09-06 12:37:13";"2023-09-06 12:37:13";"101"
"4N80 A";"101054";NULL;NULL;"2023-09-06 12:37:13";"2023-09-06 12:37:13";"101"
"4N90";"101055";NULL;NULL;"2023-09-06 12:37:13";"2023-09-06 12:37:13";"101"
"501A";"707011";NULL;NULL;"2023-09-06 14:58:58";"2023-09-06 14:58:58";"707"
"50N06 PM";"101057";NULL;NULL;"2023-09-06 12:37:13";"2023-09-06 12:37:13";"101"
"50N60";"101058";NULL;NULL;"2023-09-06 12:37:13";"2023-09-06 12:37:13";"101"
"50N60 GM";"101056";NULL;NULL;"2023-09-06 12:37:13";"2023-09-06 12:37:13";"101"
"50N60 PM";"101165";NULL;NULL;"2023-12-12 03:21:05";"2023-12-12 03:21:05";"101"
"50N65";"101059";NULL;NULL;"2023-09-06 12:37:13";"2023-09-06 12:37:13";"101"
"55818";"707027";NULL;NULL;"2023-09-06 14:58:58";"2023-09-06 14:58:58";"707"
"55N06 PM";"101060";NULL;NULL;"2023-09-06 12:37:13";"2023-09-06 12:37:13";"101"
"5N60";"101061";NULL;NULL;"2023-09-06 12:37:13";"2023-09-06 12:37:13";"101"
"5N78";"101166";NULL;NULL;"2023-12-12 03:21:06";"2023-12-12 03:21:06";"101"
"5N80 ISO";"101062";NULL;NULL;"2023-09-06 12:37:13";"2023-09-06 12:37:13";"101"
"5N80 PM";"101063";NULL;NULL;"2023-09-06 12:37:13";"2023-09-06 12:37:13";"101"
"60N60 GM";"101064";NULL;NULL;"2023-09-06 12:37:13";"2023-09-06 12:37:13";"101"
"60N60 PM";"101065";NULL;NULL;"2023-09-06 12:37:13";"2023-09-06 12:37:13";"101"
"60N90";"101066";NULL;NULL;"2023-09-06 12:37:13";"2023-09-06 12:37:13";"101"
"6A32";"101067";NULL;NULL;"2023-09-06 12:37:13";"2023-09-06 12:37:13";"101"
"6N136";"101068";NULL;NULL;"2023-09-06 12:37:13";"2023-09-06 12:37:13";"101"
"6N60";"101069";NULL;NULL;"2023-09-06 12:37:13";"2023-09-06 12:37:13";"101"
"6N70 PM";"101070";NULL;NULL;"2023-09-06 12:37:13";"2023-09-06 12:37:13";"101"
"6N80 PM";"101071";NULL;NULL;"2023-09-06 12:37:13";"2023-09-06 12:37:13";"101"
"6N90 PM";"101072";NULL;NULL;"2023-09-06 12:37:13";"2023-09-06 12:37:13";"101"
"70N15";"101073";NULL;NULL;"2023-09-06 12:37:13";"2023-09-06 12:37:13";"101"
"70N33 PM";"101074";NULL;NULL;"2023-09-06 12:37:13";"2023-09-06 12:37:13";"101"
"74HC17";"117001";NULL;NULL;"2023-09-06 12:37:13";"2023-09-06 12:37:13";"117"
"74HC373";"117002";NULL;NULL;"2023-09-06 12:37:13";"2023-09-06 12:37:13";"117"
"74HC4520";"117003";NULL;NULL;"2023-09-06 12:37:13";"2023-09-06 12:37:13";"117"
"74HC574";"117004";NULL;NULL;"2023-09-06 12:37:13";"2023-09-06 12:37:13";"117"
"74HC77A";"117040";NULL;NULL;"2023-09-06 12:37:14";"2023-09-06 12:37:14";"117"
"74LS01";"117005";NULL;NULL;"2023-09-06 12:37:13";"2023-09-06 12:37:13";"117"
"74LS04";"117006";NULL;NULL;"2023-09-06 12:37:13";"2023-09-06 12:37:13";"117"
"74LS07";"117007";NULL;NULL;"2023-09-06 12:37:13";"2023-09-06 12:37:13";"117"
"74LS08";"117008";NULL;NULL;"2023-09-06 12:37:13";"2023-09-06 12:37:13";"117"
"74LS110";"117009";NULL;NULL;"2023-09-06 12:37:13";"2023-09-06 12:37:13";"117"
"74LS111";"117010";NULL;NULL;"2023-09-06 12:37:13";"2023-09-06 12:37:13";"117"
"74LS112";"117011";NULL;NULL;"2023-09-06 12:37:13";"2023-09-06 12:37:13";"117"
"74LS113";"117012";NULL;NULL;"2023-09-06 12:37:13";"2023-09-06 12:37:13";"117"
"74LS114";"117013";NULL;NULL;"2023-09-06 12:37:13";"2023-09-06 12:37:13";"117"
"74LS115";"117014";NULL;NULL;"2023-09-06 12:37:13";"2023-09-06 12:37:13";"117"
"74LS137";"117015";NULL;NULL;"2023-09-06 12:37:13";"2023-09-06 12:37:13";"117"
"74LS138";"117016";NULL;NULL;"2023-09-06 12:37:13";"2023-09-06 12:37:13";"117"
"74LS139";"117017";NULL;NULL;"2023-09-06 12:37:13";"2023-09-06 12:37:13";"117"
"74LS14";"117018";NULL;NULL;"2023-09-06 12:37:13";"2023-09-06 12:37:13";"117"
"74LS147";"117019";NULL;NULL;"2023-09-06 12:37:13";"2023-09-06 12:37:13";"117"
"74LS148";"117020";NULL;NULL;"2023-09-06 12:37:13";"2023-09-06 12:37:13";"117"
"74LS150";"117021";NULL;NULL;"2023-09-06 12:37:13";"2023-09-06 12:37:13";"117"
"74LS158";"117022";NULL;NULL;"2023-09-06 12:37:13";"2023-09-06 12:37:13";"117"
"74LS160";"117023";NULL;NULL;"2023-09-06 12:37:13";"2023-09-06 12:37:13";"117"
"74LS164";"117024";NULL;NULL;"2023-09-06 12:37:13";"2023-09-06 12:37:13";"117"
"74LS175";"117025";NULL;NULL;"2023-09-06 12:37:13";"2023-09-06 12:37:13";"117"
"74LS190";"117026";NULL;NULL;"2023-09-06 12:37:13";"2023-09-06 12:37:13";"117"
"74LS193";"117027";NULL;NULL;"2023-09-06 12:37:13";"2023-09-06 12:37:13";"117"
"74LS24";"117028";NULL;NULL;"2023-09-06 12:37:14";"2023-09-06 12:37:14";"117"
"74LS48";"117030";NULL;NULL;"2023-09-06 12:37:14";"2023-09-06 12:37:14";"117"
"74LS49";"117041";NULL;NULL;"2023-09-06 12:37:14";"2023-09-06 12:37:14";"117"
"74LS51";"117031";NULL;NULL;"2023-09-06 12:37:14";"2023-09-06 12:37:14";"117"
"74LS63";"117032";NULL;NULL;"2023-09-06 12:37:14";"2023-09-06 12:37:14";"117"
"74LS74";"117033";NULL;NULL;"2023-09-06 12:37:14";"2023-09-06 12:37:14";"117"
"74LS744";"117034";NULL;NULL;"2023-09-06 12:37:14";"2023-09-06 12:37:14";"117"
"74LS75";"117035";NULL;NULL;"2023-09-06 12:37:14";"2023-09-06 12:37:14";"117"
"74LS78";"117036";NULL;NULL;"2023-09-06 12:37:14";"2023-09-06 12:37:14";"117"
"74LS82";"117037";NULL;NULL;"2023-09-06 12:37:14";"2023-09-06 12:37:14";"117"
"74LS84";"117038";NULL;NULL;"2023-09-06 12:37:14";"2023-09-06 12:37:14";"117"
"74LS92";"117039";NULL;NULL;"2023-09-06 12:37:14";"2023-09-06 12:37:14";"117"
"74LS93";"117029";NULL;NULL;"2023-09-06 12:37:14";"2023-09-06 12:37:14";"117"
"75N06";"101075";NULL;NULL;"2023-09-06 12:37:14";"2023-09-06 12:37:14";"101"
"75N75 PM";"101076";NULL;NULL;"2023-09-06 12:37:14";"2023-09-06 12:37:14";"101"
"75N78";"101077";NULL;NULL;"2023-09-06 12:37:14";"2023-09-06 12:37:14";"101"
"7N60";"101078";NULL;NULL;"2023-09-06 12:37:14";"2023-09-06 12:37:14";"101"
"7N80 PM";"101079";NULL;NULL;"2023-09-06 12:37:14";"2023-09-06 12:37:14";"101"
"808A";"707001";NULL;NULL;"2023-09-06 14:58:58";"2023-09-06 14:58:58";"707"
"808B";"707002";NULL;NULL;"2023-09-06 14:58:58";"2023-09-06 14:58:58";"707"
"80N60";"101080";NULL;NULL;"2023-09-06 12:37:14";"2023-09-06 12:37:14";"101"
"883A";"707005";NULL;NULL;"2023-09-06 14:58:58";"2023-09-06 14:58:58";"707"
"883B";"707006";NULL;NULL;"2023-09-06 14:58:58";"2023-09-06 14:58:58";"707"
"88N30";"101081";NULL;NULL;"2023-09-06 12:37:14";"2023-09-06 12:37:14";"101"
"88N30 GM";"101082";NULL;NULL;"2023-09-06 12:37:14";"2023-09-06 12:37:14";"101"
"8N60";"101083";NULL;NULL;"2023-09-06 12:37:14";"2023-09-06 12:37:14";"101"
"90N60";"101084";NULL;NULL;"2023-09-06 12:37:14";"2023-09-06 12:37:14";"101"
"920A";"707003";NULL;NULL;"2023-09-06 14:58:58";"2023-09-06 14:58:58";"707"
"9N50 PM";"101085";NULL;NULL;"2023-09-06 12:37:14";"2023-09-06 12:37:14";"101"
"9N60";"101086";NULL;NULL;"2023-09-06 12:37:14";"2023-09-06 12:37:14";"101"
"9N60 PM";"101087";NULL;NULL;"2023-09-06 12:37:14";"2023-09-06 12:37:14";"101"
"9N70";"101088";NULL;NULL;"2023-09-06 12:37:14";"2023-09-06 12:37:14";"101"
"9N80";"101089";NULL;NULL;"2023-09-06 12:37:14";"2023-09-06 12:37:14";"101"
"A 1012";"103029";NULL;NULL;"2023-09-06 12:37:19";"2023-09-06 12:37:19";"103"
"A 1013";"103030";NULL;NULL;"2023-09-06 12:37:19";"2023-09-06 12:37:19";"103"
"A 1014";"102087";NULL;NULL;"2023-09-06 12:37:18";"2023-09-06 12:37:18";"102"
"A 1015";"103031";NULL;NULL;"2023-09-06 12:37:19";"2023-09-06 12:37:19";"103"
"A 1020";"103032";NULL;NULL;"2023-09-06 12:37:19";"2023-09-06 12:37:19";"103"
"A 1075";"103033";NULL;NULL;"2023-09-06 12:37:19";"2023-09-06 12:37:19";"103"
"A 1090";"103034";NULL;NULL;"2023-09-06 12:37:19";"2023-09-06 12:37:19";"103"
"A 1094 0RG";"103035";NULL;NULL;"2023-09-06 12:37:19";"2023-09-06 12:37:19";"103"
"A 1095 ORG";"103036";NULL;NULL;"2023-09-06 12:37:19";"2023-09-06 12:37:19";"103"
"A 1102 ORD";"103037";NULL;NULL;"2023-09-06 12:37:19";"2023-09-06 12:37:19";"103"
"A 1103 ORD";"103038";NULL;NULL;"2023-09-06 12:37:19";"2023-09-06 12:37:19";"103"
"A 1104 ORD";"103039";NULL;NULL;"2023-09-06 12:37:19";"2023-09-06 12:37:19";"103"
"A 1104 ORG";"103040";NULL;NULL;"2023-09-06 12:37:19";"2023-09-06 12:37:19";"103"
"A 1105";"103041";NULL;NULL;"2023-09-06 12:37:19";"2023-09-06 12:37:19";"103"
"A 1106 ORD";"103042";NULL;NULL;"2023-09-06 12:37:19";"2023-09-06 12:37:19";"103"
"A 1106 ORG";"103043";NULL;NULL;"2023-09-06 12:37:19";"2023-09-06 12:37:19";"103"
"A 1107";"103044";NULL;NULL;"2023-09-06 12:37:19";"2023-09-06 12:37:19";"103"
"A 1111";"103045";NULL;NULL;"2023-09-06 12:37:19";"2023-09-06 12:37:19";"103"
"A 1113";"103046";NULL;NULL;"2023-09-06 12:37:19";"2023-09-06 12:37:19";"103"
"A 115";"103047";NULL;NULL;"2023-09-06 12:37:19";"2023-09-06 12:37:19";"103"
"A 1186";"103048";NULL;NULL;"2023-09-06 12:37:19";"2023-09-06 12:37:19";"103"
"A 1200";"102088";NULL;NULL;"2023-09-06 12:37:18";"2023-09-06 12:37:18";"102"
"A 1207";"102089";NULL;NULL;"2023-09-06 12:37:18";"2023-09-06 12:37:18";"102"
"A 1215";"103049";NULL;NULL;"2023-09-06 12:37:19";"2023-09-06 12:37:19";"103"
"A 1216 OCAS";"103050";NULL;NULL;"2023-09-06 12:37:19";"2023-09-06 12:37:19";"103"
"A 1220";"103051";NULL;NULL;"2023-09-06 12:37:19";"2023-09-06 12:37:19";"103"
"A 1246";"103052";NULL;NULL;"2023-09-06 12:37:19";"2023-09-06 12:37:19";"103"
"A 1262";"103053";NULL;NULL;"2023-09-06 12:37:19";"2023-09-06 12:37:19";"103"
"A 1263";"103054";NULL;NULL;"2023-09-06 12:37:19";"2023-09-06 12:37:19";"103"
"A 1264";"103055";NULL;NULL;"2023-09-06 12:37:19";"2023-09-06 12:37:19";"103"
"A 1265";"103056";NULL;NULL;"2023-09-06 12:37:19";"2023-09-06 12:37:19";"103"
"A 1266";"103057";NULL;NULL;"2023-09-06 12:37:19";"2023-09-06 12:37:19";"103"
"A 1273";"103058";NULL;NULL;"2023-09-06 12:37:19";"2023-09-06 12:37:19";"103"
"A 1294 ORD";"103059";NULL;NULL;"2023-09-06 12:37:19";"2023-09-06 12:37:19";"103"
"A 1294 ORG";"103060";NULL;NULL;"2023-09-06 12:37:19";"2023-09-06 12:37:19";"103"
"A 1295";"103061";NULL;NULL;"2023-09-06 12:37:19";"2023-09-06 12:37:19";"103"
"A 1301";"103062";NULL;NULL;"2023-09-06 12:37:19";"2023-09-06 12:37:19";"103"
"A 1302";"103063";NULL;NULL;"2023-09-06 12:37:19";"2023-09-06 12:37:19";"103"
"A 1306";"103064";NULL;NULL;"2023-09-06 12:37:19";"2023-09-06 12:37:19";"103"
"A 144";"103065";NULL;NULL;"2023-09-06 12:37:19";"2023-09-06 12:37:19";"103"
"A 1490";"103066";NULL;NULL;"2023-09-06 12:37:19";"2023-09-06 12:37:19";"103"
"A 1491";"103067";NULL;NULL;"2023-09-06 12:37:19";"2023-09-06 12:37:19";"103"
"A 1491 ORG";"103068";NULL;NULL;"2023-09-06 12:37:19";"2023-09-06 12:37:19";"103"
"A 1492 OCAS";"103069";NULL;NULL;"2023-09-06 12:37:19";"2023-09-06 12:37:19";"103"
"A 1492 ORD";"103071";NULL;NULL;"2023-09-06 12:37:19";"2023-09-06 12:37:19";"103"
"A 1492 ORG";"103070";NULL;NULL;"2023-09-06 12:37:19";"2023-09-06 12:37:19";"103"
"A 1494";"103072";NULL;NULL;"2023-09-06 12:37:19";"2023-09-06 12:37:19";"103"
"A 1494 OCAS";"103073";NULL;NULL;"2023-09-06 12:37:19";"2023-09-06 12:37:19";"103"
"A 1494 ORG";"103074";NULL;NULL;"2023-09-06 12:37:19";"2023-09-06 12:37:19";"103"
"A 1565";"102090";NULL;NULL;"2023-09-06 12:37:18";"2023-09-06 12:37:18";"102"
"A 1659";"103075";NULL;NULL;"2023-09-06 12:37:19";"2023-09-06 12:37:19";"103"
"A 1837";"103076";NULL;NULL;"2023-09-06 12:37:19";"2023-09-06 12:37:19";"103"
"A 1839";"103077";NULL;NULL;"2023-09-06 12:37:19";"2023-09-06 12:37:19";"103"
"A 1940 ORG";"103078";NULL;NULL;"2023-09-06 12:37:19";"2023-09-06 12:37:19";"103"
"A 1941";"103079";NULL;NULL;"2023-09-06 12:37:19";"2023-09-06 12:37:19";"103"
"A 1941 ORG";"103080";NULL;NULL;"2023-09-06 12:37:19";"2023-09-06 12:37:19";"103"
"A 1943 OCAS";"103081";NULL;NULL;"2023-09-06 12:37:19";"2023-09-06 12:37:19";"103"
"A 1943 ORD";"103082";NULL;NULL;"2023-09-06 12:37:19";"2023-09-06 12:37:19";"103"
"A 1943 ORG";"103083";NULL;NULL;"2023-09-06 12:37:19";"2023-09-06 12:37:19";"103"
"A 1944";"103084";NULL;NULL;"2023-09-06 12:37:19";"2023-09-06 12:37:19";"103"
"A 2022";"1031073";NULL;NULL;"2023-09-06 12:44:44";"2023-09-06 12:44:44";"103"
"A 2199";"103085";NULL;NULL;"2023-09-06 12:37:19";"2023-09-06 12:37:19";"103"
"A 42";"103086";NULL;NULL;"2023-09-06 12:37:19";"2023-09-06 12:37:19";"103"
"A 473";"103087";NULL;NULL;"2023-09-06 12:37:19";"2023-09-06 12:37:19";"103"
"A 4750";"102091";NULL;NULL;"2023-09-06 12:37:18";"2023-09-06 12:37:18";"102"
"A 5198";"103088";NULL;NULL;"2023-09-06 12:37:19";"2023-09-06 12:37:19";"103"
"A 539";"103089";NULL;NULL;"2023-09-06 12:37:19";"2023-09-06 12:37:19";"103"
"A 545";"103090";NULL;NULL;"2023-09-06 12:37:19";"2023-09-06 12:37:19";"103"
"A 562";"103091";NULL;NULL;"2023-09-06 12:37:19";"2023-09-06 12:37:19";"103"
"A 564";"103092";NULL;NULL;"2023-09-06 12:37:19";"2023-09-06 12:37:19";"103"
"A 6052";"103093";NULL;NULL;"2023-09-06 12:37:19";"2023-09-06 12:37:19";"103"
"A 6053";"102092";NULL;NULL;"2023-09-06 12:37:18";"2023-09-06 12:37:18";"102"
"A 6059";"103094";NULL;NULL;"2023-09-06 12:37:20";"2023-09-06 12:37:20";"103"
"A 6069";"102093";NULL;NULL;"2023-09-06 12:37:18";"2023-09-06 12:37:18";"102"
"A 608";"103095";NULL;NULL;"2023-09-06 12:37:20";"2023-09-06 12:37:20";"103"
"A 614";"103096";NULL;NULL;"2023-09-06 12:37:20";"2023-09-06 12:37:20";"103"
"A 6159";"102096";NULL;NULL;"2023-09-06 12:37:20";"2023-09-06 12:37:20";"102"
"A 6169";"102094";NULL;NULL;"2023-09-06 12:37:18";"2023-09-06 12:37:18";"102"
"A 6252";"102097";NULL;NULL;"2023-09-06 12:37:20";"2023-09-06 12:37:20";"102"
"A 6253";"102098";NULL;NULL;"2023-09-06 12:37:20";"2023-09-06 12:37:20";"102"
"A 6256";"102099";NULL;NULL;"2023-09-06 12:37:20";"2023-09-06 12:37:20";"102"
"A 6259";"102095";NULL;NULL;"2023-09-06 12:37:18";"2023-09-06 12:37:18";"102"
"A 642";"103097";NULL;NULL;"2023-09-06 12:37:20";"2023-09-06 12:37:20";"103"
"A 643";"103098";NULL;NULL;"2023-09-06 12:37:20";"2023-09-06 12:37:20";"103"
"A 647";"103099";NULL;NULL;"2023-09-06 12:37:20";"2023-09-06 12:37:20";"103"
"A 671";"103100";NULL;NULL;"2023-09-06 12:37:20";"2023-09-06 12:37:20";"103"
"A 673";"103101";NULL;NULL;"2023-09-06 12:37:20";"2023-09-06 12:37:20";"103"
"A 684";"103102";NULL;NULL;"2023-09-06 12:37:20";"2023-09-06 12:37:20";"103"
"A 694";"103103";NULL;NULL;"2023-09-06 12:37:20";"2023-09-06 12:37:20";"103"
"A 698";"103104";NULL;NULL;"2023-09-06 12:37:20";"2023-09-06 12:37:20";"103"
"A 708";"103105";NULL;NULL;"2023-09-06 12:37:20";"2023-09-06 12:37:20";"103"
"A 715";"103106";NULL;NULL;"2023-09-06 12:37:20";"2023-09-06 12:37:20";"103"
"A 720";"103107";NULL;NULL;"2023-09-06 12:37:20";"2023-09-06 12:37:20";"103"
"A 730";"103108";NULL;NULL;"2023-09-06 12:37:20";"2023-09-06 12:37:20";"103"
"A 733";"103109";NULL;NULL;"2023-09-06 12:37:20";"2023-09-06 12:37:20";"103"
"A 755";"103110";NULL;NULL;"2023-09-06 12:37:20";"2023-09-06 12:37:20";"103"
"A 769";"103111";NULL;NULL;"2023-09-06 12:37:20";"2023-09-06 12:37:20";"103"
"A 817";"103112";NULL;NULL;"2023-09-06 12:37:20";"2023-09-06 12:37:20";"103"
"A 835";"103113";NULL;NULL;"2023-09-06 12:37:20";"2023-09-06 12:37:20";"103"
"A 837";"103114";NULL;NULL;"2023-09-06 12:37:20";"2023-09-06 12:37:20";"103"
"A 850";"103115";NULL;NULL;"2023-09-06 12:37:20";"2023-09-06 12:37:20";"103"
"A 872";"103116";NULL;NULL;"2023-09-06 12:37:20";"2023-09-06 12:37:20";"103"
"A 897";"103117";NULL;NULL;"2023-09-06 12:37:20";"2023-09-06 12:37:20";"103"
"A 899";"103118";NULL;NULL;"2023-09-06 12:37:20";"2023-09-06 12:37:20";"103"
"A 916";"103119";NULL;NULL;"2023-09-06 12:37:20";"2023-09-06 12:37:20";"103"
"A 92";"103120";NULL;NULL;"2023-09-06 12:37:20";"2023-09-06 12:37:20";"103"
"A 926";"103121";NULL;NULL;"2023-09-06 12:37:20";"2023-09-06 12:37:20";"103"
"A 940";"103122";NULL;NULL;"2023-09-06 12:37:20";"2023-09-06 12:37:20";"103"
"A 950";"103123";NULL;NULL;"2023-09-06 12:37:20";"2023-09-06 12:37:20";"103"
"A 952";"103124";NULL;NULL;"2023-09-06 12:37:20";"2023-09-06 12:37:20";"103"
"A 965";"103125";NULL;NULL;"2023-09-06 12:37:20";"2023-09-06 12:37:20";"103"
"A 966";"103126";NULL;NULL;"2023-09-06 12:37:20";"2023-09-06 12:37:20";"103"
"A 968";"103127";NULL;NULL;"2023-09-06 12:37:20";"2023-09-06 12:37:20";"103"
"A 970";"103128";NULL;NULL;"2023-09-06 12:37:20";"2023-09-06 12:37:20";"103"
"A 980";"215339";NULL;NULL;"2023-12-12 03:21:43";"2023-12-12 03:21:43";"215"
"A 984";"103129";NULL;NULL;"2023-09-06 12:37:20";"2023-09-06 12:37:20";"103"
"A 992";"103130";NULL;NULL;"2023-09-06 12:37:20";"2023-09-06 12:37:20";"103"
"A11";"707029";NULL;NULL;"2023-09-06 14:58:58";"2023-09-06 14:58:58";"707"
"A140 6PLACEE";"709002";NULL;NULL;"2023-09-06 14:59:01";"2023-09-06 14:59:01";"709"
"A980";"215257";NULL;NULL;"2023-09-06 12:44:47";"2023-09-06 12:44:47";"215"
"AD 161";"103023";NULL;NULL;"2023-09-06 12:37:15";"2023-09-06 12:37:15";"103"
"AD 162";"103024";NULL;NULL;"2023-09-06 12:37:15";"2023-09-06 12:37:15";"103"
"ADAPT 1 RCA EN FICHE F";"208011";NULL;NULL;"2023-09-06 12:37:14";"2023-09-06 12:37:14";"208"
"ADAPT 1 RCA FEM / 2 RCA FEM";"208055";NULL;NULL;"2023-09-06 12:37:15";"2023-09-06 12:37:15";"208"
"ADAPT 1 RCA FEM/ 1 RCA EN FER";"208012";NULL;NULL;"2023-09-06 12:37:14";"2023-09-06 12:37:14";"208"
"ADAPT 1 RCA FEM/2RCA MAL";"208057";NULL;NULL;"2023-09-06 12:37:15";"2023-09-06 12:37:15";"208"
"ADAPT 1 RCA M / FICHE F FEM";"208046";NULL;NULL;"2023-09-06 12:37:15";"2023-09-06 12:37:15";"208"
"ADAPT 1 RCA MAL / 2 RCA FEM";"208003";NULL;NULL;"2023-09-06 12:37:14";"2023-09-06 12:37:14";"208"
"ADAPT 1RCA FEM/1 RCA FEM";"208058";NULL;NULL;"2023-09-06 12:37:15";"2023-09-06 12:37:15";"208"
"ADAPT 6.5 MNO M/ JK 3.5 MNO FEM";"208014";NULL;NULL;"2023-09-06 12:37:14";"2023-09-06 12:37:14";"208"
"ADAPT 6.5 MNO M/2RCA M";"208032";NULL;NULL;"2023-09-06 12:37:14";"2023-09-06 12:37:14";"208"
"ADAPT ALMT 2POL 220V-4A";"208030";NULL;NULL;"2023-09-06 12:37:14";"2023-09-06 12:37:14";"208"
"ADAPT ALMT/ TETE CHINOISE FEM 2 POL NOIR";"208025";NULL;NULL;"2023-09-06 12:37:14";"2023-09-06 12:37:14";"208"
"ADAPT BNC 1MAL/2RCA FEM";"208009";NULL;NULL;"2023-09-06 12:37:14";"2023-09-06 12:37:14";"208"
"ADAPT BNC M/ BNC FEM";"208034";NULL;NULL;"2023-09-06 12:37:14";"2023-09-06 12:37:14";"208"
"ADAPT BNC MAL/BNC FEM";"208015";NULL;NULL;"2023-09-06 12:37:14";"2023-09-06 12:37:14";"208"
"ADAPT BNC VISABLE";"208010";NULL;NULL;"2023-09-06 12:37:14";"2023-09-06 12:37:14";"208"
"ADAPT BNC/1RCA FEM";"208060";NULL;NULL;"2023-09-06 12:37:15";"2023-09-06 12:37:15";"208"
"ADAPT CARTE MEMOIRE/ USB";"208056";NULL;NULL;"2023-09-06 12:37:15";"2023-09-06 12:37:15";"208"
"ADAPT DC FEM CAMERA";"208061";NULL;NULL;"2023-09-06 12:37:15";"2023-09-06 12:37:15";"208"
"ADAPT DC LAP CAMERA";"208006";NULL;NULL;"2023-09-06 12:37:14";"2023-09-06 12:37:14";"208"
"ADAPT DE PRISE 1M/3F";"208062";NULL;NULL;"2023-09-06 12:37:15";"2023-09-06 12:37:15";"208"
"ADAPT DE PRISE 2 POL";"208063";NULL;NULL;"2023-09-06 12:37:15";"2023-09-06 12:37:15";"208"
"ADAPT DE PRISE ORG";"208016";NULL;NULL;"2023-09-06 12:37:14";"2023-09-06 12:37:14";"208"
"ADAPT DVI M/ HDMI F";"208017";NULL;NULL;"2023-09-06 12:37:14";"2023-09-06 12:37:14";"208"
"ADAPT DVI M/ VGA F";"208018";NULL;NULL;"2023-09-06 12:37:14";"2023-09-06 12:37:14";"208"
"ADAPT FICHE XRL FEM";"208064";NULL;NULL;"2023-09-06 12:37:15";"2023-09-06 12:37:15";"208"
"ADAPT HDMI / VGA ET AUDIO";"208065";NULL;NULL;"2023-09-06 12:37:15";"2023-09-06 12:37:15";"208"
"ADAPT HDMI MAL / HDMI FEM";"208051";NULL;NULL;"2023-09-06 12:37:15";"2023-09-06 12:37:15";"208"
"ADAPT JAK 6.5M MNO/2RCA FEM";"208008";NULL;NULL;"2023-09-06 12:37:14";"2023-09-06 12:37:14";"208"
"ADAPT JK 3.5 FEM/2RCA MAL";"208036";NULL;NULL;"2023-09-06 12:37:14";"2023-09-06 12:37:14";"208"
"ADAPT JK 3.5 MNO / 2RCA MAL";"208040";NULL;NULL;"2023-09-06 12:37:15";"2023-09-06 12:37:15";"208"
"ADAPT JK 3.5 MNO M/ 2 RCA M";"208002";NULL;NULL;"2023-09-06 12:37:14";"2023-09-06 12:37:14";"208"
"ADAPT JK 3.5 MNO M/ 6.5 MNO FEM";"208013";NULL;NULL;"2023-09-06 12:37:14";"2023-09-06 12:37:14";"208"
"ADAPT JK 3.5 MNO MAL/ JK 6.5 ST FEM";"208004";NULL;NULL;"2023-09-06 12:37:14";"2023-09-06 12:37:14";"208"
"ADAPT JK 3.5 MNO VISABLE";"208005";NULL;NULL;"2023-09-06 12:37:14";"2023-09-06 12:37:14";"208"
"ADAPT JK 3.5 ST M / 1 JK 6.5 ST FEM EN FER";"208042";NULL;NULL;"2023-09-06 12:37:15";"2023-09-06 12:37:15";"208"
"ADAPT JK 3.5 ST M / 2 JK 6.5 ST FEM";"208041";NULL;NULL;"2023-09-06 12:37:15";"2023-09-06 12:37:15";"208"
"ADAPT JK 3.5 ST M/ 2 JK 3.5 ST F";"208001";NULL;NULL;"2023-09-06 12:37:14";"2023-09-06 12:37:14";"208"
"ADAPT JK 3.5 ST M/ JK 3.5 MNO FEM";"208038";NULL;NULL;"2023-09-06 12:37:14";"2023-09-06 12:37:14";"208"
"ADAPT JK 3.5M ST / 2RCA FEM";"208031";NULL;NULL;"2023-09-06 12:37:14";"2023-09-06 12:37:14";"208"
"ADAPT JK 3.5ST M/ 2JAK 3.5 ST F";"208059";NULL;NULL;"2023-09-06 12:37:15";"2023-09-06 12:37:15";"208"
"ADAPT JK 6.5 MNO 1RCA EN PLAST";"208054";NULL;NULL;"2023-09-06 12:37:15";"2023-09-06 12:37:15";"208"
"ADAPT JK 6.5 MNO M / 2 RCA FEM EN PLAST";"208049";NULL;NULL;"2023-09-06 12:37:15";"2023-09-06 12:37:15";"208"
"ADAPT JK 6.5 MNO M/ 1RCA EN FER";"208053";NULL;NULL;"2023-09-06 12:37:15";"2023-09-06 12:37:15";"208"
"ADAPT JK 6.5 MNO M/2 JK 6.5 MNO FEM";"208048";NULL;NULL;"2023-09-06 12:37:15";"2023-09-06 12:37:15";"208"
"ADAPT JK 6.5 ST M / 2 JK 6.5 ST FEM";"208052";NULL;NULL;"2023-09-06 12:37:15";"2023-09-06 12:37:15";"208"
"ADAPT JK 6.5 ST M/ 2 JK 6.5 MNO FEM";"208050";NULL;NULL;"2023-09-06 12:37:15";"2023-09-06 12:37:15";"208"
"ADAPT JK 6.5 ST M/ JK 3.5 ST FEM EN FER";"208037";NULL;NULL;"2023-09-06 12:37:14";"2023-09-06 12:37:14";"208"
"ADAPT JK 6.5 ST M/2 RCA FEM";"208033";NULL;NULL;"2023-09-06 12:37:14";"2023-09-06 12:37:14";"208"
"ADAPT JK/ 2RCA FEM";"208039";NULL;NULL;"2023-09-06 12:37:14";"2023-09-06 12:37:14";"208"
"ADAPT LAP";"208019";NULL;NULL;"2023-09-06 12:37:14";"2023-09-06 12:37:14";"208"
"ADAPT MUTI PRISE BLANC AVEC LED";"208020";NULL;NULL;"2023-09-06 12:37:14";"2023-09-06 12:37:14";"208"
"ADAPT PERI IN-OUT/ 3RCA FEM";"208021";NULL;NULL;"2023-09-06 12:37:14";"2023-09-06 12:37:14";"208"
"ADAPT PERI INPUT/ 3 RCA";"208043";NULL;NULL;"2023-09-06 12:37:15";"2023-09-06 12:37:15";"208"
"ADAPT PERI OUT/ 3RCA FEM";"208023";NULL;NULL;"2023-09-06 12:37:14";"2023-09-06 12:37:14";"208"
"ADAPT PRISE 1M/2F YAKI";"208022";NULL;NULL;"2023-09-06 12:37:14";"2023-09-06 12:37:14";"208"
"ADAPT PRISE 1M/4F";"208066";NULL;NULL;"2023-09-06 12:37:15";"2023-09-06 12:37:15";"208"
"ADAPT PRISE 2 POL";"208044";NULL;NULL;"2023-09-06 12:37:15";"2023-09-06 12:37:15";"208"
"ADAPT PRISE MAL MERKAN";"208067";NULL;NULL;"2023-09-06 12:37:15";"2023-09-06 12:37:15";"208"
"ADAPT PRISE ORD";"208045";NULL;NULL;"2023-09-06 12:37:15";"2023-09-06 12:37:15";"208"
"ADAPT RADIO";"208024";NULL;NULL;"2023-09-06 12:37:14";"2023-09-06 12:37:14";"208"
"ADAPT SOCLE SPEAKON FEM";"208068";NULL;NULL;"2023-09-06 12:37:15";"2023-09-06 12:37:15";"208"
"ADAPT SOCLE XLR MAL";"208047";NULL;NULL;"2023-09-06 12:37:15";"2023-09-06 12:37:15";"208"
"ADAPT TV 2MAL/ 2 FEM";"208069";NULL;NULL;"2023-09-06 12:37:15";"2023-09-06 12:37:15";"208"
"ADAPT TV FEM EN FER";"208070";NULL;NULL;"2023-09-06 12:37:15";"2023-09-06 12:37:15";"208"
"ADAPT TV FEM/ FICHE F";"208071";NULL;NULL;"2023-09-06 12:37:15";"2023-09-06 12:37:15";"208"
"ADAPT TV MAL/ 2FEM";"208027";NULL;NULL;"2023-09-06 12:37:14";"2023-09-06 12:37:14";"208"
"ADAPT TV MAL/ FICHE RCA";"208026";NULL;NULL;"2023-09-06 12:37:14";"2023-09-06 12:37:14";"208"
"ADAPT USB FEM/USB FEM";"208072";NULL;NULL;"2023-09-06 12:37:15";"2023-09-06 12:37:15";"208"
"ADAPT USB M/ USB M";"208029";NULL;NULL;"2023-09-06 12:37:14";"2023-09-06 12:37:14";"208"
"ADAPT USB MAL/ USB FEM";"208028";NULL;NULL;"2023-09-06 12:37:14";"2023-09-06 12:37:14";"208"
"ADAT CARTE MERE TV LCD 42P";"208035";NULL;NULL;"2023-09-06 12:37:14";"2023-09-06 12:37:14";"208"
"ADATATEU BNC MAL/1RCA FEM";"208007";NULL;NULL;"2023-09-06 12:37:14";"2023-09-06 12:37:14";"208"
"AFFICHEUR 16X1 VERT";"209007";NULL;NULL;"2023-09-06 12:37:15";"2023-09-06 12:37:15";"209"
"AFFICHEUR 16X2 BLEU";"209008";NULL;NULL;"2023-09-06 12:37:15";"2023-09-06 12:37:15";"209"
"AFFICHEUR 6 SEGMENT 1 DIGIT";"209001";NULL;NULL;"2023-09-06 12:37:15";"2023-09-06 12:37:15";"209"
"AFFICHEUR 7 SEGMENT 1 DIGIT ANODE COMMUN";"209009";NULL;NULL;"2023-09-06 12:37:15";"2023-09-06 12:37:15";"209"
"AFFICHEUR 7 SEGMENT 1 DIGIT CATHODE COMMUN";"209013";NULL;NULL;"2023-09-06 12:37:15";"2023-09-06 12:37:15";"209"
"AFFICHEUR 7 SEGMENT 2 DIGIT GM";"209011";NULL;NULL;"2023-09-06 12:37:15";"2023-09-06 12:37:15";"209"
"AFFICHEUR 7 SEGMENT 2 DIGIT PM";"209012";NULL;NULL;"2023-09-06 12:37:15";"2023-09-06 12:37:15";"209"
"AFFICHEUR CLIMATISEUR";"215236";NULL;NULL;"2023-09-06 12:44:47";"2023-09-06 12:44:47";"215"
"AFFICHEUR DE REG DE TENSION";"215235";NULL;NULL;"2023-09-06 12:44:47";"2023-09-06 12:44:47";"215"
"AFFICHEUR LCD 16X1 JAUNE VERT";"209002";NULL;NULL;"2023-09-06 12:37:15";"2023-09-06 12:37:15";"209"
"AFFICHEUR LCD 16X2";"209003";NULL;NULL;"2023-09-06 12:37:15";"2023-09-06 12:37:15";"209"
"AFFICHEUR LCD 16X4 JAUNE / VERT";"209014";NULL;NULL;"2023-09-06 12:37:15";"2023-09-06 12:37:15";"209"
"AFFICHEUR LCD 8X2 BLO";"209004";NULL;NULL;"2023-09-06 12:37:15";"2023-09-06 12:37:15";"209"
"AFFICHEUR LCD COURANT 10A(AC)";"209005";NULL;NULL;"2023-09-06 12:37:15";"2023-09-06 12:37:15";"209"
"AFFICHEUR LCD/ LCM 0802A";"209015";NULL;NULL;"2023-09-06 12:37:15";"2023-09-06 12:37:15";"209"
"AFFICHEUR MATRICIEL 1388";"209010";NULL;NULL;"2023-09-06 12:37:15";"2023-09-06 12:37:15";"209"
"AFFICHEUR NUMERIQUE AC 3 DIGIT";"209017";NULL;NULL;"2023-09-06 12:37:15";"2023-09-06 12:37:15";"209"
"AFFICHEUR NUMERIQUE DC 3 DIGIT";"209016";NULL;NULL;"2023-09-06 12:37:15";"2023-09-06 12:37:15";"209"
"AFFICHEUR REG GM";"215237";NULL;NULL;"2023-09-06 12:44:47";"2023-09-06 12:44:47";"215"
"AFFICHEUR TEMPERATURE A SONDE";"209006";NULL;NULL;"2023-09-06 12:37:15";"2023-09-06 12:37:15";"209"
"ALIMT  DE LED CA- 1215";"210025";NULL;NULL;"2023-09-06 12:37:16";"2023-09-06 12:37:16";"210"
"ALIMT  STABILISE 12V 15A";"210026";NULL;NULL;"2023-09-06 12:37:16";"2023-09-06 12:37:16";"210"
"ALIMT  STABILISE 12V 20A";"210001";NULL;NULL;"2023-09-06 12:37:15";"2023-09-06 12:37:15";"210"
"ALIMT  STABILISE 12V 30A";"210002";NULL;NULL;"2023-09-06 12:37:15";"2023-09-06 12:37:15";"210"
"ALIMT  STABILISE 12V 40A";"210003";NULL;NULL;"2023-09-06 12:37:15";"2023-09-06 12:37:15";"210"
"ALIMT  STABILISE 12V 5A";"210004";NULL;NULL;"2023-09-06 12:37:15";"2023-09-06 12:37:15";"210"
"ALIMT  STABILISE 12V 5A 120W";"210036";NULL;NULL;"2023-09-06 12:37:16";"2023-09-06 12:37:16";"210"
"ALIMT  STABILISE 24V 20A METAL";"210024";NULL;NULL;"2023-09-06 12:37:16";"2023-09-06 12:37:16";"210"
"ALIMT  STABILISE 24V 30A METAL";"210035";NULL;NULL;"2023-09-06 12:37:16";"2023-09-06 12:37:16";"210"
"ALIMT DVB COURT BLEU PM 5V, 12V";"210030";NULL;NULL;"2023-09-06 12:37:16";"2023-09-06 12:37:16";"210"
"ALIMT DVB DECOD 008 VERT 3.3V, 5V, 12V, 24V";"210027";NULL;NULL;"2023-09-06 12:37:16";"2023-09-06 12:37:16";"210"
"ALIMT DVB DECOD 009 VERT 3.3V, 5V, 12V, 24V";"210028";NULL;NULL;"2023-09-06 12:37:16";"2023-09-06 12:37:16";"210"
"ALIMT DVB GM (STRONG)";"210005";NULL;NULL;"2023-09-06 12:37:15";"2023-09-06 12:37:15";"210"
"ALIMT DVB-7 DECOD SOUER 3.3V, 5V, 12V, 22V";"210029";NULL;NULL;"2023-09-06 12:37:16";"2023-09-06 12:37:16";"210"
"ALIMT DVB/DVD/ MIKKO +/-5V, +/-12V, +/-21V";"210032";NULL;NULL;"2023-09-06 12:37:16";"2023-09-06 12:37:16";"210"
"ALIMT DVD +2 SORTIES BAFFLES";"210007";NULL;NULL;"2023-09-06 12:37:15";"2023-09-06 12:37:15";"210"
"ALIMT DVD COURT BLEU PM 5V 12V";"210018";NULL;NULL;"2023-09-06 12:37:16";"2023-09-06 12:37:16";"210"
"ALIMT DVD COURT VERT PM -5V, -12V";"210031";NULL;NULL;"2023-09-06 12:37:16";"2023-09-06 12:37:16";"210"
"ALIMT DVD COURT VERT PM 5V 12V";"210020";NULL;NULL;"2023-09-06 12:37:16";"2023-09-06 12:37:16";"210"
"ALIMT DVD GM";"210006";NULL;NULL;"2023-09-06 12:37:15";"2023-09-06 12:37:15";"210"
"ALIMT DVD GM BLEU";"210033";NULL;NULL;"2023-09-06 12:37:16";"2023-09-06 12:37:16";"210"
"ALIMT DVD/DVB/MIKKO";"210017";NULL;NULL;"2023-09-06 12:37:16";"2023-09-06 12:37:16";"210"
"ALIMT LCD LCD 42P LG 40F22 OCAS";"210009";NULL;NULL;"2023-09-06 12:37:15";"2023-09-06 12:37:15";"210"
"ALIMT LCD LCD 42P OCAS 6871";"210010";NULL;NULL;"2023-09-06 12:37:15";"2023-09-06 12:37:15";"210"
"ALIMT MAGIC POWER";"210008";NULL;NULL;"2023-09-06 12:37:15";"2023-09-06 12:37:15";"210"
"ALIMT STABILISE 12V 10A";"210016";NULL;NULL;"2023-09-06 12:37:16";"2023-09-06 12:37:16";"210"
"ALIMT STABILISE 12V 3A";"210034";NULL;NULL;"2023-09-06 12:37:16";"2023-09-06 12:37:16";"210"
"ALIMT TV BLEU GM (25/29/33)P (190/135/25/12/5)V";"210011";NULL;NULL;"2023-09-06 12:37:15";"2023-09-06 12:37:15";"210"
"ALIMT TV SKY MEPL GM";"210012";NULL;NULL;"2023-09-06 12:37:15";"2023-09-06 12:37:15";"210"
"ALIMT TV SON-B21 PM ROUGE";"210013";NULL;NULL;"2023-09-06 12:37:15";"2023-09-06 12:37:15";"210"
"ALIMT UNIV DVD GM WEIER/ COULEUR VERT";"210019";NULL;NULL;"2023-09-06 12:37:16";"2023-09-06 12:37:16";"210"
"ALIMT UNIV LCD";"210014";NULL;NULL;"2023-09-06 12:37:16";"2023-09-06 12:37:16";"210"
"ALIMT UNIV LCD/LED 42-65P JVC";"210021";NULL;NULL;"2023-09-06 12:37:16";"2023-09-06 12:37:16";"210"
"ALIMT UNIV LCD/LED SUOER 32-37P";"210022";NULL;NULL;"2023-09-06 12:37:16";"2023-09-06 12:37:16";"210"
"ALIMT UNIV LCD/LED SUOER 32-42P";"210023";NULL;NULL;"2023-09-06 12:37:16";"2023-09-06 12:37:16";"210"
"ALIMT WOOFER 19V PM";"210015";NULL;NULL;"2023-09-06 12:37:16";"2023-09-06 12:37:16";"210"
"AMPLI DEMON + DVD DEMON";"603003";NULL;NULL;"2023-12-12 03:33:48";"2023-12-12 03:33:48";"603"
"AMPLIFICATEUR AUDIO AUTO DL290 12V-500W";"212002";NULL;NULL;"2023-09-06 12:37:17";"2023-09-06 12:37:17";"212"
"AMPLIFICATEUR AUTO 200W JS-4080";"212003";NULL;NULL;"2023-09-06 12:37:17";"2023-09-06 12:37:17";"212"
"AMPLIFICATEUR AUTO AK 699";"212005";NULL;NULL;"2023-09-06 12:37:17";"2023-09-06 12:37:17";"212"
"AMPLIFICATEUR AUTO DELORANT 500W";"212007";NULL;NULL;"2023-09-06 12:37:17";"2023-09-06 12:37:17";"212"
"AMPLIFICATEUR DEMON PLUS DVD DEMON";"603001";NULL;NULL;"2023-09-06 14:58:52";"2023-09-06 14:58:52";"603"
"AMPLIFICATEUR IMAGE 1E/2S";"212004";NULL;NULL;"2023-09-06 12:37:17";"2023-09-06 12:37:17";"212"
"AMPLIFICATEUR IMAGE 1E/3S";"212006";NULL;NULL;"2023-09-06 12:37:17";"2023-09-06 12:37:17";"212"
"AMPLIFICATEUR IMAGE CATV 1020 2 VOIES(1E/2S)";"212008";NULL;NULL;"2023-09-06 12:37:17";"2023-09-06 12:37:17";"212"
"AMPLIFICATEUR IMAGE CATV 1020 MK4 4 VOIES";"212009";NULL;NULL;"2023-09-06 12:37:17";"2023-09-06 12:37:17";"212"
"AMPLIFICATEUR IMAGE CATV 1020 MK6 3 VOIES";"212010";NULL;NULL;"2023-09-06 12:37:17";"2023-09-06 12:37:17";"212"
"AMPLIFICATEUR IMAGE CATV 1020 MK8 2 VOIES";"212011";NULL;NULL;"2023-09-06 12:37:17";"2023-09-06 12:37:17";"212"
"AMPLIFICATEUR IMAGE CATV 1020 MK8 8 VOIES";"212001";NULL;NULL;"2023-09-06 12:37:17";"2023-09-06 12:37:17";"212"
"AMPLIFICATEUR MNO A 1941";"212012";NULL;NULL;"2023-09-06 12:37:17";"2023-09-06 12:37:17";"212"
"AMPLIFICATEUR SONY";"603002";NULL;NULL;"2023-09-06 14:58:52";"2023-09-06 14:58:52";"603"
"AMPOULE 220V AMPLI";"211002";NULL;NULL;"2023-09-06 12:37:16";"2023-09-06 12:37:16";"211"
"AMPOULE 6V AMPLI";"211003";NULL;NULL;"2023-09-06 12:37:16";"2023-09-06 12:37:16";"211"
"AMPOULE 8V0.2A";"211007";NULL;NULL;"2023-09-06 12:37:16";"2023-09-06 12:37:16";"211"
"AMPOULE 9V AMPLI";"211004";NULL;NULL;"2023-09-06 12:37:16";"2023-09-06 12:37:16";"211"
"AMPOULE AMPLI 12V";"211001";NULL;NULL;"2023-09-06 12:37:16";"2023-09-06 12:37:16";"211"
"AMPOULE AMPLI 12V 1.2W";"211006";NULL;NULL;"2023-09-06 12:37:16";"2023-09-06 12:37:16";"211"
"AMPOULE AUTO 1.5V";"211008";NULL;NULL;"2023-09-06 12:37:16";"2023-09-06 12:37:16";"211"
"AMPOULE AUTO 10V 0.2A";"211009";NULL;NULL;"2023-09-06 12:37:16";"2023-09-06 12:37:16";"211"
"AMPOULE AUTO 10V 2W";"211010";NULL;NULL;"2023-09-06 12:37:16";"2023-09-06 12:37:16";"211"
"AMPOULE AUTO 12V 0.2W";"211011";NULL;NULL;"2023-09-06 12:37:16";"2023-09-06 12:37:16";"211"
"AMPOULE AUTO 12V 1.2W";"211012";NULL;NULL;"2023-09-06 12:37:16";"2023-09-06 12:37:16";"211"
"AMPOULE AUTO 12V 50MA";"211013";NULL;NULL;"2023-09-06 12:37:16";"2023-09-06 12:37:16";"211"
"AMPOULE AUTO 12V 5W";"211014";NULL;NULL;"2023-09-06 12:37:16";"2023-09-06 12:37:16";"211"
"AMPOULE AUTO 16V 0.5A";"211015";NULL;NULL;"2023-09-06 12:37:16";"2023-09-06 12:37:16";"211"
"AMPOULE AUTO 18V";"211016";NULL;NULL;"2023-09-06 12:37:16";"2023-09-06 12:37:16";"211"
"AMPOULE AUTO 2.2V";"211017";NULL;NULL;"2023-09-06 12:37:16";"2023-09-06 12:37:16";"211"
"AMPOULE AUTO 2.38V";"211018";NULL;NULL;"2023-09-06 12:37:16";"2023-09-06 12:37:16";"211"
"AMPOULE AUTO 2.4V";"211019";NULL;NULL;"2023-09-06 12:37:16";"2023-09-06 12:37:16";"211"
"AMPOULE AUTO 2.5V 0.2A";"211021";NULL;NULL;"2023-09-06 12:37:16";"2023-09-06 12:37:16";"211"
"AMPOULE AUTO 2.5V 0.3A";"211020";NULL;NULL;"2023-09-06 12:37:16";"2023-09-06 12:37:16";"211"
"AMPOULE AUTO 2.8V 2.4W";"211022";NULL;NULL;"2023-09-06 12:37:16";"2023-09-06 12:37:16";"211"
"AMPOULE AUTO 220V-260V 5.7W";"211023";NULL;NULL;"2023-09-06 12:37:16";"2023-09-06 12:37:16";"211"
"AMPOULE AUTO 24/23V";"211025";NULL;NULL;"2023-09-06 12:37:16";"2023-09-06 12:37:16";"211"
"AMPOULE AUTO 24V";"211024";NULL;NULL;"2023-09-06 12:37:16";"2023-09-06 12:37:16";"211"
"AMPOULE AUTO 24V 0.5A";"211026";NULL;NULL;"2023-09-06 12:37:16";"2023-09-06 12:37:16";"211"
"AMPOULE AUTO 24V 18W";"211027";NULL;NULL;"2023-09-06 12:37:16";"2023-09-06 12:37:16";"211"
"AMPOULE AUTO 24V 500MA";"211028";NULL;NULL;"2023-09-06 12:37:16";"2023-09-06 12:37:16";"211"
"AMPOULE AUTO 24V 5W GM";"211029";NULL;NULL;"2023-09-06 12:37:16";"2023-09-06 12:37:16";"211"
"AMPOULE AUTO 24V 5W MM";"211030";NULL;NULL;"2023-09-06 12:37:16";"2023-09-06 12:37:16";"211"
"AMPOULE AUTO 3.5V 0.2A";"211031";NULL;NULL;"2023-09-06 12:37:16";"2023-09-06 12:37:16";"211"
"AMPOULE AUTO 3.5V 11W";"211032";NULL;NULL;"2023-09-06 12:37:16";"2023-09-06 12:37:16";"211"
"AMPOULE AUTO 3.7V";"211033";NULL;NULL;"2023-09-06 12:37:16";"2023-09-06 12:37:16";"211"
"AMPOULE AUTO 3.8V 0.3A";"211034";NULL;NULL;"2023-09-06 12:37:16";"2023-09-06 12:37:16";"211"
"AMPOULE AUTO 36V 3W";"211035";NULL;NULL;"2023-09-06 12:37:16";"2023-09-06 12:37:16";"211"
"AMPOULE AUTO 4.5V 0.7A";"211036";NULL;NULL;"2023-09-06 12:37:16";"2023-09-06 12:37:16";"211"
"AMPOULE AUTO 48V";"211037";NULL;NULL;"2023-09-06 12:37:16";"2023-09-06 12:37:16";"211"
"AMPOULE AUTO 48V 500MA";"211038";NULL;NULL;"2023-09-06 12:37:16";"2023-09-06 12:37:16";"211"
"AMPOULE AUTO 4V 2W";"211039";NULL;NULL;"2023-09-06 12:37:16";"2023-09-06 12:37:16";"211"
"AMPOULE AUTO 5.2V 4W";"211040";NULL;NULL;"2023-09-06 12:37:16";"2023-09-06 12:37:16";"211"
"AMPOULE AUTO 60V 5W";"211041";NULL;NULL;"2023-09-06 12:37:16";"2023-09-06 12:37:16";"211"
"AMPOULE AUTO 6V";"211042";NULL;NULL;"2023-09-06 12:37:16";"2023-09-06 12:37:16";"211"
"AMPOULE AUTO 6V 50MA";"211043";NULL;NULL;"2023-09-06 12:37:17";"2023-09-06 12:37:17";"211"
"AMPOULE AUTO 7V";"211044";NULL;NULL;"2023-09-06 12:37:17";"2023-09-06 12:37:17";"211"
"AMPOULE AUTO 7V 0.1A";"211045";NULL;NULL;"2023-09-06 12:37:17";"2023-09-06 12:37:17";"211"
"AMPOULE AUTO GI86";"211046";NULL;NULL;"2023-09-06 12:37:17";"2023-09-06 12:37:17";"211"
"AMPOULE AXIALE 24V 40MA";"211048";NULL;NULL;"2023-09-06 12:37:17";"2023-09-06 12:37:17";"211"
"AMPOULE AXIALE 24V 50MA";"211047";NULL;NULL;"2023-09-06 12:37:17";"2023-09-06 12:37:17";"211"
"AMPOULE ECO 220V 85W";"211005";NULL;NULL;"2023-09-06 12:37:16";"2023-09-06 12:37:16";"211"
"AMPOULE EN JX LED";"211049";NULL;NULL;"2023-09-06 12:37:17";"2023-09-06 12:37:17";"211"
"AMPOULE SIGNAL 220V COULEUR VERT / ECR PLAST";"211050";NULL;NULL;"2023-09-06 12:37:17";"2023-09-06 12:37:17";"211"
"AN  7915 REG";"102082";NULL;NULL;"2023-09-06 12:37:18";"2023-09-06 12:37:18";"102"
"AN 17821 A";"102007";NULL;NULL;"2023-09-06 12:37:17";"2023-09-06 12:37:17";"102"
"AN 17823";"102008";NULL;NULL;"2023-09-06 12:37:17";"2023-09-06 12:37:17";"102"
"AN 17832";"102009";NULL;NULL;"2023-09-06 12:37:17";"2023-09-06 12:37:17";"102"
"AN 240";"102010";NULL;NULL;"2023-09-06 12:37:17";"2023-09-06 12:37:17";"102"
"AN 3231";"102011";NULL;NULL;"2023-09-06 12:37:17";"2023-09-06 12:37:17";"102"
"AN 3313";"102012";NULL;NULL;"2023-09-06 12:37:17";"2023-09-06 12:37:17";"102"
"AN 3331";"102013";NULL;NULL;"2023-09-06 12:37:17";"2023-09-06 12:37:17";"102"
"AN 340";"102014";NULL;NULL;"2023-09-06 12:37:17";"2023-09-06 12:37:17";"102"
"AN 508";"102015";NULL;NULL;"2023-09-06 12:37:17";"2023-09-06 12:37:17";"102"
"AN 5150";"102016";NULL;NULL;"2023-09-06 12:37:17";"2023-09-06 12:37:17";"102"
"AN 5195";"102017";NULL;NULL;"2023-09-06 12:37:17";"2023-09-06 12:37:17";"102"
"AN 5265";"102018";NULL;NULL;"2023-09-06 12:37:17";"2023-09-06 12:37:17";"102"
"AN 5274";"102019";NULL;NULL;"2023-09-06 12:37:17";"2023-09-06 12:37:17";"102"
"AN 5352";"102020";NULL;NULL;"2023-09-06 12:37:17";"2023-09-06 12:37:17";"102"
"AN 5408";"102021";NULL;NULL;"2023-09-06 12:37:17";"2023-09-06 12:37:17";"102"
"AN 5431";"102022";NULL;NULL;"2023-09-06 12:37:17";"2023-09-06 12:37:17";"102"
"AN 5512";"102023";NULL;NULL;"2023-09-06 12:37:17";"2023-09-06 12:37:17";"102"
"AN 5521";"102024";NULL;NULL;"2023-09-06 12:37:17";"2023-09-06 12:37:17";"102"
"AN 5522";"102025";NULL;NULL;"2023-09-06 12:37:17";"2023-09-06 12:37:17";"102"
"AN 5529";"102026";NULL;NULL;"2023-09-06 12:37:17";"2023-09-06 12:37:17";"102"
"AN 5534";"102027";NULL;NULL;"2023-09-06 12:37:17";"2023-09-06 12:37:17";"102"
"AN 5539";"102028";NULL;NULL;"2023-09-06 12:37:17";"2023-09-06 12:37:17";"102"
"AN 5601";"102029";NULL;NULL;"2023-09-06 12:37:17";"2023-09-06 12:37:17";"102"
"AN 5635";"102030";NULL;NULL;"2023-09-06 12:37:17";"2023-09-06 12:37:17";"102"
"AN 5836";"102031";NULL;NULL;"2023-09-06 12:37:17";"2023-09-06 12:37:17";"102"
"AN 5862";"102032";NULL;NULL;"2023-09-06 12:37:17";"2023-09-06 12:37:17";"102"
"AN 5900";"102033";NULL;NULL;"2023-09-06 12:37:17";"2023-09-06 12:37:17";"102"
"AN 6310";"102034";NULL;NULL;"2023-09-06 12:37:17";"2023-09-06 12:37:17";"102"
"AN 6326";"102035";NULL;NULL;"2023-09-06 12:37:17";"2023-09-06 12:37:17";"102"
"AN 6344";"102036";NULL;NULL;"2023-09-06 12:37:17";"2023-09-06 12:37:17";"102"
"AN 6350";"102037";NULL;NULL;"2023-09-06 12:37:17";"2023-09-06 12:37:17";"102"
"AN 6554";"102038";NULL;NULL;"2023-09-06 12:37:17";"2023-09-06 12:37:17";"102"
"AN 6650";"102039";NULL;NULL;"2023-09-06 12:37:17";"2023-09-06 12:37:17";"102"
"AN 6651";"102040";NULL;NULL;"2023-09-06 12:37:18";"2023-09-06 12:37:18";"102"
"AN 6676";"102041";NULL;NULL;"2023-09-06 12:37:18";"2023-09-06 12:37:18";"102"
"AN 6677";"102042";NULL;NULL;"2023-09-06 12:37:18";"2023-09-06 12:37:18";"102"
"AN 6884";"102043";NULL;NULL;"2023-09-06 12:37:18";"2023-09-06 12:37:18";"102"
"AN 6987";"102044";NULL;NULL;"2023-09-06 12:37:18";"2023-09-06 12:37:18";"102"
"AN 7060";"102045";NULL;NULL;"2023-09-06 12:37:18";"2023-09-06 12:37:18";"102"
"AN 7110";"102046";NULL;NULL;"2023-09-06 12:37:18";"2023-09-06 12:37:18";"102"
"AN 7112";"102047";NULL;NULL;"2023-09-06 12:37:18";"2023-09-06 12:37:18";"102"
"AN 7116";"102048";NULL;NULL;"2023-09-06 12:37:18";"2023-09-06 12:37:18";"102"
"AN 7130";"102049";NULL;NULL;"2023-09-06 12:37:18";"2023-09-06 12:37:18";"102"
"AN 7131";"102050";NULL;NULL;"2023-09-06 12:37:18";"2023-09-06 12:37:18";"102"
"AN 7134";"102051";NULL;NULL;"2023-09-06 12:37:18";"2023-09-06 12:37:18";"102"
"AN 7135";"102052";NULL;NULL;"2023-09-06 12:37:18";"2023-09-06 12:37:18";"102"
"AN 7145";"102053";NULL;NULL;"2023-09-06 12:37:18";"2023-09-06 12:37:18";"102"
"AN 7147";"102054";NULL;NULL;"2023-09-06 12:37:18";"2023-09-06 12:37:18";"102"
"AN 7148";"102055";NULL;NULL;"2023-09-06 12:37:18";"2023-09-06 12:37:18";"102"
"AN 7149";"102100";NULL;NULL;"2023-09-06 12:37:20";"2023-09-06 12:37:20";"102"
"AN 7156";"102056";NULL;NULL;"2023-09-06 12:37:18";"2023-09-06 12:37:18";"102"
"AN 7158";"102057";NULL;NULL;"2023-09-06 12:37:18";"2023-09-06 12:37:18";"102"
"AN 7161";"102058";NULL;NULL;"2023-09-06 12:37:18";"2023-09-06 12:37:18";"102"
"AN 7163";"102059";NULL;NULL;"2023-09-06 12:37:18";"2023-09-06 12:37:18";"102"
"AN 7164";"102060";NULL;NULL;"2023-09-06 12:37:18";"2023-09-06 12:37:18";"102"
"AN 7166";"102061";NULL;NULL;"2023-09-06 12:37:18";"2023-09-06 12:37:18";"102"
"AN 7168";"102062";NULL;NULL;"2023-09-06 12:37:18";"2023-09-06 12:37:18";"102"
"AN 7169";"102063";NULL;NULL;"2023-09-06 12:37:18";"2023-09-06 12:37:18";"102"
"AN 7171";"102064";NULL;NULL;"2023-09-06 12:37:18";"2023-09-06 12:37:18";"102"
"AN 7173";"102069";NULL;NULL;"2023-09-06 12:37:18";"2023-09-06 12:37:18";"102"
"AN 7174";"102065";NULL;NULL;"2023-09-06 12:37:18";"2023-09-06 12:37:18";"102"
"AN 7176";"102066";NULL;NULL;"2023-09-06 12:37:18";"2023-09-06 12:37:18";"102"
"AN 7177";"102067";NULL;NULL;"2023-09-06 12:37:18";"2023-09-06 12:37:18";"102"
"AN 7178";"102068";NULL;NULL;"2023-09-06 12:37:18";"2023-09-06 12:37:18";"102"
"AN 7223";"102070";NULL;NULL;"2023-09-06 12:37:18";"2023-09-06 12:37:18";"102"
"AN 7224";"102071";NULL;NULL;"2023-09-06 12:37:18";"2023-09-06 12:37:18";"102"
"AN 7312";"102072";NULL;NULL;"2023-09-06 12:37:18";"2023-09-06 12:37:18";"102"
"AN 7316";"102073";NULL;NULL;"2023-09-06 12:37:18";"2023-09-06 12:37:18";"102"
"AN 7345";"102074";NULL;NULL;"2023-09-06 12:37:18";"2023-09-06 12:37:18";"102"
"AN 7410";"102075";NULL;NULL;"2023-09-06 12:37:18";"2023-09-06 12:37:18";"102"
"AN 7411";"102076";NULL;NULL;"2023-09-06 12:37:18";"2023-09-06 12:37:18";"102"
"AN 7470";"102077";NULL;NULL;"2023-09-06 12:37:18";"2023-09-06 12:37:18";"102"
"AN 7522";"102078";NULL;NULL;"2023-09-06 12:37:18";"2023-09-06 12:37:18";"102"
"AN 7523";"102079";NULL;NULL;"2023-09-06 12:37:18";"2023-09-06 12:37:18";"102"
"AN 7591";"102080";NULL;NULL;"2023-09-06 12:37:18";"2023-09-06 12:37:18";"102"
"AN 7912 REG";"102081";NULL;NULL;"2023-09-06 12:37:18";"2023-09-06 12:37:18";"102"
"AN 8027";"102083";NULL;NULL;"2023-09-06 12:37:18";"2023-09-06 12:37:18";"102"
"AN 8053";"102084";NULL;NULL;"2023-09-06 12:37:18";"2023-09-06 12:37:18";"102"
"AN 8072";"102085";NULL;NULL;"2023-09-06 12:37:18";"2023-09-06 12:37:18";"102"
"AN 8115";"102101";NULL;NULL;"2023-09-06 12:37:20";"2023-09-06 12:37:20";"102"
"AN 8377";"102086";NULL;NULL;"2023-09-06 12:37:18";"2023-09-06 12:37:18";"102"
"AN 8873";"102102";NULL;NULL;"2023-09-06 12:37:20";"2023-09-06 12:37:20";"102"
"AN 9227";"102103";NULL;NULL;"2023-09-06 12:37:20";"2023-09-06 12:37:20";"102"
"ANTENE TV";"501097";NULL;NULL;"2023-09-06 14:58:55";"2023-09-06 14:58:55";"501"
"ANTENNE 3733";"213008";NULL;NULL;"2023-09-06 12:37:17";"2023-09-06 12:37:17";"213"
"ANTENNE AUTOMOBILE";"213001";NULL;NULL;"2023-09-06 12:37:17";"2023-09-06 12:37:17";"213"
"ANTENNE EXTERIEUR 8A-001TGG";"213002";NULL;NULL;"2023-09-06 12:37:17";"2023-09-06 12:37:17";"213"
"ANTENNE EXTERIEUR SMA 1818B";"213003";NULL;NULL;"2023-09-06 12:37:17";"2023-09-06 12:37:17";"213"
"ANTENNE PARABOLIQUE 65CM";"213011";NULL;NULL;"2023-09-06 12:37:17";"2023-09-06 12:37:17";"213"
"ANTENNE RADIO";"213004";NULL;NULL;"2023-09-06 12:37:17";"2023-09-06 12:37:17";"213"
"ANTENNE RADIO 14CM/37CM";"213009";NULL;NULL;"2023-09-06 12:37:17";"2023-09-06 12:37:17";"213"
"ANTENNE RADIO 15CM/53CM";"213010";NULL;NULL;"2023-09-06 12:37:17";"2023-09-06 12:37:17";"213"
"ANTENNE RADIO 18.5CM/65CM PLAT";"213012";NULL;NULL;"2023-09-06 12:37:17";"2023-09-06 12:37:17";"213"
"ANTENNE RADIO 21CM/67CM";"213013";NULL;NULL;"2023-09-06 12:37:17";"2023-09-06 12:37:17";"213"
"ANTENNE RADIO 95CM";"213014";NULL;NULL;"2023-09-06 12:37:17";"2023-09-06 12:37:17";"213"
"ANTENNE TV SOCLE GM MF-514-6";"213005";NULL;NULL;"2023-09-06 12:37:17";"2023-09-06 12:37:17";"213"
"ANTENNE TV SOCLE PM";"213006";NULL;NULL;"2023-09-06 12:37:17";"2023-09-06 12:37:17";"213"
"ANTENNE WIFI";"213007";NULL;NULL;"2023-09-06 12:37:17";"2023-09-06 12:37:17";"213"
"ANTI TRANSPIRANT CIEN";"501027";NULL;NULL;"2023-09-06 14:58:54";"2023-09-06 14:58:54";"501"
"ARDUINO MEGA 2560";"301001";NULL;NULL;"2023-09-06 12:37:18";"2023-09-06 12:37:18";"301"
"ARDUINO NANO AVEC CORDON USB";"301003";NULL;NULL;"2023-09-06 12:37:18";"2023-09-06 12:37:18";"301"
"ARDUINO UNO";"301002";NULL;NULL;"2023-09-06 12:37:18";"2023-09-06 12:37:18";"301"
"AS 15";"103025";NULL;NULL;"2023-09-06 12:37:18";"2023-09-06 12:37:18";"103"
"AS 19";"103026";NULL;NULL;"2023-09-06 12:37:18";"2023-09-06 12:37:18";"103"
"ASIETTE EN VERRE";"501193";NULL;NULL;"2023-09-06 14:59:03";"2023-09-06 14:59:03";"501"
"ASSSIETE INOX";"501017";NULL;NULL;"2023-09-06 14:58:53";"2023-09-06 14:58:53";"501"
"ATMEGA 328";"103027";NULL;NULL;"2023-09-06 12:37:18";"2023-09-06 12:37:18";"103"
"ATMEGA 32A";"103028";NULL;NULL;"2023-09-06 12:37:18";"2023-09-06 12:37:18";"103"
"ATTACHE CABLE 10MM";"401001";NULL;NULL;"2023-09-06 12:37:18";"2023-09-06 12:37:18";"401"
"ATTACHE CABLE 8MM";"401002";NULL;NULL;"2023-09-06 12:37:19";"2023-09-06 12:37:19";"401"
"ATTACHE EN BOITE GRIS 06MM";"215292";NULL;NULL;"2023-09-06 12:44:48";"2023-09-06 12:44:48";"215"
"ATTACHE EN BOITE GRIS 10MM";"215291";NULL;NULL;"2023-09-06 12:44:48";"2023-09-06 12:44:48";"215"
"ATTACHE EN BOITE GRIS 12MM";"215290";NULL;NULL;"2023-09-06 12:44:48";"2023-09-06 12:44:48";"215"
"ATTACHE EN SACHET 05MM";"215286";NULL;NULL;"2023-09-06 12:44:48";"2023-09-06 12:44:48";"215"
"ATTACHE EN SACHET 07MM";"215287";NULL;NULL;"2023-09-06 12:44:48";"2023-09-06 12:44:48";"215"
"ATTACHE EN SACHET 08MM";"215285";NULL;NULL;"2023-09-06 12:44:48";"2023-09-06 12:44:48";"215"
"ATTACHE EN SACHET 10MM";"215288";NULL;NULL;"2023-09-06 12:44:48";"2023-09-06 12:44:48";"215"
"ATTACHE EN SACHET 12MM";"215289";NULL;NULL;"2023-09-06 12:44:48";"2023-09-06 12:44:48";"215"
"B 1010";"103284";NULL;NULL;"2023-09-06 12:43:18";"2023-09-06 12:43:18";"103"
"B 1016";"103285";NULL;NULL;"2023-09-06 12:43:18";"2023-09-06 12:43:18";"103"
"B 1106";"103286";NULL;NULL;"2023-09-06 12:43:18";"2023-09-06 12:43:18";"103"
"B 1166";"103287";NULL;NULL;"2023-09-06 12:43:18";"2023-09-06 12:43:18";"103"
"B 1185";"103288";NULL;NULL;"2023-09-06 12:43:18";"2023-09-06 12:43:18";"103"
"B 1186";"103289";NULL;NULL;"2023-09-06 12:43:18";"2023-09-06 12:43:18";"103"
"B 1187";"103290";NULL;NULL;"2023-09-06 12:43:18";"2023-09-06 12:43:18";"103"
"B 1240";"103291";NULL;NULL;"2023-09-06 12:43:18";"2023-09-06 12:43:18";"103"
"B 1273";"103292";NULL;NULL;"2023-09-06 12:43:18";"2023-09-06 12:43:18";"103"
"B 1320";"103293";NULL;NULL;"2023-09-06 12:43:18";"2023-09-06 12:43:18";"103"
"B 1366";"103294";NULL;NULL;"2023-09-06 12:43:18";"2023-09-06 12:43:18";"103"
"B 1370";"103295";NULL;NULL;"2023-09-06 12:43:18";"2023-09-06 12:43:18";"103"
"B 1372";"103296";NULL;NULL;"2023-09-06 12:43:18";"2023-09-06 12:43:18";"103"
"B 1375";"103297";NULL;NULL;"2023-09-06 12:43:19";"2023-09-06 12:43:19";"103"
"B 1624 (D 2493)";"101097";NULL;NULL;"2023-09-06 12:43:19";"2023-09-06 12:43:19";"101"
"B 1640";"103298";NULL;NULL;"2023-09-06 12:43:19";"2023-09-06 12:43:19";"103"
"B 324";"103300";NULL;NULL;"2023-09-06 12:43:19";"2023-09-06 12:43:19";"103"
"B 333";"103301";NULL;NULL;"2023-09-06 12:43:19";"2023-09-06 12:43:19";"103"
"B 337";"103302";NULL;NULL;"2023-09-06 12:43:19";"2023-09-06 12:43:19";"103"
"B 392";"103303";NULL;NULL;"2023-09-06 12:43:19";"2023-09-06 12:43:19";"103"
"B 426";"103304";NULL;NULL;"2023-09-06 12:43:19";"2023-09-06 12:43:19";"103"
"B 428";"103305";NULL;NULL;"2023-09-06 12:43:19";"2023-09-06 12:43:19";"103"
"B 507";"103306";NULL;NULL;"2023-09-06 12:43:19";"2023-09-06 12:43:19";"103"
"B 508";"103307";NULL;NULL;"2023-09-06 12:43:19";"2023-09-06 12:43:19";"103"
"B 511";"103308";NULL;NULL;"2023-09-06 12:43:19";"2023-09-06 12:43:19";"103"
"B 514";"103309";NULL;NULL;"2023-09-06 12:43:19";"2023-09-06 12:43:19";"103"
"B 525";"103310";NULL;NULL;"2023-09-06 12:43:19";"2023-09-06 12:43:19";"103"
"B 528";"103311";NULL;NULL;"2023-09-06 12:43:19";"2023-09-06 12:43:19";"103"
"B 532";"103312";NULL;NULL;"2023-09-06 12:43:19";"2023-09-06 12:43:19";"103"
"B 539";"103313";NULL;NULL;"2023-09-06 12:43:19";"2023-09-06 12:43:19";"103"
"B 541";"103314";NULL;NULL;"2023-09-06 12:43:19";"2023-09-06 12:43:19";"103"
"B 544";"103315";NULL;NULL;"2023-09-06 12:43:19";"2023-09-06 12:43:19";"103"
"B 545";"103316";NULL;NULL;"2023-09-06 12:43:19";"2023-09-06 12:43:19";"103"
"B 546";"103317";NULL;NULL;"2023-09-06 12:43:19";"2023-09-06 12:43:19";"103"
"B 547";"103318";NULL;NULL;"2023-09-06 12:43:19";"2023-09-06 12:43:19";"103"
"B 548";"103319";NULL;NULL;"2023-09-06 12:43:19";"2023-09-06 12:43:19";"103"
"B 549";"103320";NULL;NULL;"2023-09-06 12:43:19";"2023-09-06 12:43:19";"103"
"B 550";"103321";NULL;NULL;"2023-09-06 12:43:19";"2023-09-06 12:43:19";"103"
"B 556";"103322";NULL;NULL;"2023-09-06 12:43:19";"2023-09-06 12:43:19";"103"
"B 556 TO-3";"1031077";NULL;NULL;"2023-12-12 03:21:11";"2023-12-12 03:21:11";"103"
"B 557";"103323";NULL;NULL;"2023-09-06 12:43:19";"2023-09-06 12:43:19";"103"
"B 557 TO-3";"1031078";NULL;NULL;"2023-12-12 03:21:11";"2023-12-12 03:21:11";"103"
"B 558";"103324";NULL;NULL;"2023-09-06 12:43:19";"2023-09-06 12:43:19";"103"
"B 558 TO-3";"1031079";NULL;NULL;"2023-12-12 03:21:11";"2023-12-12 03:21:11";"103"
"B 560";"103325";NULL;NULL;"2023-09-06 12:43:19";"2023-09-06 12:43:19";"103"
"B 561";"103326";NULL;NULL;"2023-09-06 12:43:19";"2023-09-06 12:43:19";"103"
"B 562";"103327";NULL;NULL;"2023-09-06 12:43:19";"2023-09-06 12:43:19";"103"
"B 564";"103328";NULL;NULL;"2023-09-06 12:43:19";"2023-09-06 12:43:19";"103"
"B 595";"103329";NULL;NULL;"2023-09-06 12:43:19";"2023-09-06 12:43:19";"103"
"B 596";"103330";NULL;NULL;"2023-09-06 12:43:19";"2023-09-06 12:43:19";"103"
"B 609";"103331";NULL;NULL;"2023-09-06 12:43:19";"2023-09-06 12:43:19";"103"
"B 621";"103332";NULL;NULL;"2023-09-06 12:43:19";"2023-09-06 12:43:19";"103"
"B 631";"103333";NULL;NULL;"2023-09-06 12:43:19";"2023-09-06 12:43:19";"103"
"B 632";"103334";NULL;NULL;"2023-09-06 12:43:19";"2023-09-06 12:43:19";"103"
"B 633";"103335";NULL;NULL;"2023-09-06 12:43:19";"2023-09-06 12:43:19";"103"
"B 634";"103336";NULL;NULL;"2023-09-06 12:43:19";"2023-09-06 12:43:19";"103"
"B 643";"103337";NULL;NULL;"2023-09-06 12:43:19";"2023-09-06 12:43:19";"103"
"B 644";"103338";NULL;NULL;"2023-09-06 12:43:19";"2023-09-06 12:43:19";"103"
"B 647";"103339";NULL;NULL;"2023-09-06 12:43:19";"2023-09-06 12:43:19";"103"
"B 649";"103340";NULL;NULL;"2023-09-06 12:43:19";"2023-09-06 12:43:19";"103"
"B 667";"103341";NULL;NULL;"2023-09-06 12:43:19";"2023-09-06 12:43:19";"103"
"B 669";"103342";NULL;NULL;"2023-09-06 12:43:19";"2023-09-06 12:43:19";"103"
"B 673";"103343";NULL;NULL;"2023-09-06 12:43:19";"2023-09-06 12:43:19";"103"
"B 678";"103344";NULL;NULL;"2023-09-06 12:43:19";"2023-09-06 12:43:19";"103"
"B 686 OCAS";"103345";NULL;NULL;"2023-09-06 12:43:19";"2023-09-06 12:43:19";"103"
"B 686 ORD";"103346";NULL;NULL;"2023-09-06 12:43:19";"2023-09-06 12:43:19";"103"
"B 688 OCAS";"103347";NULL;NULL;"2023-09-06 12:43:19";"2023-09-06 12:43:19";"103"
"B 688 ORD";"103348";NULL;NULL;"2023-09-06 12:43:19";"2023-09-06 12:43:19";"103"
"B 698";"103349";NULL;NULL;"2023-09-06 12:43:19";"2023-09-06 12:43:19";"103"
"B 707";"103350";NULL;NULL;"2023-09-06 12:43:19";"2023-09-06 12:43:19";"103"
"B 716";"103351";NULL;NULL;"2023-09-06 12:43:19";"2023-09-06 12:43:19";"103"
"B 733";"103352";NULL;NULL;"2023-09-06 12:43:19";"2023-09-06 12:43:19";"103"
"B 739";"103353";NULL;NULL;"2023-09-06 12:43:19";"2023-09-06 12:43:19";"103"
"B 744";"103354";NULL;NULL;"2023-09-06 12:43:19";"2023-09-06 12:43:19";"103"
"B 764";"103355";NULL;NULL;"2023-09-06 12:43:19";"2023-09-06 12:43:19";"103"
"B 772";"103356";NULL;NULL;"2023-09-06 12:43:19";"2023-09-06 12:43:19";"103"
"B 774";"103357";NULL;NULL;"2023-09-06 12:43:20";"2023-09-06 12:43:20";"103"
"B 816 ORD";"103358";NULL;NULL;"2023-09-06 12:43:20";"2023-09-06 12:43:20";"103"
"B 816 ORG";"103359";NULL;NULL;"2023-09-06 12:43:20";"2023-09-06 12:43:20";"103"
"B 817 OCAS";"103360";NULL;NULL;"2023-09-06 12:43:20";"2023-09-06 12:43:20";"103"
"B 817 ORG";"103361";NULL;NULL;"2023-09-06 12:43:20";"2023-09-06 12:43:20";"103"
"B 823";"103362";NULL;NULL;"2023-09-06 12:43:20";"2023-09-06 12:43:20";"103"
"B 824";"103363";NULL;NULL;"2023-09-06 12:43:20";"2023-09-06 12:43:20";"103"
"B 825";"103364";NULL;NULL;"2023-09-06 12:43:20";"2023-09-06 12:43:20";"103"
"B 834";"103365";NULL;NULL;"2023-09-06 12:43:20";"2023-09-06 12:43:20";"103"
"B 857";"103366";NULL;NULL;"2023-09-06 12:43:20";"2023-09-06 12:43:20";"103"
"B 861";"103367";NULL;NULL;"2023-09-06 12:43:20";"2023-09-06 12:43:20";"103"
"B 872";"103368";NULL;NULL;"2023-09-06 12:43:20";"2023-09-06 12:43:20";"103"
"B 882";"103369";NULL;NULL;"2023-09-06 12:43:20";"2023-09-06 12:43:20";"103"
"B 895";"103370";NULL;NULL;"2023-09-06 12:43:20";"2023-09-06 12:43:20";"103"
"B 941 ISOLE";"103371";NULL;NULL;"2023-09-06 12:43:20";"2023-09-06 12:43:20";"103"
"B 985";"103372";NULL;NULL;"2023-09-06 12:43:20";"2023-09-06 12:43:20";"103"
"B05";"707010";NULL;NULL;"2023-09-06 14:58:58";"2023-09-06 14:58:58";"707"
"BA 1032";"102104";NULL;NULL;"2023-09-06 12:37:21";"2023-09-06 12:37:21";"102"
"BA 10324";"102105";NULL;NULL;"2023-09-06 12:37:21";"2023-09-06 12:37:21";"102"
"BA 10358";"102106";NULL;NULL;"2023-09-06 12:37:21";"2023-09-06 12:37:21";"102"
"BA 10393";"102107";NULL;NULL;"2023-09-06 12:37:21";"2023-09-06 12:37:21";"102"
"BA 15218";"102108";NULL;NULL;"2023-09-06 12:37:21";"2023-09-06 12:37:21";"102"
"BA 328";"102109";NULL;NULL;"2023-09-06 12:37:21";"2023-09-06 12:37:21";"102"
"BA 3308";"102110";NULL;NULL;"2023-09-06 12:37:21";"2023-09-06 12:37:21";"102"
"BA 3310";"102111";NULL;NULL;"2023-09-06 12:37:21";"2023-09-06 12:37:21";"102"
"BA 3416";"102112";NULL;NULL;"2023-09-06 12:37:21";"2023-09-06 12:37:21";"102"
"BA 3812";"102156";NULL;NULL;"2023-09-06 12:43:19";"2023-09-06 12:43:19";"102"
"BA 3823";"102157";NULL;NULL;"2023-09-06 12:43:19";"2023-09-06 12:43:19";"102"
"BA 3906";"102113";NULL;NULL;"2023-09-06 12:37:21";"2023-09-06 12:37:21";"102"
"BA 3920";"102114";NULL;NULL;"2023-09-06 12:37:21";"2023-09-06 12:37:21";"102"
"BA 3922";"102115";NULL;NULL;"2023-09-06 12:37:21";"2023-09-06 12:37:21";"102"
"BA 3932";"102116";NULL;NULL;"2023-09-06 12:37:21";"2023-09-06 12:37:21";"102"
"BA 3933";"102117";NULL;NULL;"2023-09-06 12:37:21";"2023-09-06 12:37:21";"102"
"BA 3960";"102118";NULL;NULL;"2023-09-06 12:37:21";"2023-09-06 12:37:21";"102"
"BA 4234";"102119";NULL;NULL;"2023-09-06 12:37:21";"2023-09-06 12:37:21";"102"
"BA 4558";"102120";NULL;NULL;"2023-09-06 12:37:21";"2023-09-06 12:37:21";"102"
"BA 511";"102121";NULL;NULL;"2023-09-06 12:37:21";"2023-09-06 12:37:21";"102"
"BA 524";"102122";NULL;NULL;"2023-09-06 12:37:21";"2023-09-06 12:37:21";"102"
"BA 532";"102123";NULL;NULL;"2023-09-06 12:37:21";"2023-09-06 12:37:21";"102"
"BA 534";"102124";NULL;NULL;"2023-09-06 12:37:21";"2023-09-06 12:37:21";"102"
"BA 5406";"102125";NULL;NULL;"2023-09-06 12:37:21";"2023-09-06 12:37:21";"102"
"BA 541";"102126";NULL;NULL;"2023-09-06 12:37:21";"2023-09-06 12:37:21";"102"
"BA 5410";"102127";NULL;NULL;"2023-09-06 12:37:21";"2023-09-06 12:37:21";"102"
"BA 5412";"102128";NULL;NULL;"2023-09-06 12:37:21";"2023-09-06 12:37:21";"102"
"BA 5413";"102129";NULL;NULL;"2023-09-06 12:37:21";"2023-09-06 12:37:21";"102"
"BA 5415";"102130";NULL;NULL;"2023-09-06 12:37:21";"2023-09-06 12:37:21";"102"
"BA 5416";"102131";NULL;NULL;"2023-09-06 12:37:21";"2023-09-06 12:37:21";"102"
"BA 5417";"102158";NULL;NULL;"2023-09-06 12:43:39";"2023-09-06 12:43:39";"102"
"BA 5417 OCAS";"102132";NULL;NULL;"2023-09-06 12:37:21";"2023-09-06 12:37:21";"102"
"BA 6124";"102133";NULL;NULL;"2023-09-06 12:37:21";"2023-09-06 12:37:21";"102"
"BA 6208";"102134";NULL;NULL;"2023-09-06 12:37:21";"2023-09-06 12:37:21";"102"
"BA 6218";"102135";NULL;NULL;"2023-09-06 12:37:21";"2023-09-06 12:37:21";"102"
"BA 6219";"102136";NULL;NULL;"2023-09-06 12:37:21";"2023-09-06 12:37:21";"102"
"BA 6222";"102137";NULL;NULL;"2023-09-06 12:37:21";"2023-09-06 12:37:21";"102"
"BA 6229";"102138";NULL;NULL;"2023-09-06 12:37:21";"2023-09-06 12:37:21";"102"
"BA 6238";"102139";NULL;NULL;"2023-09-06 12:37:21";"2023-09-06 12:37:21";"102"
"BA 6294";"102140";NULL;NULL;"2023-09-06 12:37:21";"2023-09-06 12:37:21";"102"
"BA 6305";"102141";NULL;NULL;"2023-09-06 12:37:21";"2023-09-06 12:37:21";"102"
"BA 6398";"102142";NULL;NULL;"2023-09-06 12:37:21";"2023-09-06 12:37:21";"102"
"BA 6411";"102143";NULL;NULL;"2023-09-06 12:37:21";"2023-09-06 12:37:21";"102"
"BA 6424";"102144";NULL;NULL;"2023-09-06 12:37:21";"2023-09-06 12:37:21";"102"
"BA 6432";"102145";NULL;NULL;"2023-09-06 12:37:21";"2023-09-06 12:37:21";"102"
"BA 6432 S";"102146";NULL;NULL;"2023-09-06 12:37:21";"2023-09-06 12:37:21";"102"
"BA 6435";"102147";NULL;NULL;"2023-09-06 12:37:21";"2023-09-06 12:37:21";"102"
"BA 6439";"102148";NULL;NULL;"2023-09-06 12:37:21";"2023-09-06 12:37:21";"102"
"BA 6887";"102149";NULL;NULL;"2023-09-06 12:37:21";"2023-09-06 12:37:21";"102"
"BA 6978";"102150";NULL;NULL;"2023-09-06 12:37:21";"2023-09-06 12:37:21";"102"
"BA 6993";"102151";NULL;NULL;"2023-09-06 12:37:21";"2023-09-06 12:37:21";"102"
"BA 718";"102152";NULL;NULL;"2023-09-06 12:37:21";"2023-09-06 12:37:21";"102"
"BA 7252";"102153";NULL;NULL;"2023-09-06 12:37:21";"2023-09-06 12:37:21";"102"
"BA 7357";"102154";NULL;NULL;"2023-09-06 12:37:21";"2023-09-06 12:37:21";"102"
"BA 7795";"102155";NULL;NULL;"2023-09-06 12:37:21";"2023-09-06 12:37:21";"102"
"BABYLISS";"501005";NULL;NULL;"2023-09-06 14:58:51";"2023-09-06 14:58:51";"501"
"BAC A CHAMPOIN";"501025";NULL;NULL;"2023-09-06 14:58:53";"2023-09-06 14:58:53";"501"
"BAFFLE BLEU";"602023";NULL;NULL;"2023-09-06 14:58:52";"2023-09-06 14:58:52";"602"
"BAFFLE UBL EN PAIRE";"602022";NULL;NULL;"2023-09-06 14:58:52";"2023-09-06 14:58:52";"602"
"BAFLE BLUETHOOT MINI";"242062";NULL;NULL;"2023-09-06 12:43:50";"2023-09-06 12:43:50";"242"
"BAGUE OX BOUT FENDU COURT TETE PM";"214006";NULL;NULL;"2023-09-06 12:37:20";"2023-09-06 12:37:20";"214"
"BAGUE OX BOUT FENDU GM";"214005";NULL;NULL;"2023-09-06 12:37:20";"2023-09-06 12:37:20";"214"
"BAGUE VENTILO  ROND PM";"214007";NULL;NULL;"2023-09-06 12:37:20";"2023-09-06 12:37:20";"214"
"BAGUE VENTILO AKIYAMA";"214010";NULL;NULL;"2023-09-06 12:37:20";"2023-09-06 12:37:20";"214"
"BAGUE VENTILO BOUT FENDU PM";"214011";NULL;NULL;"2023-09-06 12:37:20";"2023-09-06 12:37:20";"214"
"BAGUE VENTILO CANARIS PM";"214013";NULL;NULL;"2023-09-06 12:37:20";"2023-09-06 12:37:20";"214"
"BAGUE VENTILO EVERAL GM";"214008";NULL;NULL;"2023-09-06 12:37:20";"2023-09-06 12:37:20";"214"
"BAGUE VENTILO EVERAL PM";"214009";NULL;NULL;"2023-09-06 12:37:20";"2023-09-06 12:37:20";"214"
"BAGUE VENTILO FENDU GM";"214004";NULL;NULL;"2023-09-06 12:37:20";"2023-09-06 12:37:20";"214"
"BAGUE VENTILO ORBIT";"214001";NULL;NULL;"2023-09-06 12:37:20";"2023-09-06 12:37:20";"214"
"BAGUE VENTILO OX PM";"214014";NULL;NULL;"2023-09-06 12:37:20";"2023-09-06 12:37:20";"214"
"BAGUE VENTILO ROND 4 COTE FENDU";"214002";NULL;NULL;"2023-09-06 12:37:20";"2023-09-06 12:37:20";"214"
"BAGUE VENTILO ROND CANARIS GM";"214012";NULL;NULL;"2023-09-06 12:37:20";"2023-09-06 12:37:20";"214"
"BAGUE VENTILO ROND GM";"214003";NULL;NULL;"2023-09-06 12:37:20";"2023-09-06 12:37:20";"214"
"BAIN DE BOUCHE DENTILUX";"501026";NULL;NULL;"2023-09-06 14:58:54";"2023-09-06 14:58:54";"501"
"BAR VITREE";"707026";NULL;NULL;"2023-09-06 14:58:58";"2023-09-06 14:58:58";"707"
"BASS AMPLIFIER LOWE";"602015";NULL;NULL;"2023-09-06 14:58:52";"2023-09-06 14:58:52";"602"
"BASS AMPLIFIER WATSON";"602018";NULL;NULL;"2023-09-06 14:58:52";"2023-09-06 14:58:52";"602"
"BASS AUTO CANTON";"602011";NULL;NULL;"2023-09-06 14:58:52";"2023-09-06 14:58:52";"602"
"BASS AUTO DW";"602009";NULL;NULL;"2023-09-06 14:58:52";"2023-09-06 14:58:52";"602"
"BASS AUTO JENSEM";"602008";NULL;NULL;"2023-09-06 14:58:52";"2023-09-06 14:58:52";"602"
"BASS AUTO NUBER";"602005";NULL;NULL;"2023-09-06 14:58:52";"2023-09-06 14:58:52";"602"
"BASS AUTO SONY";"602010";NULL;NULL;"2023-09-06 14:58:52";"2023-09-06 14:58:52";"602"
"BASS CANTON 105CM";"602001";NULL;NULL;"2023-09-06 14:58:52";"2023-09-06 14:58:52";"602"
"BASS ELAC";"602012";NULL;NULL;"2023-09-06 14:58:52";"2023-09-06 14:58:52";"602"
"BASS HUBER BOXER";"602020";NULL;NULL;"2023-09-06 14:58:52";"2023-09-06 14:58:52";"602"
"BASS MAGNAT B30";"602002";NULL;NULL;"2023-09-06 14:58:52";"2023-09-06 14:58:52";"602"
"BASS MEDION";"602013";NULL;NULL;"2023-09-06 14:58:52";"2023-09-06 14:58:52";"602"
"BASS MPE 112R";"602021";NULL;NULL;"2023-09-06 14:58:52";"2023-09-06 14:58:52";"602"
"BASS PANASONIC";"602019";NULL;NULL;"2023-09-06 14:58:52";"2023-09-06 14:58:52";"602"
"BASS UNIVERSUN pm";"602014";NULL;NULL;"2023-09-06 14:58:52";"2023-09-06 14:58:52";"602"
"BASSE AMPLIFI CANTON";"602024";NULL;NULL;"2023-12-12 03:33:48";"2023-12-12 03:33:48";"602"
"BASSE AMPLIFIE CANTON";"602003";NULL;NULL;"2023-09-06 14:58:52";"2023-09-06 14:58:52";"602"
"BATERIE  RECH 11.1V- 8400MA 6 EN 1";"216009";NULL;NULL;"2023-09-06 12:37:21";"2023-09-06 12:37:21";"216"
"BATERIE  RECH 11.1V-8400MA (3 EN 1)";"216006";NULL;NULL;"2023-09-06 12:37:21";"2023-09-06 12:37:21";"216"
"BATERIE  RECH 12V -12A";"216008";NULL;NULL;"2023-09-06 12:37:21";"2023-09-06 12:37:21";"216"
"BATERIE  RECH 12V 7.2A";"216004";NULL;NULL;"2023-09-06 12:37:21";"2023-09-06 12:37:21";"216"
"BATERIE  RECH 3.7V- 4200MA BLEU";"216007";NULL;NULL;"2023-09-06 12:37:21";"2023-09-06 12:37:21";"216"
"BATERIE  RECH 4.2V-3800MA BLEU";"216005";NULL;NULL;"2023-09-06 12:37:21";"2023-09-06 12:37:21";"216"
"BATERIE  RECH 6V -4.5A";"216010";NULL;NULL;"2023-09-06 12:37:21";"2023-09-06 12:37:21";"216"
"BATERIE  RECH 7.4V -2800MA 2 EN 1";"216011";NULL;NULL;"2023-09-06 12:37:21";"2023-09-06 12:37:21";"216"
"BATERIE 9V BLEU HI-WAT";"216003";NULL;NULL;"2023-09-06 12:37:21";"2023-09-06 12:37:21";"216"
"BATERIE RECH 12V-7AH";"216002";NULL;NULL;"2023-09-06 12:37:21";"2023-09-06 12:37:21";"216"
"BATERIE RECH 6V-5AH";"216001";NULL;NULL;"2023-09-06 12:37:21";"2023-09-06 12:37:21";"216"
"BATEUSE ELECTRIC";"501109";NULL;NULL;"2023-09-06 14:58:56";"2023-09-06 14:58:56";"501"
"BATEUSE MANEULLE";"501057";NULL;NULL;"2023-09-06 14:58:55";"2023-09-06 14:58:55";"501"
"BATON BASS";"215002";NULL;NULL;"2023-09-06 12:37:21";"2023-09-06 12:37:21";"215"
"BATON BATERI EN PAIR BOUT PLAST";"215001";NULL;NULL;"2023-09-06 12:37:20";"2023-09-06 12:37:20";"215"
"BATON TENOR";"215003";NULL;NULL;"2023-09-06 12:37:21";"2023-09-06 12:37:21";"215"
"BC 107";"103131";NULL;NULL;"2023-09-06 12:37:21";"2023-09-06 12:37:21";"103"
"BC 108";"103132";NULL;NULL;"2023-09-06 12:37:21";"2023-09-06 12:37:21";"103"
"BC 109";"103133";NULL;NULL;"2023-09-06 12:37:22";"2023-09-06 12:37:22";"103"
"BC 119";"103134";NULL;NULL;"2023-09-06 12:37:22";"2023-09-06 12:37:22";"103"
"BC 140";"103135";NULL;NULL;"2023-09-06 12:37:22";"2023-09-06 12:37:22";"103"
"BC 141";"103136";NULL;NULL;"2023-09-06 12:37:22";"2023-09-06 12:37:22";"103"
"BC 160";"103137";NULL;NULL;"2023-09-06 12:37:22";"2023-09-06 12:37:22";"103"
"BC 161";"103138";NULL;NULL;"2023-09-06 12:37:22";"2023-09-06 12:37:22";"103"
"BC 237";"103139";NULL;NULL;"2023-09-06 12:37:22";"2023-09-06 12:37:22";"103"
"BC 238";"103140";NULL;NULL;"2023-09-06 12:37:22";"2023-09-06 12:37:22";"103"
"BC 239";"103141";NULL;NULL;"2023-09-06 12:37:22";"2023-09-06 12:37:22";"103"
"BC 307";"103142";NULL;NULL;"2023-09-06 12:37:22";"2023-09-06 12:37:22";"103"
"BC 308";"103143";NULL;NULL;"2023-09-06 12:37:22";"2023-09-06 12:37:22";"103"
"BC 327";"103144";NULL;NULL;"2023-09-06 12:37:22";"2023-09-06 12:37:22";"103"
"BC 328";"103145";NULL;NULL;"2023-09-06 12:37:22";"2023-09-06 12:37:22";"103"
"BC 337";"103146";NULL;NULL;"2023-09-06 12:37:22";"2023-09-06 12:37:22";"103"
"BC 338";"103147";NULL;NULL;"2023-09-06 12:37:22";"2023-09-06 12:37:22";"103"
"BC 368";"103148";NULL;NULL;"2023-09-06 12:37:22";"2023-09-06 12:37:22";"103"
"BC 369";"103149";NULL;NULL;"2023-09-06 12:37:22";"2023-09-06 12:37:22";"103"
"BC 533";"103658";NULL;NULL;"2023-09-06 12:43:38";"2023-09-06 12:43:38";"103"
"BC 535";"103660";NULL;NULL;"2023-09-06 12:43:38";"2023-09-06 12:43:38";"103"
"BC 536";"103661";NULL;NULL;"2023-09-06 12:43:38";"2023-09-06 12:43:38";"103"
"BC 546";"103150";NULL;NULL;"2023-09-06 12:37:22";"2023-09-06 12:37:22";"103"
"BC 547";"103151";NULL;NULL;"2023-09-06 12:37:22";"2023-09-06 12:37:22";"103"
"BC 548";"103152";NULL;NULL;"2023-09-06 12:37:22";"2023-09-06 12:37:22";"103"
"BC 550";"103153";NULL;NULL;"2023-09-06 12:37:22";"2023-09-06 12:37:22";"103"
"BC 556";"103154";NULL;NULL;"2023-09-06 12:37:22";"2023-09-06 12:37:22";"103"
"BC 557";"103155";NULL;NULL;"2023-09-06 12:37:22";"2023-09-06 12:37:22";"103"
"BC 558";"103156";NULL;NULL;"2023-09-06 12:37:22";"2023-09-06 12:37:22";"103"
"BC 559";"103157";NULL;NULL;"2023-09-06 12:37:22";"2023-09-06 12:37:22";"103"
"BC 561";"103158";NULL;NULL;"2023-09-06 12:37:22";"2023-09-06 12:37:22";"103"
"BC 636";"103159";NULL;NULL;"2023-09-06 12:37:22";"2023-09-06 12:37:22";"103"
"BC 637";"103160";NULL;NULL;"2023-09-06 12:37:22";"2023-09-06 12:37:22";"103"
"BC 638";"103161";NULL;NULL;"2023-09-06 12:37:22";"2023-09-06 12:37:22";"103"
"BC 639";"103162";NULL;NULL;"2023-09-06 12:37:22";"2023-09-06 12:37:22";"103"
"BC 640";"103163";NULL;NULL;"2023-09-06 12:37:22";"2023-09-06 12:37:22";"103"
"BD 131";"103168";NULL;NULL;"2023-09-06 12:37:22";"2023-09-06 12:37:22";"103"
"BD 133";"103169";NULL;NULL;"2023-09-06 12:37:22";"2023-09-06 12:37:22";"103"
"BD 134";"103736";NULL;NULL;"2023-09-06 12:43:42";"2023-09-06 12:43:42";"103"
"BD 135";"103170";NULL;NULL;"2023-09-06 12:37:22";"2023-09-06 12:37:22";"103"
"BD 136";"103171";NULL;NULL;"2023-09-06 12:37:22";"2023-09-06 12:37:22";"103"
"BD 137";"103172";NULL;NULL;"2023-09-06 12:37:22";"2023-09-06 12:37:22";"103"
"BD 138";"103173";NULL;NULL;"2023-09-06 12:37:22";"2023-09-06 12:37:22";"103"
"BD 139";"103174";NULL;NULL;"2023-09-06 12:37:22";"2023-09-06 12:37:22";"103"
"BD 140";"103175";NULL;NULL;"2023-09-06 12:37:22";"2023-09-06 12:37:22";"103"
"BD 2243";"103176";NULL;NULL;"2023-09-06 12:37:22";"2023-09-06 12:37:22";"103"
"BD 233";"103177";NULL;NULL;"2023-09-06 12:37:22";"2023-09-06 12:37:22";"103"
"BD 234";"103178";NULL;NULL;"2023-09-06 12:37:22";"2023-09-06 12:37:22";"103"
"BD 236";"103179";NULL;NULL;"2023-09-06 12:37:22";"2023-09-06 12:37:22";"103"
"BD 238";"1031075";NULL;NULL;"2023-12-12 03:21:09";"2023-12-12 03:21:09";"103"
"BD 238 GM";"103181";NULL;NULL;"2023-09-06 12:37:22";"2023-09-06 12:37:22";"103"
"BD 238 PM";"103180";NULL;NULL;"2023-09-06 12:37:22";"2023-09-06 12:37:22";"103"
"BD 239";"103182";NULL;NULL;"2023-09-06 12:37:22";"2023-09-06 12:37:22";"103"
"BD 240";"103183";NULL;NULL;"2023-09-06 12:37:22";"2023-09-06 12:37:22";"103"
"BD 241";"103184";NULL;NULL;"2023-09-06 12:37:22";"2023-09-06 12:37:22";"103"
"BD 242";"103185";NULL;NULL;"2023-09-06 12:37:22";"2023-09-06 12:37:22";"103"
"BD 243";"103186";NULL;NULL;"2023-09-06 12:37:22";"2023-09-06 12:37:22";"103"
"BD 244";"103187";NULL;NULL;"2023-09-06 12:37:22";"2023-09-06 12:37:22";"103"
"BD 245";"103188";NULL;NULL;"2023-09-06 12:37:22";"2023-09-06 12:37:22";"103"
"BD 246";"103189";NULL;NULL;"2023-09-06 12:37:22";"2023-09-06 12:37:22";"103"
"BD 261";"103833";NULL;NULL;"2023-09-06 12:43:43";"2023-09-06 12:43:43";"103"
"BD 433";"103190";NULL;NULL;"2023-09-06 12:37:22";"2023-09-06 12:37:22";"103"
"BD 434";"103191";NULL;NULL;"2023-09-06 12:37:22";"2023-09-06 12:37:22";"103"
"BD 435";"103192";NULL;NULL;"2023-09-06 12:37:22";"2023-09-06 12:37:22";"103"
"BD 436";"103193";NULL;NULL;"2023-09-06 12:37:22";"2023-09-06 12:37:22";"103"
"BD 437";"103194";NULL;NULL;"2023-09-06 12:37:22";"2023-09-06 12:37:22";"103"
"BD 438";"103195";NULL;NULL;"2023-09-06 12:37:22";"2023-09-06 12:37:22";"103"
"BD 675";"103196";NULL;NULL;"2023-09-06 12:37:22";"2023-09-06 12:37:22";"103"
"BD 677";"103197";NULL;NULL;"2023-09-06 12:37:22";"2023-09-06 12:37:22";"103"
"BD 678";"103198";NULL;NULL;"2023-09-06 12:37:22";"2023-09-06 12:37:22";"103"
"BD 679";"103199";NULL;NULL;"2023-09-06 12:37:23";"2023-09-06 12:37:23";"103"
"BD 680";"103200";NULL;NULL;"2023-09-06 12:37:23";"2023-09-06 12:37:23";"103"
"BD 681";"103201";NULL;NULL;"2023-09-06 12:37:23";"2023-09-06 12:37:23";"103"
"BD 711";"103202";NULL;NULL;"2023-09-06 12:37:23";"2023-09-06 12:37:23";"103"
"BD 712";"103203";NULL;NULL;"2023-09-06 12:37:23";"2023-09-06 12:37:23";"103"
"BD 907";"103204";NULL;NULL;"2023-09-06 12:37:23";"2023-09-06 12:37:23";"103"
"BD 908";"103205";NULL;NULL;"2023-09-06 12:37:23";"2023-09-06 12:37:23";"103"
"BD 910";"103206";NULL;NULL;"2023-09-06 12:37:23";"2023-09-06 12:37:23";"103"
"BD 911";"103207";NULL;NULL;"2023-09-06 12:37:23";"2023-09-06 12:37:23";"103"
"BD 912";"103208";NULL;NULL;"2023-09-06 12:37:23";"2023-09-06 12:37:23";"103"
"BDW 93C";"103164";NULL;NULL;"2023-09-06 12:37:22";"2023-09-06 12:37:22";"103"
"BDW 94C";"103165";NULL;NULL;"2023-09-06 12:37:22";"2023-09-06 12:37:22";"103"
"BDX 53";"103166";NULL;NULL;"2023-09-06 12:37:22";"2023-09-06 12:37:22";"103"
"BDX 54";"103167";NULL;NULL;"2023-09-06 12:37:22";"2023-09-06 12:37:22";"103"
"BEQUILLE";"501058";NULL;NULL;"2023-09-06 14:58:55";"2023-09-06 14:58:55";"501"
"BERCEAU BB EN BOIS BLANC";"704001";NULL;NULL;"2023-09-06 14:58:55";"2023-09-06 14:58:55";"704"
"BERCEAU BB PLIABLE";"501083";NULL;NULL;"2023-09-06 14:58:55";"2023-09-06 14:58:55";"501"
"BF 199";"103209";NULL;NULL;"2023-09-06 12:37:23";"2023-09-06 12:37:23";"103"
"BF 420";"103210";NULL;NULL;"2023-09-06 12:37:23";"2023-09-06 12:37:23";"103"
"BF 421";"103211";NULL;NULL;"2023-09-06 12:37:23";"2023-09-06 12:37:23";"103"
"BF 422";"103212";NULL;NULL;"2023-09-06 12:37:23";"2023-09-06 12:37:23";"103"
"BF 423";"103213";NULL;NULL;"2023-09-06 12:37:23";"2023-09-06 12:37:23";"103"
"BF 470";"103214";NULL;NULL;"2023-09-06 12:37:23";"2023-09-06 12:37:23";"103"
"BF 471";"103215";NULL;NULL;"2023-09-06 12:37:23";"2023-09-06 12:37:23";"103"
"BF 819";"103216";NULL;NULL;"2023-09-06 12:37:23";"2023-09-06 12:37:23";"103"
"BF 869";"103217";NULL;NULL;"2023-09-06 12:37:23";"2023-09-06 12:37:23";"103"
"BF 870";"103218";NULL;NULL;"2023-09-06 12:37:23";"2023-09-06 12:37:23";"103"
"BOBINE HP 100 (G18P)";"217001";NULL;NULL;"2023-09-06 12:43:15";"2023-09-06 12:43:15";"217"
"BOBINE HP 103";"217002";NULL;NULL;"2023-09-06 12:43:15";"2023-09-06 12:43:15";"217"
"BOBINE HP 25.5";"217003";NULL;NULL;"2023-09-06 12:43:15";"2023-09-06 12:43:15";"217"
"BOBINE HP 26.5";"217004";NULL;NULL;"2023-09-06 12:43:15";"2023-09-06 12:43:15";"217"
"BOBINE HP 29.5";"217005";NULL;NULL;"2023-09-06 12:43:15";"2023-09-06 12:43:15";"217"
"BOBINE HP 30.5";"217006";NULL;NULL;"2023-09-06 12:43:15";"2023-09-06 12:43:15";"217"
"BOBINE HP 34.5";"217018";NULL;NULL;"2023-09-06 12:43:15";"2023-09-06 12:43:15";"217"
"BOBINE HP 35.5";"217007";NULL;NULL;"2023-09-06 12:43:15";"2023-09-06 12:43:15";"217"
"BOBINE HP 37.5";"217008";NULL;NULL;"2023-09-06 12:43:15";"2023-09-06 12:43:15";"217"
"BOBINE HP 38.8";"217009";NULL;NULL;"2023-09-06 12:43:15";"2023-09-06 12:43:15";"217"
"BOBINE HP 40.5";"217010";NULL;NULL;"2023-09-06 12:43:15";"2023-09-06 12:43:15";"217"
"BOBINE HP 43.5";"217011";NULL;NULL;"2023-09-06 12:43:15";"2023-09-06 12:43:15";"217"
"BOBINE HP 44.5(G12)";"217012";NULL;NULL;"2023-09-06 12:43:15";"2023-09-06 12:43:15";"217"
"BOBINE HP 45.5";"217013";NULL;NULL;"2023-09-06 12:43:15";"2023-09-06 12:43:15";"217"
"BOBINE HP 49.5(G15)";"217014";NULL;NULL;"2023-09-06 12:43:15";"2023-09-06 12:43:15";"217"
"BOBINE HP 50.5";"217015";NULL;NULL;"2023-09-06 12:43:15";"2023-09-06 12:43:15";"217"
"BOBINE HP 50.8";"217016";NULL;NULL;"2023-09-06 12:43:15";"2023-09-06 12:43:15";"217"
"BOBINE HP 51.5";"217017";NULL;NULL;"2023-09-06 12:43:15";"2023-09-06 12:43:15";"217"
"BOBINE HP 60.5";"217019";NULL;NULL;"2023-09-06 12:43:15";"2023-09-06 12:43:15";"217"
"BOBINE HP 61.5";"217020";NULL;NULL;"2023-09-06 12:43:15";"2023-09-06 12:43:15";"217"
"BOBINE HP 63.5";"217021";NULL;NULL;"2023-09-06 12:43:15";"2023-09-06 12:43:15";"217"
"BOBINE HP 64.5 (G15/G18) GM";"217022";NULL;NULL;"2023-09-06 12:43:15";"2023-09-06 12:43:15";"217"
"BOBINE HP 64.5 (G15/G18) PM";"217023";NULL;NULL;"2023-09-06 12:43:15";"2023-09-06 12:43:15";"217"
"BOBINE HP 75.5 (G15/G18) GM";"217024";NULL;NULL;"2023-09-06 12:43:15";"2023-09-06 12:43:15";"217"
"BOBINE HP 76 (G15/G18)";"217025";NULL;NULL;"2023-09-06 12:43:15";"2023-09-06 12:43:15";"217"
"BOBINE HP 76.5 (G15/G18)";"217026";NULL;NULL;"2023-09-06 12:43:15";"2023-09-06 12:43:15";"217"
"BOBINE HP 98.2(G18)";"217027";NULL;NULL;"2023-09-06 12:43:15";"2023-09-06 12:43:15";"217"
"BOBINE HP 98.5(G18)";"217029";NULL;NULL;"2023-12-12 03:21:10";"2023-12-12 03:21:10";"217"
"BOBINE HP 99.2(G18)";"217028";NULL;NULL;"2023-09-06 12:43:15";"2023-09-06 12:43:15";"217"
"BOBINE HP 99.5(G18)";"217030";NULL;NULL;"2023-12-12 03:21:10";"2023-12-12 03:21:10";"217"
"BOBINE MOTEUR DEMONTER";"218023";NULL;NULL;"2023-09-06 12:43:16";"2023-09-06 12:43:16";"218"
"BOBINE MOTEUR TROMP 105LET 34.5";"218015";NULL;NULL;"2023-09-06 12:43:16";"2023-09-06 12:43:16";"218"
"BOBINE MOTEUR TROMP 105LET 44.5";"218016";NULL;NULL;"2023-09-06 12:43:16";"2023-09-06 12:43:16";"218"
"BOBINE MOTEUR TROMP 105LET 51.5";"218014";NULL;NULL;"2023-09-06 12:43:16";"2023-09-06 12:43:16";"218"
"BOBINE MOTEUR TROMP 105LET ALU 44.5";"218017";NULL;NULL;"2023-09-06 12:43:16";"2023-09-06 12:43:16";"218"
"BOBINE MOTEUR TROMP 40.5";"218002";NULL;NULL;"2023-09-06 12:43:16";"2023-09-06 12:43:16";"218"
"BOBINE MOTEUR TROMP 44";"218003";NULL;NULL;"2023-09-06 12:43:16";"2023-09-06 12:43:16";"218"
"BOBINE MOTEUR TROMP 44.5";"218030";NULL;NULL;"2023-12-12 03:21:10";"2023-12-12 03:21:10";"218"
"BOBINE MOTEUR TROMP AHUJA BLUE";"218031";NULL;NULL;"2023-12-12 03:21:10";"2023-12-12 03:21:10";"218"
"BOBINE MOTEUR TROMP ALU 105LET 75";"218011";NULL;NULL;"2023-09-06 12:43:16";"2023-09-06 12:43:16";"218"
"BOBINE MOTEUR TROMP ALU 34.5";"218005";NULL;NULL;"2023-09-06 12:43:16";"2023-09-06 12:43:16";"218"
"BOBINE MOTEUR TROMP ALU 44.5";"218006";NULL;NULL;"2023-09-06 12:43:16";"2023-09-06 12:43:16";"218"
"BOBINE MOTEUR TROMP ALU 51.5";"218007";NULL;NULL;"2023-09-06 12:43:16";"2023-09-06 12:43:16";"218"
"BOBINE MOTEUR TROMP ALU 72.2";"218009";NULL;NULL;"2023-09-06 12:43:16";"2023-09-06 12:43:16";"218"
"BOBINE MOTEUR TROMP ALU 72.5";"218008";NULL;NULL;"2023-09-06 12:43:16";"2023-09-06 12:43:16";"218"
"BOBINE MOTEUR TROMP ALU 74.5";"218010";NULL;NULL;"2023-09-06 12:43:16";"2023-09-06 12:43:16";"218"
"BOBINE MOTEUR TROMP ALU TRANSP 34.5";"218012";NULL;NULL;"2023-09-06 12:43:16";"2023-09-06 12:43:16";"218"
"BOBINE MOTEUR TROMP ALU TRANSP 44.5";"218013";NULL;NULL;"2023-09-06 12:43:16";"2023-09-06 12:43:16";"218"
"BOBINE MOTEUR TROMP DIAHRAGME AHUJA ALU 35/40";"218018";NULL;NULL;"2023-09-06 12:43:16";"2023-09-06 12:43:16";"218"
"BOBINE MOTEUR TROMP DIAPHRAGME AHUJA ALU 35/40";"218032";NULL;NULL;"2023-12-12 03:21:10";"2023-12-12 03:21:10";"218"
"BOBINE MOTEUR TROMP EN PLAST";"218001";NULL;NULL;"2023-09-06 12:43:15";"2023-09-06 12:43:15";"218"
"BOBINE MOTEUR TROMP P15";"218019";NULL;NULL;"2023-09-06 12:43:16";"2023-09-06 12:43:16";"218"
"BOBINE MOTEUR TROMP P15 105LET";"218020";NULL;NULL;"2023-09-06 12:43:16";"2023-09-06 12:43:16";"218"
"BOBINE MOTEUR TROMP SIMPLE TRP 34.5";"218021";NULL;NULL;"2023-09-06 12:43:16";"2023-09-06 12:43:16";"218"
"BOBINE MOTEUR TROMP SIMPLE TRP 44.5";"218022";NULL;NULL;"2023-09-06 12:43:16";"2023-09-06 12:43:16";"218"
"BOBINE MOTEUR TROMPAHUJA BLUE";"218004";NULL;NULL;"2023-09-06 12:43:16";"2023-09-06 12:43:16";"218"
"BOBINE ORD G 12-80";"218033";NULL;NULL;"2023-12-12 03:21:10";"2023-12-12 03:21:10";"218"
"BOBINE SIMPLE G 12-80";"218024";NULL;NULL;"2023-09-06 12:43:16";"2023-09-06 12:43:16";"218"
"BOBINE TROMPET 150W DR 006";"218026";NULL;NULL;"2023-09-06 12:43:16";"2023-09-06 12:43:16";"218"
"BOBINE TROMPET PLAST DOUBLE PM";"218025";NULL;NULL;"2023-09-06 12:43:16";"2023-09-06 12:43:16";"218"
"BOBINE TWEETER TM-15 + CARTE";"218028";NULL;NULL;"2023-09-06 12:43:16";"2023-09-06 12:43:16";"218"
"BOBINE TWEETER TM-15 SIMPLE";"218027";NULL;NULL;"2023-09-06 12:43:16";"2023-09-06 12:43:16";"218"
"BOITIER EXTERNE POUR DISQUE DURE 2,5 HDD SATA";"215185";NULL;NULL;"2023-09-06 12:44:46";"2023-09-06 12:44:46";"215"
"BOITIER EXTERNE POUR DISQUE DURE 3,0 HDD TOSHIBA";"215186";NULL;NULL;"2023-09-06 12:44:46";"2023-09-06 12:44:46";"215"
"BOL DE  MOULENEX";"501022";NULL;NULL;"2023-09-06 14:58:53";"2023-09-06 14:58:53";"501"
"BOLD  PM";"501202";NULL;NULL;"2023-09-06 14:59:04";"2023-09-06 14:59:04";"501"
"BOLD A EPICE";"501201";NULL;NULL;"2023-09-06 14:59:04";"2023-09-06 14:59:04";"501"
"BOLD A PIGMET MM";"501203";NULL;NULL;"2023-09-06 14:59:04";"2023-09-06 14:59:04";"501"
"BORD HP 5P";"219001";NULL;NULL;"2023-09-06 12:43:16";"2023-09-06 12:43:16";"219"
"BORD HP 6P";"219002";NULL;NULL;"2023-09-06 12:43:16";"2023-09-06 12:43:16";"219"
"BORD HP G12";"219003";NULL;NULL;"2023-09-06 12:43:16";"2023-09-06 12:43:16";"219"
"BORD HP MOUSSE 10P";"219011";NULL;NULL;"2023-09-06 12:43:16";"2023-09-06 12:43:16";"219"
"BORD HP MOUSSE 12P";"219004";NULL;NULL;"2023-09-06 12:43:16";"2023-09-06 12:43:16";"219"
"BORD HP MOUSSE 15P";"219005";NULL;NULL;"2023-09-06 12:43:16";"2023-09-06 12:43:16";"219"
"BORD HP MOUSSE 5.5P";"219006";NULL;NULL;"2023-09-06 12:43:16";"2023-09-06 12:43:16";"219"
"BORD HP MOUSSE 5P";"219007";NULL;NULL;"2023-09-06 12:43:16";"2023-09-06 12:43:16";"219"
"BORD HP MOUSSE 6.5P";"219010";NULL;NULL;"2023-09-06 12:43:16";"2023-09-06 12:43:16";"219"
"BORD HP MOUSSE 6P";"219008";NULL;NULL;"2023-09-06 12:43:16";"2023-09-06 12:43:16";"219"
"BORD HP MOUSSE 8P";"219009";NULL;NULL;"2023-09-06 12:43:16";"2023-09-06 12:43:16";"219"
"BORD HP PLASTIC 10P";"219013";NULL;NULL;"2023-09-06 12:43:16";"2023-09-06 12:43:16";"219"
"BORD HP PLASTIC 12P";"219014";NULL;NULL;"2023-09-06 12:43:16";"2023-09-06 12:43:16";"219"
"BORD HP PLASTIC 5.5P";"219015";NULL;NULL;"2023-09-06 12:43:16";"2023-09-06 12:43:16";"219"
"BORN 2 BROCHE 2 PIN";"220015";NULL;NULL;"2023-12-12 03:21:10";"2023-12-12 03:21:10";"220"
"BORN 2 BROCHE 2P";"220005";NULL;NULL;"2023-09-06 12:43:16";"2023-09-06 12:43:16";"220"
"BORN 2 BROCHES 4P GM";"220002";NULL;NULL;"2023-09-06 12:43:16";"2023-09-06 12:43:16";"220"
"BORN 2 BROCHES PM";"220003";NULL;NULL;"2023-09-06 12:43:16";"2023-09-06 12:43:16";"220"
"BORN 3 BROCHE 3 PIN";"220014";NULL;NULL;"2023-12-12 03:21:10";"2023-12-12 03:21:10";"220"
"BORN 3 BROCHE 3P";"220004";NULL;NULL;"2023-09-06 12:43:16";"2023-09-06 12:43:16";"220"
"BORN 3 BROCHE GM";"220006";NULL;NULL;"2023-09-06 12:43:16";"2023-09-06 12:43:16";"220"
"BORN 4 BROCHE 8 PIN";"220016";NULL;NULL;"2023-12-12 03:21:10";"2023-12-12 03:21:10";"220"
"BORN 4 BROCHE 8P";"220007";NULL;NULL;"2023-09-06 12:43:16";"2023-09-06 12:43:16";"220"
"BORN AV/3RCA FEM";"220008";NULL;NULL;"2023-09-06 12:43:16";"2023-09-06 12:43:16";"220"
"BORN BABLE + 2 SPEAKON FEM";"219016";NULL;NULL;"2023-12-12 03:21:10";"2023-12-12 03:21:10";"219"
"BORN BAFLES FER +2 SPEAKON + JK 6.5 RECT";"220001";NULL;NULL;"2023-09-06 12:43:16";"2023-09-06 12:43:16";"220"
"BORN BAFLES PLAST CARRE PM";"220009";NULL;NULL;"2023-09-06 12:43:16";"2023-09-06 12:43:16";"220"
"BORN BAFLES PLAST ROND PM";"220010";NULL;NULL;"2023-09-06 12:43:16";"2023-09-06 12:43:16";"220"
"BORN BAFLES RECT NOIR 2P";"220011";NULL;NULL;"2023-09-06 12:43:16";"2023-09-06 12:43:16";"220"
"BORN BAFLES ROND GM";"220013";NULL;NULL;"2023-09-06 12:43:16";"2023-09-06 12:43:16";"220"
"BORN BAFLES ROND PM";"220012";NULL;NULL;"2023-09-06 12:43:16";"2023-09-06 12:43:16";"220"
"BORN HP + 2 SPEAKON FEM";"219012";NULL;NULL;"2023-09-06 12:43:16";"2023-09-06 12:43:16";"219"
"BOUGIE COLE GM";"215004";NULL;NULL;"2023-09-06 12:43:16";"2023-09-06 12:43:16";"215"
"BOUGIE COLE PM";"215005";NULL;NULL;"2023-09-06 12:43:16";"2023-09-06 12:43:16";"215"
"BOULOIR  1,8L";"501111";NULL;NULL;"2023-09-06 14:58:56";"2023-09-06 14:58:56";"501"
"BOULOIR BROC";"615001";NULL;NULL;"2023-09-06 14:58:56";"2023-09-06 14:58:56";"615"
"BOUTON POT ROTATIF";"221001";NULL;NULL;"2023-09-06 12:43:16";"2023-09-06 12:43:16";"221"
"BOUTON POT ROTATIF FENDU";"221002";NULL;NULL;"2023-09-06 12:43:16";"2023-09-06 12:43:16";"221"
"BOUTON POUSOIR 6PAT";"221003";NULL;NULL;"2023-09-06 12:43:16";"2023-09-06 12:43:16";"221"
"BOUTON POUSOIR COULEUR COURT 2PAT";"221004";NULL;NULL;"2023-09-06 12:43:16";"2023-09-06 12:43:16";"221"
"BOUTON POUSOIR JAUNE NOIR GM";"221005";NULL;NULL;"2023-09-06 12:43:17";"2023-09-06 12:43:17";"221"
"BOUTON POUSOIR LONG 3.5CM 2PAT";"221006";NULL;NULL;"2023-09-06 12:43:17";"2023-09-06 12:43:17";"221"
"BOUTON POUSOIR MOY";"221007";NULL;NULL;"2023-09-06 12:43:17";"2023-09-06 12:43:17";"221"
"BOUTON POUSOIR TV 2 PAT TIGE LONG";"221008";NULL;NULL;"2023-09-06 12:43:17";"2023-09-06 12:43:17";"221"
"BOUTON POUSOIR TV 2PAT TIGE MOY";"221009";NULL;NULL;"2023-09-06 12:43:17";"2023-09-06 12:43:17";"221"
"BOUTON POUSOIR TV 4PAT TIGE COURTE GM";"221017";NULL;NULL;"2023-09-06 12:43:17";"2023-09-06 12:43:17";"221"
"BOUTON POUSOIR TV 4PAT TIGE MOY";"221010";NULL;NULL;"2023-09-06 12:43:17";"2023-09-06 12:43:17";"221"
"BOUTON POUSOIR TV 6PAT";"221018";NULL;NULL;"2023-12-12 03:21:10";"2023-12-12 03:21:10";"221"
"BOUTON POUSOIR TV LONG TIGE + SOCLE";"221011";NULL;NULL;"2023-09-06 12:43:17";"2023-09-06 12:43:17";"221"
"BOUTON POUSOIR TV MOY 2P";"221012";NULL;NULL;"2023-09-06 12:43:17";"2023-09-06 12:43:17";"221"
"BOUTON POUSOIR TV MOY 4P";"221013";NULL;NULL;"2023-09-06 12:43:17";"2023-09-06 12:43:17";"221"
"BOUTON POUSOIR TV PLASM 4PAT COULEUR";"221014";NULL;NULL;"2023-09-06 12:43:17";"2023-09-06 12:43:17";"221"
"BOUTON POUSOIR TV PLASM RECT NOIR 2 PAT";"221015";NULL;NULL;"2023-09-06 12:43:17";"2023-09-06 12:43:17";"221"
"BOUTON POUSOIR TV SOCLE 2 PAT MINIATURE TETE ROUGE";"221016";NULL;NULL;"2023-09-06 12:43:17";"2023-09-06 12:43:17";"221"
"BR 303";"103219";NULL;NULL;"2023-09-06 12:43:17";"2023-09-06 12:43:17";"103"
"BRAISEUSE ELETRIQUE";"501112";NULL;NULL;"2023-09-06 14:58:56";"2023-09-06 14:58:56";"501"
"BROC 11";"707017";NULL;NULL;"2023-09-06 14:58:58";"2023-09-06 14:58:58";"707"
"BROC 17 TS";"707019";NULL;NULL;"2023-09-06 14:58:58";"2023-09-06 14:58:58";"707"
"BROC 3**";"707018";NULL;NULL;"2023-09-06 14:58:58";"2023-09-06 14:58:58";"707"
"BROC TS 02";"707015";NULL;NULL;"2023-09-06 14:58:58";"2023-09-06 14:58:58";"707"
"BROSSE DE CABLE PM EN PIECE";"215284";NULL;NULL;"2023-09-06 12:44:48";"2023-09-06 12:44:48";"215"
"BT 136";"109009";NULL;NULL;"2023-09-06 12:43:17";"2023-09-06 12:43:17";"109"
"BT 137";"109010";NULL;NULL;"2023-09-06 12:43:17";"2023-09-06 12:43:17";"109"
"BT 138";"109011";NULL;NULL;"2023-09-06 12:43:17";"2023-09-06 12:43:17";"109"
"BT 139";"109012";NULL;NULL;"2023-09-06 12:43:17";"2023-09-06 12:43:17";"109"
"BT 140";"109013";NULL;NULL;"2023-09-06 12:43:17";"2023-09-06 12:43:17";"109"
"BT 151";"105001";NULL;NULL;"2023-09-06 12:43:17";"2023-09-06 12:43:17";"105"
"BT 152";"105002";NULL;NULL;"2023-09-06 12:43:17";"2023-09-06 12:43:17";"105"
"BT 16-600";"109014";NULL;NULL;"2023-09-06 12:43:17";"2023-09-06 12:43:17";"109"
"BT 1690";"109015";NULL;NULL;"2023-09-06 12:43:17";"2023-09-06 12:43:17";"109"
"BT 169D";"109016";NULL;NULL;"2023-09-06 12:43:17";"2023-09-06 12:43:17";"109"
"BT 203";"109017";NULL;NULL;"2023-09-06 12:43:17";"2023-09-06 12:43:17";"109"
"BT 312";"109018";NULL;NULL;"2023-09-06 12:43:17";"2023-09-06 12:43:17";"109"
"BT 412";"109019";NULL;NULL;"2023-09-06 12:43:17";"2023-09-06 12:43:17";"109"
"BTA 12-600";"109001";NULL;NULL;"2023-09-06 12:43:17";"2023-09-06 12:43:17";"109"
"BTA 12-800";"109002";NULL;NULL;"2023-09-06 12:43:17";"2023-09-06 12:43:17";"109"
"BTA 16";"109003";NULL;NULL;"2023-09-06 12:43:17";"2023-09-06 12:43:17";"109"
"BTA 16-600";"109004";NULL;NULL;"2023-09-06 12:43:17";"2023-09-06 12:43:17";"109"
"BTA 16-800";"109005";NULL;NULL;"2023-09-06 12:43:17";"2023-09-06 12:43:17";"109"
"BTA 41-600";"109006";NULL;NULL;"2023-09-06 12:43:17";"2023-09-06 12:43:17";"109"
"BTA 41-800";"109007";NULL;NULL;"2023-09-06 12:43:17";"2023-09-06 12:43:17";"109"
"BTB 16";"109008";NULL;NULL;"2023-09-06 12:43:17";"2023-09-06 12:43:17";"109"
"BU 108";"103246";NULL;NULL;"2023-09-06 12:43:18";"2023-09-06 12:43:18";"103"
"BU 108C";"103247";NULL;NULL;"2023-09-06 12:43:18";"2023-09-06 12:43:18";"103"
"BU 126";"103248";NULL;NULL;"2023-09-06 12:43:18";"2023-09-06 12:43:18";"103"
"BU 133";"103249";NULL;NULL;"2023-09-06 12:43:18";"2023-09-06 12:43:18";"103"
"BU 1508 DX";"103250";NULL;NULL;"2023-09-06 12:43:18";"2023-09-06 12:43:18";"103"
"BU 208 A ORD";"103252";NULL;NULL;"2023-09-06 12:43:18";"2023-09-06 12:43:18";"103"
"BU 208 ORG";"103251";NULL;NULL;"2023-09-06 12:43:18";"2023-09-06 12:43:18";"103"
"BU 208A";"1031076";NULL;NULL;"2023-12-12 03:21:11";"2023-12-12 03:21:11";"103"
"BU 2508";"103253";NULL;NULL;"2023-09-06 12:43:18";"2023-09-06 12:43:18";"103"
"BU 2508 AF ORG";"103255";NULL;NULL;"2023-09-06 12:43:18";"2023-09-06 12:43:18";"103"
"BU 2508 DF ORD";"103256";NULL;NULL;"2023-09-06 12:43:18";"2023-09-06 12:43:18";"103"
"BU 2508 DF ORG";"103254";NULL;NULL;"2023-09-06 12:43:18";"2023-09-06 12:43:18";"103"
"BU 2520 AF";"103257";NULL;NULL;"2023-09-06 12:43:18";"2023-09-06 12:43:18";"103"
"BU 2520 AF ORG";"103258";NULL;NULL;"2023-09-06 12:43:18";"2023-09-06 12:43:18";"103"
"BU 2520 AX";"103260";NULL;NULL;"2023-09-06 12:43:18";"2023-09-06 12:43:18";"103"
"BU 2520 DF";"103259";NULL;NULL;"2023-09-06 12:43:18";"2023-09-06 12:43:18";"103"
"BU 2805 AF ORD";"103261";NULL;NULL;"2023-09-06 12:43:18";"2023-09-06 12:43:18";"103"
"BU 326";"103262";NULL;NULL;"2023-09-06 12:43:18";"2023-09-06 12:43:18";"103"
"BU 406";"103263";NULL;NULL;"2023-09-06 12:43:18";"2023-09-06 12:43:18";"103"
"BU 407";"103264";NULL;NULL;"2023-09-06 12:43:18";"2023-09-06 12:43:18";"103"
"BU 407 D";"103265";NULL;NULL;"2023-09-06 12:43:18";"2023-09-06 12:43:18";"103"
"BU 408";"103266";NULL;NULL;"2023-09-06 12:43:18";"2023-09-06 12:43:18";"103"
"BU 42524";"103220";NULL;NULL;"2023-09-06 12:43:17";"2023-09-06 12:43:17";"103"
"BU 426";"103267";NULL;NULL;"2023-09-06 12:43:18";"2023-09-06 12:43:18";"103"
"BU 4506";"103268";NULL;NULL;"2023-09-06 12:43:18";"2023-09-06 12:43:18";"103"
"BU 4508 D";"103269";NULL;NULL;"2023-09-06 12:43:18";"2023-09-06 12:43:18";"103"
"BU 4538";"103270";NULL;NULL;"2023-09-06 12:43:18";"2023-09-06 12:43:18";"103"
"BU 4538 B";"103271";NULL;NULL;"2023-09-06 12:43:18";"2023-09-06 12:43:18";"103"
"BU 506 AF";"103272";NULL;NULL;"2023-09-06 12:43:18";"2023-09-06 12:43:18";"103"
"BU 506 DF";"103274";NULL;NULL;"2023-09-06 12:43:18";"2023-09-06 12:43:18";"103"
"BU 506 DF GM";"103273";NULL;NULL;"2023-09-06 12:43:18";"2023-09-06 12:43:18";"103"
"BU 506 DF PM";"103275";NULL;NULL;"2023-09-06 12:43:18";"2023-09-06 12:43:18";"103"
"BU 508";"103276";NULL;NULL;"2023-09-06 12:43:18";"2023-09-06 12:43:18";"103"
"BU 508 A";"103278";NULL;NULL;"2023-09-06 12:43:18";"2023-09-06 12:43:18";"103"
"BU 508 AF";"103280";NULL;NULL;"2023-09-06 12:43:18";"2023-09-06 12:43:18";"103"
"BU 508 D";"103279";NULL;NULL;"2023-09-06 12:43:18";"2023-09-06 12:43:18";"103"
"BU 5084";"103277";NULL;NULL;"2023-09-06 12:43:18";"2023-09-06 12:43:18";"103"
"BU 515";"103281";NULL;NULL;"2023-09-06 12:43:18";"2023-09-06 12:43:18";"103"
"BU 807";"103282";NULL;NULL;"2023-09-06 12:43:18";"2023-09-06 12:43:18";"103"
"BU 808 DF";"103283";NULL;NULL;"2023-09-06 12:43:18";"2023-09-06 12:43:18";"103"
"BUH 315 ORD";"103222";NULL;NULL;"2023-09-06 12:43:17";"2023-09-06 12:43:17";"103"
"BUH 315 ORG";"103223";NULL;NULL;"2023-09-06 12:43:17";"2023-09-06 12:43:17";"103"
"BUH 515";"103224";NULL;NULL;"2023-09-06 12:43:17";"2023-09-06 12:43:17";"103"
"BUH 517";"103225";NULL;NULL;"2023-09-06 12:43:17";"2023-09-06 12:43:17";"103"
"BUH 56 A";"103226";NULL;NULL;"2023-09-06 12:43:17";"2023-09-06 12:43:17";"103"
"BUK 444";"103227";NULL;NULL;"2023-09-06 12:43:17";"2023-09-06 12:43:17";"103"
"BUK 445";"103228";NULL;NULL;"2023-09-06 12:43:17";"2023-09-06 12:43:17";"103"
"BUK 455";"103229";NULL;NULL;"2023-09-06 12:43:17";"2023-09-06 12:43:17";"103"
"BUK 456";"103230";NULL;NULL;"2023-09-06 12:43:17";"2023-09-06 12:43:17";"103"
"BUK 556";"103231";NULL;NULL;"2023-09-06 12:43:17";"2023-09-06 12:43:17";"103"
"BUL 310";"103232";NULL;NULL;"2023-09-06 12:43:17";"2023-09-06 12:43:17";"103"
"BUN 310";"103233";NULL;NULL;"2023-09-06 12:43:17";"2023-09-06 12:43:17";"103"
"BUT 11A ORD";"103234";NULL;NULL;"2023-09-06 12:43:17";"2023-09-06 12:43:17";"103"
"BUT 11A ORG";"103238";NULL;NULL;"2023-09-06 12:43:17";"2023-09-06 12:43:17";"103"
"BUT 11AF ORD";"103235";NULL;NULL;"2023-09-06 12:43:17";"2023-09-06 12:43:17";"103"
"BUT 11AF ORG";"103236";NULL;NULL;"2023-09-06 12:43:17";"2023-09-06 12:43:17";"103"
"BUT 11AX";"103237";NULL;NULL;"2023-09-06 12:43:17";"2023-09-06 12:43:17";"103"
"BUT 12A";"103239";NULL;NULL;"2023-09-06 12:43:17";"2023-09-06 12:43:17";"103"
"BUT 12AF";"103240";NULL;NULL;"2023-09-06 12:43:17";"2023-09-06 12:43:17";"103"
"BUT 18 AF";"103221";NULL;NULL;"2023-09-06 12:43:17";"2023-09-06 12:43:17";"103"
"BUT 56A";"103241";NULL;NULL;"2023-09-06 12:43:17";"2023-09-06 12:43:17";"103"
"BUTTON POUSSOIR LED MP PLAT BLANC ";"215248";NULL;NULL;"2023-09-06 12:44:47";"2023-09-06 12:44:47";"215"
"BUV 46B";"103242";NULL;NULL;"2023-09-06 12:43:17";"2023-09-06 12:43:17";"103"
"BUV 46K";"103243";NULL;NULL;"2023-09-06 12:43:17";"2023-09-06 12:43:17";"103"
"BUW 11 AW";"103244";NULL;NULL;"2023-09-06 12:43:17";"2023-09-06 12:43:17";"103"
"BUX 84";"103245";NULL;NULL;"2023-09-06 12:43:17";"2023-09-06 12:43:17";"103"
"BUZ 11";"101090";NULL;NULL;"2023-09-06 12:43:18";"2023-09-06 12:43:18";"101"
"BUZ 80 AF";"101092";NULL;NULL;"2023-09-06 12:43:18";"2023-09-06 12:43:18";"101"
"BUZ 80A";"101091";NULL;NULL;"2023-09-06 12:43:18";"2023-09-06 12:43:18";"101"
"BUZ 90";"101093";NULL;NULL;"2023-09-06 12:43:18";"2023-09-06 12:43:18";"101"
"BUZ 90 AF";"101094";NULL;NULL;"2023-09-06 12:43:18";"2023-09-06 12:43:18";"101"
"BUZ 91 A";"101095";NULL;NULL;"2023-09-06 12:43:18";"2023-09-06 12:43:18";"101"
"BUZ 91 AF";"101096";NULL;NULL;"2023-09-06 12:43:18";"2023-09-06 12:43:18";"101"
"BUZZER (NOIR 5V-12V)";"302004";NULL;NULL;"2023-12-12 03:21:11";"2023-12-12 03:21:11";"302"
"BUZZER BLANC";"302001";NULL;NULL;"2023-09-06 12:43:17";"2023-09-06 12:43:17";"302"
"BUZZER BLANC(12-38)";"302003";NULL;NULL;"2023-12-12 03:21:11";"2023-12-12 03:21:11";"302"
"BUZZER NOIR";"302002";NULL;NULL;"2023-09-06 12:43:18";"2023-09-06 12:43:18";"302"
"C 1003";"103375";NULL;NULL;"2023-09-06 12:43:34";"2023-09-06 12:43:34";"103"
"C 1008";"103376";NULL;NULL;"2023-09-06 12:43:34";"2023-09-06 12:43:34";"103"
"C 1012";"103377";NULL;NULL;"2023-09-06 12:43:34";"2023-09-06 12:43:34";"103"
"C 1015";"103378";NULL;NULL;"2023-09-06 12:43:34";"2023-09-06 12:43:34";"103"
"C 102";"103379";NULL;NULL;"2023-09-06 12:43:34";"2023-09-06 12:43:34";"103"
"C 1025";"103380";NULL;NULL;"2023-09-06 12:43:34";"2023-09-06 12:43:34";"103"
"C 1026";"103381";NULL;NULL;"2023-09-06 12:43:34";"2023-09-06 12:43:34";"103"
"C 103";"103382";NULL;NULL;"2023-09-06 12:43:34";"2023-09-06 12:43:34";"103"
"C 1030";"103383";NULL;NULL;"2023-09-06 12:43:34";"2023-09-06 12:43:34";"103"
"C 1050";"103384";NULL;NULL;"2023-09-06 12:43:34";"2023-09-06 12:43:34";"103"
"C 1060";"103385";NULL;NULL;"2023-09-06 12:43:34";"2023-09-06 12:43:34";"103"
"C 1061";"103386";NULL;NULL;"2023-09-06 12:43:34";"2023-09-06 12:43:34";"103"
"C 1096";"103387";NULL;NULL;"2023-09-06 12:43:34";"2023-09-06 12:43:34";"103"
"C 1106";"103388";NULL;NULL;"2023-09-06 12:43:34";"2023-09-06 12:43:34";"103"
"C 1116";"103389";NULL;NULL;"2023-09-06 12:43:34";"2023-09-06 12:43:34";"103"
"C 1138";"103390";NULL;NULL;"2023-09-06 12:43:34";"2023-09-06 12:43:34";"103"
"C 114";"103391";NULL;NULL;"2023-09-06 12:43:34";"2023-09-06 12:43:34";"103"
"C 1162";"103392";NULL;NULL;"2023-09-06 12:43:34";"2023-09-06 12:43:34";"103"
"C 1173";"103393";NULL;NULL;"2023-09-06 12:43:34";"2023-09-06 12:43:34";"103"
"C 1175";"103394";NULL;NULL;"2023-09-06 12:43:34";"2023-09-06 12:43:34";"103"
"C 1182";"103395";NULL;NULL;"2023-09-06 12:43:34";"2023-09-06 12:43:34";"103"
"C 1213";"103396";NULL;NULL;"2023-09-06 12:43:34";"2023-09-06 12:43:34";"103"
"C 1214";"103397";NULL;NULL;"2023-09-06 12:43:34";"2023-09-06 12:43:34";"103"
"C 1216";"103398";NULL;NULL;"2023-09-06 12:43:34";"2023-09-06 12:43:34";"103"
"C 1225";"103399";NULL;NULL;"2023-09-06 12:43:34";"2023-09-06 12:43:34";"103"
"C 1226";"103400";NULL;NULL;"2023-09-06 12:43:34";"2023-09-06 12:43:34";"103"
"C 1227";"103401";NULL;NULL;"2023-09-06 12:43:34";"2023-09-06 12:43:34";"103"
"C 1237";"103402";NULL;NULL;"2023-09-06 12:43:34";"2023-09-06 12:43:34";"103"
"C 1295";"103403";NULL;NULL;"2023-09-06 12:43:34";"2023-09-06 12:43:34";"103"
"C 1295 ORG";"103404";NULL;NULL;"2023-09-06 12:43:34";"2023-09-06 12:43:34";"103"
"C 1312";"103405";NULL;NULL;"2023-09-06 12:43:34";"2023-09-06 12:43:34";"103"
"C 1316";"103406";NULL;NULL;"2023-09-06 12:43:34";"2023-09-06 12:43:34";"103"
"C 1317";"103407";NULL;NULL;"2023-09-06 12:43:34";"2023-09-06 12:43:34";"103"
"C 1358";"103408";NULL;NULL;"2023-09-06 12:43:34";"2023-09-06 12:43:34";"103"
"C 1363";"103409";NULL;NULL;"2023-09-06 12:43:34";"2023-09-06 12:43:34";"103"
"C 1383";"103410";NULL;NULL;"2023-09-06 12:43:34";"2023-09-06 12:43:34";"103"
"C 1384";"103411";NULL;NULL;"2023-09-06 12:43:34";"2023-09-06 12:43:34";"103"
"C 1398";"103412";NULL;NULL;"2023-09-06 12:43:34";"2023-09-06 12:43:34";"103"
"C 140";"103413";NULL;NULL;"2023-09-06 12:43:34";"2023-09-06 12:43:34";"103"
"C 1406";"103414";NULL;NULL;"2023-09-06 12:43:34";"2023-09-06 12:43:34";"103"
"C 1413";"103415";NULL;NULL;"2023-09-06 12:43:34";"2023-09-06 12:43:34";"103"
"C 1417";"103416";NULL;NULL;"2023-09-06 12:43:34";"2023-09-06 12:43:34";"103"
"C 143";"103417";NULL;NULL;"2023-09-06 12:43:34";"2023-09-06 12:43:34";"103"
"C 144";"103418";NULL;NULL;"2023-09-06 12:43:34";"2023-09-06 12:43:34";"103"
"C 1449";"103419";NULL;NULL;"2023-09-06 12:43:34";"2023-09-06 12:43:34";"103"
"C 1473";"103420";NULL;NULL;"2023-09-06 12:43:34";"2023-09-06 12:43:34";"103"
"C 1507";"103421";NULL;NULL;"2023-09-06 12:43:34";"2023-09-06 12:43:34";"103"
"C 1514";"103422";NULL;NULL;"2023-09-06 12:43:34";"2023-09-06 12:43:34";"103"
"C 1567";"103423";NULL;NULL;"2023-09-06 12:43:34";"2023-09-06 12:43:34";"103"
"C 1568";"103424";NULL;NULL;"2023-09-06 12:43:34";"2023-09-06 12:43:34";"103"
"C 1617";"103425";NULL;NULL;"2023-09-06 12:43:34";"2023-09-06 12:43:34";"103"
"C 1619";"103426";NULL;NULL;"2023-09-06 12:43:34";"2023-09-06 12:43:34";"103"
"C 1627";"103427";NULL;NULL;"2023-09-06 12:43:34";"2023-09-06 12:43:34";"103"
"C 1674";"103428";NULL;NULL;"2023-09-06 12:43:34";"2023-09-06 12:43:34";"103"
"C 1684";"103429";NULL;NULL;"2023-09-06 12:43:34";"2023-09-06 12:43:34";"103"
"C 1685";"103430";NULL;NULL;"2023-09-06 12:43:34";"2023-09-06 12:43:34";"103"
"C 1735";"103431";NULL;NULL;"2023-09-06 12:43:34";"2023-09-06 12:43:34";"103"
"C 1740";"103432";NULL;NULL;"2023-09-06 12:43:35";"2023-09-06 12:43:35";"103"
"C 1741";"103433";NULL;NULL;"2023-09-06 12:43:35";"2023-09-06 12:43:35";"103"
"C 1756";"103434";NULL;NULL;"2023-09-06 12:43:35";"2023-09-06 12:43:35";"103"
"C 1804";"103446";NULL;NULL;"2023-09-06 12:43:35";"2023-09-06 12:43:35";"103"
"C 1806";"103435";NULL;NULL;"2023-09-06 12:43:35";"2023-09-06 12:43:35";"103"
"C 1815";"103436";NULL;NULL;"2023-09-06 12:43:35";"2023-09-06 12:43:35";"103"
"C 1826";"103437";NULL;NULL;"2023-09-06 12:43:35";"2023-09-06 12:43:35";"103"
"C 1827";"103438";NULL;NULL;"2023-09-06 12:43:35";"2023-09-06 12:43:35";"103"
"C 1841";"103439";NULL;NULL;"2023-09-06 12:43:35";"2023-09-06 12:43:35";"103"
"C 1845";"103440";NULL;NULL;"2023-09-06 12:43:35";"2023-09-06 12:43:35";"103"
"C 1846";"103441";NULL;NULL;"2023-09-06 12:43:35";"2023-09-06 12:43:35";"103"
"C 1847";"103442";NULL;NULL;"2023-09-06 12:43:35";"2023-09-06 12:43:35";"103"
"C 1883";"103443";NULL;NULL;"2023-09-06 12:43:35";"2023-09-06 12:43:35";"103"
"C 1884";"103444";NULL;NULL;"2023-09-06 12:43:35";"2023-09-06 12:43:35";"103"
"C 1890";"103445";NULL;NULL;"2023-09-06 12:43:35";"2023-09-06 12:43:35";"103"
"C 1921";"103447";NULL;NULL;"2023-09-06 12:43:35";"2023-09-06 12:43:35";"103"
"C 1923";"103448";NULL;NULL;"2023-09-06 12:43:35";"2023-09-06 12:43:35";"103"
"C 1941";"103449";NULL;NULL;"2023-09-06 12:43:35";"2023-09-06 12:43:35";"103"
"C 1942";"103450";NULL;NULL;"2023-09-06 12:43:35";"2023-09-06 12:43:35";"103"
"C 1943";"103451";NULL;NULL;"2023-09-06 12:43:35";"2023-09-06 12:43:35";"103"
"C 1959";"103452";NULL;NULL;"2023-09-06 12:43:35";"2023-09-06 12:43:35";"103"
"C 1983";"103453";NULL;NULL;"2023-09-06 12:43:35";"2023-09-06 12:43:35";"103"
"C 1984";"103454";NULL;NULL;"2023-09-06 12:43:35";"2023-09-06 12:43:35";"103"
"C 1986";"103455";NULL;NULL;"2023-09-06 12:43:35";"2023-09-06 12:43:35";"103"
"C 1986 ORG";"103456";NULL;NULL;"2023-09-06 12:43:35";"2023-09-06 12:43:35";"103"
"C 2002";"103457";NULL;NULL;"2023-09-06 12:43:35";"2023-09-06 12:43:35";"103"
"C 2003";"103458";NULL;NULL;"2023-09-06 12:43:35";"2023-09-06 12:43:35";"103"
"C 2012";"103459";NULL;NULL;"2023-09-06 12:43:35";"2023-09-06 12:43:35";"103"
"C 2013";"103460";NULL;NULL;"2023-09-06 12:43:35";"2023-09-06 12:43:35";"103"
"C 2027";"103461";NULL;NULL;"2023-09-06 12:43:35";"2023-09-06 12:43:35";"103"
"C 2061";"103462";NULL;NULL;"2023-09-06 12:43:35";"2023-09-06 12:43:35";"103"
"C 2068";"103463";NULL;NULL;"2023-09-06 12:43:35";"2023-09-06 12:43:35";"103"
"C 2073";"103464";NULL;NULL;"2023-09-06 12:43:35";"2023-09-06 12:43:35";"103"
"C 2093";"103465";NULL;NULL;"2023-09-06 12:43:35";"2023-09-06 12:43:35";"103"
"C 2120";"103466";NULL;NULL;"2023-09-06 12:43:35";"2023-09-06 12:43:35";"103"
"C 2209";"103467";NULL;NULL;"2023-09-06 12:43:35";"2023-09-06 12:43:35";"103"
"C 2211";"103468";NULL;NULL;"2023-09-06 12:43:35";"2023-09-06 12:43:35";"103"
"C 2229";"103469";NULL;NULL;"2023-09-06 12:43:35";"2023-09-06 12:43:35";"103"
"C 2230";"103470";NULL;NULL;"2023-09-06 12:43:35";"2023-09-06 12:43:35";"103"
"C 2231";"103471";NULL;NULL;"2023-09-06 12:43:35";"2023-09-06 12:43:35";"103"
"C 2233";"103472";NULL;NULL;"2023-09-06 12:43:35";"2023-09-06 12:43:35";"103"
"C 2235";"103473";NULL;NULL;"2023-09-06 12:43:35";"2023-09-06 12:43:35";"103"
"C 2236";"103474";NULL;NULL;"2023-09-06 12:43:35";"2023-09-06 12:43:35";"103"
"C 2238";"103475";NULL;NULL;"2023-09-06 12:43:35";"2023-09-06 12:43:35";"103"
"C 2240";"103476";NULL;NULL;"2023-09-06 12:43:35";"2023-09-06 12:43:35";"103"
"C 2271";"103477";NULL;NULL;"2023-09-06 12:43:35";"2023-09-06 12:43:35";"103"
"C 2275";"103478";NULL;NULL;"2023-09-06 12:43:35";"2023-09-06 12:43:35";"103"
"C 2310";"103479";NULL;NULL;"2023-09-06 12:43:35";"2023-09-06 12:43:35";"103"
"C 2320";"103480";NULL;NULL;"2023-09-06 12:43:35";"2023-09-06 12:43:35";"103"
"C 2328";"103481";NULL;NULL;"2023-09-06 12:43:35";"2023-09-06 12:43:35";"103"
"C 2330";"103482";NULL;NULL;"2023-09-06 12:43:35";"2023-09-06 12:43:35";"103"
"C 2331";"103483";NULL;NULL;"2023-09-06 12:43:35";"2023-09-06 12:43:35";"103"
"C 2334";"103484";NULL;NULL;"2023-09-06 12:43:35";"2023-09-06 12:43:35";"103"
"C 2335";"103485";NULL;NULL;"2023-09-06 12:43:35";"2023-09-06 12:43:35";"103"
"C 2371";"103486";NULL;NULL;"2023-09-06 12:43:35";"2023-09-06 12:43:35";"103"
"C 238";"103487";NULL;NULL;"2023-09-06 12:43:35";"2023-09-06 12:43:35";"103"
"C 2382";"103488";NULL;NULL;"2023-09-06 12:43:35";"2023-09-06 12:43:35";"103"
"C 2383";"103489";NULL;NULL;"2023-09-06 12:43:35";"2023-09-06 12:43:35";"103"
"C 239";"103490";NULL;NULL;"2023-09-06 12:43:35";"2023-09-06 12:43:35";"103"
"C 244";"103491";NULL;NULL;"2023-09-06 12:43:35";"2023-09-06 12:43:35";"103"
"C 2458";"103492";NULL;NULL;"2023-09-06 12:43:35";"2023-09-06 12:43:35";"103"
"C 2482";"103493";NULL;NULL;"2023-09-06 12:43:36";"2023-09-06 12:43:36";"103"
"C 2483";"103494";NULL;NULL;"2023-09-06 12:43:36";"2023-09-06 12:43:36";"103"
"C 2499";"103495";NULL;NULL;"2023-09-06 12:43:36";"2023-09-06 12:43:36";"103"
"C 2500";"103496";NULL;NULL;"2023-09-06 12:43:36";"2023-09-06 12:43:36";"103"
"C 2525";"103497";NULL;NULL;"2023-09-06 12:43:36";"2023-09-06 12:43:36";"103"
"C 2552";"103498";NULL;NULL;"2023-09-06 12:43:36";"2023-09-06 12:43:36";"103"
"C 2555";"103499";NULL;NULL;"2023-09-06 12:43:36";"2023-09-06 12:43:36";"103"
"C 2565";"103500";NULL;NULL;"2023-09-06 12:43:36";"2023-09-06 12:43:36";"103"
"C 2570";"103501";NULL;NULL;"2023-09-06 12:43:36";"2023-09-06 12:43:36";"103"
"C 2577";"103502";NULL;NULL;"2023-09-06 12:43:36";"2023-09-06 12:43:36";"103"
"C 2577 ORG";"103503";NULL;NULL;"2023-09-06 12:43:36";"2023-09-06 12:43:36";"103"
"C 2578";"103504";NULL;NULL;"2023-09-06 12:43:36";"2023-09-06 12:43:36";"103"
"C 2578 ORG";"103505";NULL;NULL;"2023-09-06 12:43:36";"2023-09-06 12:43:36";"103"
"C 2579";"103506";NULL;NULL;"2023-09-06 12:43:36";"2023-09-06 12:43:36";"103"
"C 2579 ORG";"103507";NULL;NULL;"2023-09-06 12:43:36";"2023-09-06 12:43:36";"103"
"C 2580";"103508";NULL;NULL;"2023-09-06 12:43:36";"2023-09-06 12:43:36";"103"
"C 2580 ORG";"103509";NULL;NULL;"2023-09-06 12:43:36";"2023-09-06 12:43:36";"103"
"C 2611";"103510";NULL;NULL;"2023-09-06 12:43:36";"2023-09-06 12:43:36";"103"
"C 2632";"103511";NULL;NULL;"2023-09-06 12:43:36";"2023-09-06 12:43:36";"103"
"C 2655";"103512";NULL;NULL;"2023-09-06 12:43:36";"2023-09-06 12:43:36";"103"
"C 2673";"103513";NULL;NULL;"2023-09-06 12:43:36";"2023-09-06 12:43:36";"103"
"C 2677";"103514";NULL;NULL;"2023-09-06 12:43:36";"2023-09-06 12:43:36";"103"
"C 2680";"103515";NULL;NULL;"2023-09-06 12:43:36";"2023-09-06 12:43:36";"103"
"C 2681";"103516";NULL;NULL;"2023-09-06 12:43:36";"2023-09-06 12:43:36";"103"
"C 2685";"103517";NULL;NULL;"2023-09-06 12:43:36";"2023-09-06 12:43:36";"103"
"C 2690";"103518";NULL;NULL;"2023-09-06 12:43:36";"2023-09-06 12:43:36";"103"
"C 2703";"103519";NULL;NULL;"2023-09-06 12:43:36";"2023-09-06 12:43:36";"103"
"C 2752";"103520";NULL;NULL;"2023-09-06 12:43:36";"2023-09-06 12:43:36";"103"
"C 2785";"103521";NULL;NULL;"2023-09-06 12:43:36";"2023-09-06 12:43:36";"103"
"C 2878";"103522";NULL;NULL;"2023-09-06 12:43:36";"2023-09-06 12:43:36";"103"
"C 2881";"103523";NULL;NULL;"2023-09-06 12:43:36";"2023-09-06 12:43:36";"103"
"C 2921";"103524";NULL;NULL;"2023-09-06 12:43:36";"2023-09-06 12:43:36";"103"
"C 2921 ORG";"103525";NULL;NULL;"2023-09-06 12:43:36";"2023-09-06 12:43:36";"103"
"C 2922";"103526";NULL;NULL;"2023-09-06 12:43:36";"2023-09-06 12:43:36";"103"
"C 2922 ORG";"103527";NULL;NULL;"2023-09-06 12:43:36";"2023-09-06 12:43:36";"103"
"C 3039";"103528";NULL;NULL;"2023-09-06 12:43:36";"2023-09-06 12:43:36";"103"
"C 3070";"103529";NULL;NULL;"2023-09-06 12:43:36";"2023-09-06 12:43:36";"103"
"C 3074";"103530";NULL;NULL;"2023-09-06 12:43:36";"2023-09-06 12:43:36";"103"
"C 3086";"103531";NULL;NULL;"2023-09-06 12:43:36";"2023-09-06 12:43:36";"103"
"C 3153";"103532";NULL;NULL;"2023-09-06 12:43:36";"2023-09-06 12:43:36";"103"
"C 3169";"103533";NULL;NULL;"2023-09-06 12:43:36";"2023-09-06 12:43:36";"103"
"C 3178";"103534";NULL;NULL;"2023-09-06 12:43:36";"2023-09-06 12:43:36";"103"
"C 3180";"103535";NULL;NULL;"2023-09-06 12:43:36";"2023-09-06 12:43:36";"103"
"C 3181";"103536";NULL;NULL;"2023-09-06 12:43:36";"2023-09-06 12:43:36";"103"
"C 3181 ORG";"103537";NULL;NULL;"2023-09-06 12:43:36";"2023-09-06 12:43:36";"103"
"C 3182";"103538";NULL;NULL;"2023-09-06 12:43:36";"2023-09-06 12:43:36";"103"
"C 3182 ORG";"103539";NULL;NULL;"2023-09-06 12:43:36";"2023-09-06 12:43:36";"103"
"C 3186";"103540";NULL;NULL;"2023-09-06 12:43:36";"2023-09-06 12:43:36";"103"
"C 3198";"103541";NULL;NULL;"2023-09-06 12:43:36";"2023-09-06 12:43:36";"103"
"C 320";"103542";NULL;NULL;"2023-09-06 12:43:36";"2023-09-06 12:43:36";"103"
"C 3202";"103543";NULL;NULL;"2023-09-06 12:43:36";"2023-09-06 12:43:36";"103"
"C 3203";"103544";NULL;NULL;"2023-09-06 12:43:36";"2023-09-06 12:43:36";"103"
"C 3205";"103545";NULL;NULL;"2023-09-06 12:43:36";"2023-09-06 12:43:36";"103"
"C 3225";"103546";NULL;NULL;"2023-09-06 12:43:36";"2023-09-06 12:43:36";"103"
"C 3258";"103547";NULL;NULL;"2023-09-06 12:43:36";"2023-09-06 12:43:36";"103"
"C 3263";"103548";NULL;NULL;"2023-09-06 12:43:36";"2023-09-06 12:43:36";"103"
"C 3263 ORG";"103549";NULL;NULL;"2023-09-06 12:43:36";"2023-09-06 12:43:36";"103"
"C 3264";"103550";NULL;NULL;"2023-09-06 12:43:36";"2023-09-06 12:43:36";"103"
"C 3264 ORG";"103551";NULL;NULL;"2023-09-06 12:43:36";"2023-09-06 12:43:36";"103"
"C 3279";"103552";NULL;NULL;"2023-09-06 12:43:37";"2023-09-06 12:43:37";"103"
"C 3280";"103553";NULL;NULL;"2023-09-06 12:43:37";"2023-09-06 12:43:37";"103"
"C 3280 ORG";"103554";NULL;NULL;"2023-09-06 12:43:37";"2023-09-06 12:43:37";"103"
"C 3281";"103555";NULL;NULL;"2023-09-06 12:43:37";"2023-09-06 12:43:37";"103"
"C 3281 ORG";"103556";NULL;NULL;"2023-09-06 12:43:37";"2023-09-06 12:43:37";"103"
"C 3287 ORG";"103557";NULL;NULL;"2023-09-06 12:43:37";"2023-09-06 12:43:37";"103"
"C 3290";"103558";NULL;NULL;"2023-09-06 12:43:37";"2023-09-06 12:43:37";"103"
"C 3298";"103559";NULL;NULL;"2023-09-06 12:43:37";"2023-09-06 12:43:37";"103"
"C 3306";"103560";NULL;NULL;"2023-09-06 12:43:37";"2023-09-06 12:43:37";"103"
"C 331";"103561";NULL;NULL;"2023-09-06 12:43:37";"2023-09-06 12:43:37";"103"
"C 3310";"103562";NULL;NULL;"2023-09-06 12:43:37";"2023-09-06 12:43:37";"103"
"C 3355";"103563";NULL;NULL;"2023-09-06 12:43:37";"2023-09-06 12:43:37";"103"
"C 3360";"103564";NULL;NULL;"2023-09-06 12:43:37";"2023-09-06 12:43:37";"103"
"C 337";"103565";NULL;NULL;"2023-09-06 12:43:37";"2023-09-06 12:43:37";"103"
"C 3460";"103566";NULL;NULL;"2023-09-06 12:43:37";"2023-09-06 12:43:37";"103"
"C 3466";"103567";NULL;NULL;"2023-09-06 12:43:37";"2023-09-06 12:43:37";"103"
"C 3468";"103568";NULL;NULL;"2023-09-06 12:43:37";"2023-09-06 12:43:37";"103"
"C 3502";"103569";NULL;NULL;"2023-09-06 12:43:37";"2023-09-06 12:43:37";"103"
"C 3505";"103570";NULL;NULL;"2023-09-06 12:43:37";"2023-09-06 12:43:37";"103"
"C 3506";"103571";NULL;NULL;"2023-09-06 12:43:37";"2023-09-06 12:43:37";"103"
"C 3552";"103572";NULL;NULL;"2023-09-06 12:43:37";"2023-09-06 12:43:37";"103"
"C 3558";"103573";NULL;NULL;"2023-09-06 12:43:37";"2023-09-06 12:43:37";"103"
"C 3569";"103574";NULL;NULL;"2023-09-06 12:43:37";"2023-09-06 12:43:37";"103"
"C 3603";"103575";NULL;NULL;"2023-09-06 12:43:37";"2023-09-06 12:43:37";"103"
"C 3628";"103576";NULL;NULL;"2023-09-06 12:43:37";"2023-09-06 12:43:37";"103"
"C 3678";"103577";NULL;NULL;"2023-09-06 12:43:37";"2023-09-06 12:43:37";"103"
"C 3678 ORG";"103578";NULL;NULL;"2023-09-06 12:43:37";"2023-09-06 12:43:37";"103"
"C 3679 ORG";"103579";NULL;NULL;"2023-09-06 12:43:37";"2023-09-06 12:43:37";"103"
"C 368";"103580";NULL;NULL;"2023-09-06 12:43:37";"2023-09-06 12:43:37";"103"
"C 3688";"103581";NULL;NULL;"2023-09-06 12:43:37";"2023-09-06 12:43:37";"103"
"C 369";"103582";NULL;NULL;"2023-09-06 12:43:37";"2023-09-06 12:43:37";"103"
"C 3752";"103583";NULL;NULL;"2023-09-06 12:43:37";"2023-09-06 12:43:37";"103"
"C 3795";"103584";NULL;NULL;"2023-09-06 12:43:37";"2023-09-06 12:43:37";"103"
"C 3795 ORG";"103585";NULL;NULL;"2023-09-06 12:43:37";"2023-09-06 12:43:37";"103"
"C 3807";"103586";NULL;NULL;"2023-09-06 12:43:37";"2023-09-06 12:43:37";"103"
"C 382";"103587";NULL;NULL;"2023-09-06 12:43:37";"2023-09-06 12:43:37";"103"
"C 383";"103588";NULL;NULL;"2023-09-06 12:43:37";"2023-09-06 12:43:37";"103"
"C 3842";"103589";NULL;NULL;"2023-09-06 12:43:37";"2023-09-06 12:43:37";"103"
"C 3843";"103590";NULL;NULL;"2023-09-06 12:43:37";"2023-09-06 12:43:37";"103"
"C 3844";"103591";NULL;NULL;"2023-09-06 12:43:37";"2023-09-06 12:43:37";"103"
"C 3852";"103592";NULL;NULL;"2023-09-06 12:43:37";"2023-09-06 12:43:37";"103"
"C 3855";"103593";NULL;NULL;"2023-09-06 12:43:37";"2023-09-06 12:43:37";"103"
"C 3856 OCAS";"103594";NULL;NULL;"2023-09-06 12:43:37";"2023-09-06 12:43:37";"103"
"C 3856 ORD";"103595";NULL;NULL;"2023-09-06 12:43:37";"2023-09-06 12:43:37";"103"
"C 3856 ORG";"103596";NULL;NULL;"2023-09-06 12:43:37";"2023-09-06 12:43:37";"103"
"C 3858";"103597";NULL;NULL;"2023-09-06 12:43:37";"2023-09-06 12:43:37";"103"
"C 3858 OCAS";"103598";NULL;NULL;"2023-09-06 12:43:37";"2023-09-06 12:43:37";"103"
"C 3866";"103599";NULL;NULL;"2023-09-06 12:43:37";"2023-09-06 12:43:37";"103"
"C 3886";"103600";NULL;NULL;"2023-09-06 12:43:37";"2023-09-06 12:43:37";"103"
"C 3886 ORG";"103601";NULL;NULL;"2023-09-06 12:43:37";"2023-09-06 12:43:37";"103"
"C 3892";"103602";NULL;NULL;"2023-09-06 12:43:37";"2023-09-06 12:43:37";"103"
"C 3898";"103603";NULL;NULL;"2023-09-06 12:43:37";"2023-09-06 12:43:37";"103"
"C 3927";"103604";NULL;NULL;"2023-09-06 12:43:37";"2023-09-06 12:43:37";"103"
"C 3940";"103605";NULL;NULL;"2023-09-06 12:43:37";"2023-09-06 12:43:37";"103"
"C 3998";"103606";NULL;NULL;"2023-09-06 12:43:37";"2023-09-06 12:43:37";"103"
"C 4137";"103607";NULL;NULL;"2023-09-06 12:43:37";"2023-09-06 12:43:37";"103"
"C 420";"103608";NULL;NULL;"2023-09-06 12:43:37";"2023-09-06 12:43:37";"103"
"C 421";"103609";NULL;NULL;"2023-09-06 12:43:37";"2023-09-06 12:43:37";"103"
"C 422";"103610";NULL;NULL;"2023-09-06 12:43:37";"2023-09-06 12:43:37";"103"
"C 4231";"103611";NULL;NULL;"2023-09-06 12:43:38";"2023-09-06 12:43:38";"103"
"C 4236";"103612";NULL;NULL;"2023-09-06 12:43:38";"2023-09-06 12:43:38";"103"
"C 4237";"103613";NULL;NULL;"2023-09-06 12:43:38";"2023-09-06 12:43:38";"103"
"C 4300";"103614";NULL;NULL;"2023-09-06 12:43:38";"2023-09-06 12:43:38";"103"
"C 4304";"103615";NULL;NULL;"2023-09-06 12:43:38";"2023-09-06 12:43:38";"103"
"C 4370";"103616";NULL;NULL;"2023-09-06 12:43:38";"2023-09-06 12:43:38";"103"
"C 4390";"103617";NULL;NULL;"2023-09-06 12:43:38";"2023-09-06 12:43:38";"103"
"C 4429";"103618";NULL;NULL;"2023-09-06 12:43:38";"2023-09-06 12:43:38";"103"
"C 4458";"103619";NULL;NULL;"2023-09-06 12:43:38";"2023-09-06 12:43:38";"103"
"C 4467";"103620";NULL;NULL;"2023-09-06 12:43:38";"2023-09-06 12:43:38";"103"
"C 4506";"103621";NULL;NULL;"2023-09-06 12:43:38";"2023-09-06 12:43:38";"103"
"C 4518";"103622";NULL;NULL;"2023-09-06 12:43:38";"2023-09-06 12:43:38";"103"
"C 4570";"103623";NULL;NULL;"2023-09-06 12:43:38";"2023-09-06 12:43:38";"103"
"C 458";"103624";NULL;NULL;"2023-09-06 12:43:38";"2023-09-06 12:43:38";"103"
"C 4581";"103625";NULL;NULL;"2023-09-06 12:43:38";"2023-09-06 12:43:38";"103"
"C 4596";"103626";NULL;NULL;"2023-09-06 12:43:38";"2023-09-06 12:43:38";"103"
"C 4793";"103627";NULL;NULL;"2023-09-06 12:43:38";"2023-09-06 12:43:38";"103"
"C 480";"103628";NULL;NULL;"2023-09-06 12:43:38";"2023-09-06 12:43:38";"103"
"C 480 ORD";"103630";NULL;NULL;"2023-09-06 12:43:38";"2023-09-06 12:43:38";"103"
"C 4804";"103629";NULL;NULL;"2023-09-06 12:43:38";"2023-09-06 12:43:38";"103"
"C 4834";"103631";NULL;NULL;"2023-09-06 12:43:38";"2023-09-06 12:43:38";"103"
"C 4904";"103632";NULL;NULL;"2023-09-06 12:43:38";"2023-09-06 12:43:38";"103"
"C 4908";"103633";NULL;NULL;"2023-09-06 12:43:38";"2023-09-06 12:43:38";"103"
"C 4924";"103634";NULL;NULL;"2023-09-06 12:43:38";"2023-09-06 12:43:38";"103"
"C 4927";"103635";NULL;NULL;"2023-09-06 12:43:38";"2023-09-06 12:43:38";"103"
"C 4927 ORG";"103636";NULL;NULL;"2023-09-06 12:43:38";"2023-09-06 12:43:38";"103"
"C 5027";"103637";NULL;NULL;"2023-09-06 12:43:38";"2023-09-06 12:43:38";"103"
"C 5027 ORG";"103638";NULL;NULL;"2023-09-06 12:43:38";"2023-09-06 12:43:38";"103"
"C 5198 OCAS";"103639";NULL;NULL;"2023-09-06 12:43:38";"2023-09-06 12:43:38";"103"
"C 5198 ORG";"103640";NULL;NULL;"2023-09-06 12:43:38";"2023-09-06 12:43:38";"103"
"C 5200 OCAS";"103641";NULL;NULL;"2023-09-06 12:43:38";"2023-09-06 12:43:38";"103"
"C 5200 ORD";"103642";NULL;NULL;"2023-09-06 12:43:38";"2023-09-06 12:43:38";"103"
"C 5200 ORG NEUF";"103643";NULL;NULL;"2023-09-06 12:43:38";"2023-09-06 12:43:38";"103"
"C 5241";"103644";NULL;NULL;"2023-09-06 12:43:38";"2023-09-06 12:43:38";"103"
"C 5244";"103645";NULL;NULL;"2023-09-06 12:43:38";"2023-09-06 12:43:38";"103"
"C 5250";"103646";NULL;NULL;"2023-09-06 12:43:38";"2023-09-06 12:43:38";"103"
"C 5250 ORG";"103647";NULL;NULL;"2023-09-06 12:43:38";"2023-09-06 12:43:38";"103"
"C 5281";"103648";NULL;NULL;"2023-09-06 12:43:38";"2023-09-06 12:43:38";"103"
"C 5287";"103649";NULL;NULL;"2023-09-06 12:43:38";"2023-09-06 12:43:38";"103"
"C 5287 ORG";"103650";NULL;NULL;"2023-09-06 12:43:38";"2023-09-06 12:43:38";"103"
"C 5297";"103651";NULL;NULL;"2023-09-06 12:43:38";"2023-09-06 12:43:38";"103"
"C 5298";"103652";NULL;NULL;"2023-09-06 12:43:38";"2023-09-06 12:43:38";"103"
"C 5299";"103653";NULL;NULL;"2023-09-06 12:43:38";"2023-09-06 12:43:38";"103"
"C 5299 ORG";"103654";NULL;NULL;"2023-09-06 12:43:38";"2023-09-06 12:43:38";"103"
"C 5301";"103655";NULL;NULL;"2023-09-06 12:43:38";"2023-09-06 12:43:38";"103"
"C 5301 NI";"103656";NULL;NULL;"2023-09-06 12:43:38";"2023-09-06 12:43:38";"103"
"C 5302";"103657";NULL;NULL;"2023-09-06 12:43:38";"2023-09-06 12:43:38";"103"
"C 5331";"103659";NULL;NULL;"2023-09-06 12:43:38";"2023-09-06 12:43:38";"103"
"C 5383";"103662";NULL;NULL;"2023-09-06 12:43:38";"2023-09-06 12:43:38";"103"
"C 5385";"103663";NULL;NULL;"2023-09-06 12:43:38";"2023-09-06 12:43:38";"103"
"C 5386";"103664";NULL;NULL;"2023-09-06 12:43:38";"2023-09-06 12:43:38";"103"
"C 5386 OCAS";"103665";NULL;NULL;"2023-09-06 12:43:38";"2023-09-06 12:43:38";"103"
"C 5387";"103666";NULL;NULL;"2023-09-06 12:43:38";"2023-09-06 12:43:38";"103"
"C 5387 OCAS";"103667";NULL;NULL;"2023-09-06 12:43:38";"2023-09-06 12:43:38";"103"
"C 5388 ORG";"103668";NULL;NULL;"2023-09-06 12:43:38";"2023-09-06 12:43:38";"103"
"C 5397";"103669";NULL;NULL;"2023-09-06 12:43:39";"2023-09-06 12:43:39";"103"
"C 5401";"103670";NULL;NULL;"2023-09-06 12:43:39";"2023-09-06 12:43:39";"103"
"C 5596 ORD";"103671";NULL;NULL;"2023-09-06 12:43:39";"2023-09-06 12:43:39";"103"
"C 5888";"103672";NULL;NULL;"2023-09-06 12:43:39";"2023-09-06 12:43:39";"103"
"C 5929";"103673";NULL;NULL;"2023-09-06 12:43:39";"2023-09-06 12:43:39";"103"
"C 6090";"103674";NULL;NULL;"2023-09-06 12:43:39";"2023-09-06 12:43:39";"103"
"C 6093";"103675";NULL;NULL;"2023-09-06 12:43:39";"2023-09-06 12:43:39";"103"
"C 639";"103676";NULL;NULL;"2023-09-06 12:43:39";"2023-09-06 12:43:39";"103"
"C 640";"103677";NULL;NULL;"2023-09-06 12:43:39";"2023-09-06 12:43:39";"103"
"C 7055";"103678";NULL;NULL;"2023-09-06 12:43:39";"2023-09-06 12:43:39";"103"
"C 710";"103679";NULL;NULL;"2023-09-06 12:43:39";"2023-09-06 12:43:39";"103"
"C 711";"103680";NULL;NULL;"2023-09-06 12:43:39";"2023-09-06 12:43:39";"103"
"C 732";"103681";NULL;NULL;"2023-09-06 12:43:39";"2023-09-06 12:43:39";"103"
"C 735";"103682";NULL;NULL;"2023-09-06 12:43:39";"2023-09-06 12:43:39";"103"
"C 7379";"103683";NULL;NULL;"2023-09-06 12:43:39";"2023-09-06 12:43:39";"103"
"C 740";"103684";NULL;NULL;"2023-09-06 12:43:39";"2023-09-06 12:43:39";"103"
"C 8050";"103685";NULL;NULL;"2023-09-06 12:43:39";"2023-09-06 12:43:39";"103"
"C 815";"103686";NULL;NULL;"2023-09-06 12:43:39";"2023-09-06 12:43:39";"103"
"C 817";"103687";NULL;NULL;"2023-09-06 12:43:39";"2023-09-06 12:43:39";"103"
"C 822";"103688";NULL;NULL;"2023-09-06 12:43:39";"2023-09-06 12:43:39";"103"
"C 828";"103689";NULL;NULL;"2023-09-06 12:43:39";"2023-09-06 12:43:39";"103"
"C 829";"103690";NULL;NULL;"2023-09-06 12:43:39";"2023-09-06 12:43:39";"103"
"C 8350";"103691";NULL;NULL;"2023-09-06 12:43:39";"2023-09-06 12:43:39";"103"
"C 837";"103692";NULL;NULL;"2023-09-06 12:43:39";"2023-09-06 12:43:39";"103"
"C 8550";"103693";NULL;NULL;"2023-09-06 12:43:39";"2023-09-06 12:43:39";"103"
"C 8555";"103694";NULL;NULL;"2023-09-06 12:43:39";"2023-09-06 12:43:39";"103"
"C 9011";"103695";NULL;NULL;"2023-09-06 12:43:39";"2023-09-06 12:43:39";"103"
"C 9012";"103696";NULL;NULL;"2023-09-06 12:43:39";"2023-09-06 12:43:39";"103"
"C 9013";"103697";NULL;NULL;"2023-09-06 12:43:39";"2023-09-06 12:43:39";"103"
"C 9014";"103698";NULL;NULL;"2023-09-06 12:43:39";"2023-09-06 12:43:39";"103"
"C 9015";"103699";NULL;NULL;"2023-09-06 12:43:39";"2023-09-06 12:43:39";"103"
"C 9016";"103700";NULL;NULL;"2023-09-06 12:43:39";"2023-09-06 12:43:39";"103"
"C 9018";"103701";NULL;NULL;"2023-09-06 12:43:39";"2023-09-06 12:43:39";"103"
"C 9060";"103702";NULL;NULL;"2023-09-06 12:43:39";"2023-09-06 12:43:39";"103"
"C 940";"103703";NULL;NULL;"2023-09-06 12:43:39";"2023-09-06 12:43:39";"103"
"C 945";"103704";NULL;NULL;"2023-09-06 12:43:39";"2023-09-06 12:43:39";"103"
"C27";"707030";NULL;NULL;"2023-09-06 14:58:58";"2023-09-06 14:58:58";"707"
"CABINE DE DOUCHE";"501059";NULL;NULL;"2023-09-06 14:58:55";"2023-09-06 14:58:55";"501"
"CABLE ALIM TYPE I";"215329";NULL;NULL;"2023-12-12 03:21:43";"2023-12-12 03:21:43";"215"
"CABLE ALIMENTATION TYPE I";"215231";NULL;NULL;"2023-09-06 12:44:47";"2023-09-06 12:44:47";"215"
"CABLE ALIMT";"222001";NULL;NULL;"2023-09-06 12:43:20";"2023-09-06 12:43:20";"222"
"CABLE ALIMT DESKTOP ORDINAIRE NIGERIA 220V";"222003";NULL;NULL;"2023-09-06 12:43:20";"2023-09-06 12:43:20";"222"
"CABLE ALIMT DESKTOP ORDINAIRE TETE ANGLAISE + ADAPT";"222014";NULL;NULL;"2023-12-12 03:21:12";"2023-12-12 03:21:12";"222"
"CABLE ALIMT DESKTOP TETE CHINOISE 2 POL";"222009";NULL;NULL;"2023-09-06 12:43:20";"2023-09-06 12:43:20";"222"
"CABLE ALIMT FER A REPASSER 3 POL";"222007";NULL;NULL;"2023-09-06 12:43:20";"2023-09-06 12:43:20";"222"
"CABLE ALIMT FRIGO 1.5 A-1.90M";"222004";NULL;NULL;"2023-09-06 12:43:20";"2023-09-06 12:43:20";"222"
"CABLE ALIMT FRIGO 1.90M";"222005";NULL;NULL;"2023-09-06 12:43:20";"2023-09-06 12:43:20";"222"
"CABLE ALIMT LAP 3 FOYER";"222008";NULL;NULL;"2023-09-06 12:43:20";"2023-09-06 12:43:20";"222"
"CABLE ALIMT LAP FEM 220V";"222002";NULL;NULL;"2023-09-06 12:43:20";"2023-09-06 12:43:20";"222"
"CABLE ALIMT ORDINATEUR ORG";"222006";NULL;NULL;"2023-09-06 12:43:20";"2023-09-06 12:43:20";"222"
"CABLE ALIMT ORDINATEUR SEMI ORG";"222010";NULL;NULL;"2023-09-06 12:43:20";"2023-09-06 12:43:20";"222"
"CABLE ALIMT RADIO ORD";"222011";NULL;NULL;"2023-09-06 12:43:20";"2023-09-06 12:43:20";"222"
"CABLE ALIMT RADIO ORG";"222012";NULL;NULL;"2023-09-06 12:43:20";"2023-09-06 12:43:20";"222"
"CABLE ALIMT TRANSFO 110V";"222013";NULL;NULL;"2023-09-06 12:43:20";"2023-09-06 12:43:20";"222"
"CABLE DE CONNEXION DE TERRE REG TENSION";"215232";NULL;NULL;"2023-09-06 12:44:47";"2023-09-06 12:44:47";"215"
"CABLE HP AV TRANSP NOIR BLINDE";"223001";NULL;NULL;"2023-09-06 12:43:20";"2023-09-06 12:43:20";"223"
"CABLE HP AV TRANSP PM";"223002";NULL;NULL;"2023-09-06 12:43:20";"2023-09-06 12:43:20";"223"
"CABLE HP BLEU TRANSLUCIDE KTVS";"223003";NULL;NULL;"2023-09-06 12:43:20";"2023-09-06 12:43:20";"223"
"CABLE HP CHENCHEN 70MA RLX";"223004";NULL;NULL;"2023-09-06 12:43:20";"2023-09-06 12:43:20";"223"
"CABLE HP EN RLX ALFIFA ";"215351";NULL;NULL;"2023-12-12 03:21:43";"2023-12-12 03:21:43";"215"
"CABLE HP LENCH 100 YRDS";"223005";NULL;NULL;"2023-09-06 12:43:20";"2023-09-06 12:43:20";"223"
"CABLE HP NOIR";"223024";NULL;NULL;"2023-12-12 03:21:12";"2023-12-12 03:21:12";"223"
"CABLE HP NOIR EN M";"223006";NULL;NULL;"2023-09-06 12:43:20";"2023-09-06 12:43:20";"223"
"CABLE HP NOIR ORG";"215313";NULL;NULL;"2023-12-12 03:21:42";"2023-12-12 03:21:42";"215"
"CABLE HP PEACE AUDIO";"223007";NULL;NULL;"2023-09-06 12:43:20";"2023-09-06 12:43:20";"223"
"CABLE HP PROFESSIONAL MODEL YARD";"223008";NULL;NULL;"2023-09-06 12:43:20";"2023-09-06 12:43:20";"223"
"CABLE HP RLX KTVS  RED/BLACK 100Y";"223022";NULL;NULL;"2023-12-12 03:21:12";"2023-12-12 03:21:12";"223"
"CABLE HP RLX TRANSLUCIDE BLEU KLITEX PM";"223023";NULL;NULL;"2023-12-12 03:21:12";"2023-12-12 03:21:12";"223"
"CABLE HP ROUGE NOIR 0.8MM";"223013";NULL;NULL;"2023-09-06 12:43:20";"2023-09-06 12:43:20";"223"
"CABLE HP ROULEAU SINGLY/BLEU BLANC TRANSLUCIDE";"223010";NULL;NULL;"2023-09-06 12:43:20";"2023-09-06 12:43:20";"223"
"CABLE HP ROULEAU SINGY TRANSLUCIDE 50M";"223011";NULL;NULL;"2023-09-06 12:43:20";"2023-09-06 12:43:20";"223"
"CABLE HP ROULEAU TRANSLUCIDE BLEU KLITEX PM";"223012";NULL;NULL;"2023-09-06 12:43:20";"2023-09-06 12:43:20";"223"
"CABLE HP ROULEAUX KTVS  RED/BLACK 100Y";"223009";NULL;NULL;"2023-09-06 12:43:20";"2023-09-06 12:43:20";"223"
"CABLE HP SEMI TRANSLUCIDE ISO 9001-2000";"223014";NULL;NULL;"2023-09-06 12:43:20";"2023-09-06 12:43:20";"223"
"CABLE HP toure noir ORG";"215171";NULL;NULL;"2023-09-06 12:44:46";"2023-09-06 12:44:46";"215"
"CABLE HP TOUT NOIR";"223015";NULL;NULL;"2023-09-06 12:43:20";"2023-09-06 12:43:20";"223"
"CABLE HP TRANSLUCIDE EN M";"223016";NULL;NULL;"2023-09-06 12:43:20";"2023-09-06 12:43:20";"223"
"CABLE HP TRANSLUCIDE ORG KLITEX GM";"223018";NULL;NULL;"2023-09-06 12:43:20";"2023-09-06 12:43:20";"223"
"CABLE HP TRANSP FLEX PM";"223017";NULL;NULL;"2023-09-06 12:43:20";"2023-09-06 12:43:20";"223"
"CABLE HP TRANSP NOIR BLINDE";"223020";NULL;NULL;"2023-12-12 03:21:12";"2023-12-12 03:21:12";"223"
"CABLE HP TRANSP PM";"223021";NULL;NULL;"2023-12-12 03:21:12";"2023-12-12 03:21:12";"223"
"CABLE MIC EN M";"224002";NULL;NULL;"2023-09-06 12:43:20";"2023-09-06 12:43:20";"224"
"CABLE MIC EN RLX NOIR BLINDE";"224008";NULL;NULL;"2023-12-12 03:21:12";"2023-12-12 03:21:12";"224"
"CABLE MIC EN ROULEAU MNO LF 640 100Y SILTRON";"224004";NULL;NULL;"2023-09-06 12:43:20";"2023-09-06 12:43:20";"224"
"CABLE MIC EN ROULEAUX NOIR BLINDE";"224003";NULL;NULL;"2023-09-06 12:43:20";"2023-09-06 12:43:20";"224"
"CABLE MIC NOIR ORG EN RLX KEPU";"224007";NULL;NULL;"2023-12-12 03:21:12";"2023-12-12 03:21:12";"224"
"CABLE MIC NOIR ORG EN ROULEAU KEPU";"224001";NULL;NULL;"2023-09-06 12:43:20";"2023-09-06 12:43:20";"224"
"CABLE MIC RLX NOIR BLINDE EN M";"224009";NULL;NULL;"2023-12-12 03:21:12";"2023-12-12 03:21:12";"224"
"CABLE MIC ROULEAUX NOIR BLINDE EN M";"224005";NULL;NULL;"2023-09-06 12:43:20";"2023-09-06 12:43:20";"224"
"CABLE MIC TRANSLUCIDE COULEUR";"224010";NULL;NULL;"2023-12-12 03:21:12";"2023-12-12 03:21:12";"224"
"CABLE MIC TRANSLUCIDE MULTI NUMCOLOR";"224006";NULL;NULL;"2023-09-06 12:43:20";"2023-09-06 12:43:20";"224"
"CABLE MONTAGE EN RLX 100M";"223025";NULL;NULL;"2023-12-12 03:21:12";"2023-12-12 03:21:12";"223"
"CABLE MONTAGE EN ROULEAUX 100M";"223019";NULL;NULL;"2023-09-06 12:43:20";"2023-09-06 12:43:20";"223"
"CABLE RESEAU BLINDE FTP cat6";"215174";NULL;NULL;"2023-09-06 12:44:46";"2023-09-06 12:44:46";"215"
"CABLE RESEAU LWUTP cat6 305m";"215173";NULL;NULL;"2023-09-06 12:44:46";"2023-09-06 12:44:46";"215"
"CABLE RESEAU SFTP LW cat6";"215175";NULL;NULL;"2023-09-06 12:44:46";"2023-09-06 12:44:46";"215"
"CABLE RESO BLINDE FTP CAT 6";"225017";NULL;NULL;"2023-12-12 03:21:42";"2023-12-12 03:21:42";"225"
"CABLE RESO LW UTP cat6 305m";"225016";NULL;NULL;"2023-12-12 03:21:42";"2023-12-12 03:21:42";"225"
"CABLE RESO RJ 45";"225013";NULL;NULL;"2023-12-12 03:21:12";"2023-12-12 03:21:12";"225"
"CABLE RESO SFTP LW CAT 6";"225018";NULL;NULL;"2023-12-12 03:21:42";"2023-12-12 03:21:42";"225"
"CABLE RESO UTP CAT5 EN RLX";"225014";NULL;NULL;"2023-12-12 03:21:12";"2023-12-12 03:21:12";"225"
"CABLE RESO UTP CAT5E EN ROULEAUX";"225002";NULL;NULL;"2023-09-06 12:43:20";"2023-09-06 12:43:20";"225"
"CABLE RESO UTP CAT6  SERTI 3 STARGOLD";"225009";NULL;NULL;"2023-09-06 12:43:20";"2023-09-06 12:43:20";"225"
"CABLE RESO UTP CAT6 EN M";"225003";NULL;NULL;"2023-09-06 12:43:20";"2023-09-06 12:43:20";"225"
"CABLE RESO UTP CAT6 EN RLX 100M STARGOLD";"225015";NULL;NULL;"2023-12-12 03:21:12";"2023-12-12 03:21:12";"225"
"CABLE RESO UTP CAT6 EN ROULEAUX 100M STARGOLD";"225004";NULL;NULL;"2023-09-06 12:43:20";"2023-09-06 12:43:20";"225"
"CABLE RESO UTP CAT6 SERTI 10M STARGOLD";"225005";NULL;NULL;"2023-09-06 12:43:20";"2023-09-06 12:43:20";"225"
"CABLE RESO UTP CAT6 SERTI 15M STARGOLD";"225006";NULL;NULL;"2023-09-06 12:43:20";"2023-09-06 12:43:20";"225"
"CABLE RESO UTP CAT6 SERTI 20M STARGOLD";"225007";NULL;NULL;"2023-09-06 12:43:20";"2023-09-06 12:43:20";"225"
"CABLE RESO UTP CAT6 SERTI 30M STARGOLD";"225008";NULL;NULL;"2023-09-06 12:43:20";"2023-09-06 12:43:20";"225"
"CABLE RESO UTP CAT6 SERTI 40M STARGOLD";"225010";NULL;NULL;"2023-09-06 12:43:20";"2023-09-06 12:43:20";"225"
"CABLE RESO UTP CAT6 SERTI 50M STARGOLD";"225011";NULL;NULL;"2023-09-06 12:43:21";"2023-09-06 12:43:21";"225"
"CABLE RESO UTP CAT6 SERTI 5M STARGOLD";"225012";NULL;NULL;"2023-09-06 12:43:21";"2023-09-06 12:43:21";"225"
"CABLE RESOX RJ 45";"225001";NULL;NULL;"2023-09-06 12:43:20";"2023-09-06 12:43:20";"225"
"CABLE TV RG6 100% CU ORG EN M";"226011";NULL;NULL;"2023-12-12 03:21:12";"2023-12-12 03:21:12";"226"
"CABLE TV RG6 100% CU ORG EN RLX 100M";"226010";NULL;NULL;"2023-12-12 03:21:12";"2023-12-12 03:21:12";"226"
"CABLE TV RG6 90% CU ORG EN RLX 60M";"226001";NULL;NULL;"2023-09-06 12:43:21";"2023-09-06 12:43:21";"226"
"CABLE TV RG6 90% CU ORG EN RLX 60M (100YRD)";"226009";NULL;NULL;"2023-12-12 03:21:12";"2023-12-12 03:21:12";"226"
"CABLE TV RG6 99% CU ORD EN M";"226012";NULL;NULL;"2023-12-12 03:21:12";"2023-12-12 03:21:12";"226"
"CABLE TV RG6 99% CU ORG EN M";"226004";NULL;NULL;"2023-09-06 12:43:21";"2023-09-06 12:43:21";"226"
"CABLE TV RG6 99% CU ORG EN RLX 100M";"226002";NULL;NULL;"2023-09-06 12:43:21";"2023-09-06 12:43:21";"226"
"CABLE TV RG6 ORD RLX 100Y";"226003";NULL;NULL;"2023-09-06 12:43:21";"2023-09-06 12:43:21";"226"
"CABLE TV RG6 ORD RLX 20Y";"226005";NULL;NULL;"2023-09-06 12:43:21";"2023-09-06 12:43:21";"226"
"CABLE TV RG6 ORD RLX 30Y";"226006";NULL;NULL;"2023-09-06 12:43:21";"2023-09-06 12:43:21";"226"
"CABLE TV RG6 ORD RLX 50Y";"226007";NULL;NULL;"2023-09-06 12:43:21";"2023-09-06 12:43:21";"226"
"CABLE TV RG6 ORG GULF STAR";"226008";NULL;NULL;"2023-09-06 12:43:21";"2023-09-06 12:43:21";"226"
"CABLE VERT-JAUNE REG TENSION";"215330";NULL;NULL;"2023-12-12 03:21:43";"2023-12-12 03:21:43";"215"
"CAFETIERE";"610002";NULL;NULL;"2023-09-06 14:58:56";"2023-09-06 14:58:56";"610"
"CAMERA 4CH CCTC KITS";"227001";NULL;NULL;"2023-09-06 12:43:21";"2023-09-06 12:43:21";"227"
"CAMERA DE RECUL 185mm 8LED";"215203";NULL;NULL;"2023-09-06 12:44:46";"2023-09-06 12:44:46";"215"
"CAMERA DE RECUL HD";"215202";NULL;NULL;"2023-09-06 12:44:46";"2023-09-06 12:44:46";"215"
"CAMERA PANORAMIQUE 3D V380";"227002";NULL;NULL;"2023-09-06 12:43:21";"2023-09-06 12:43:21";"227"
"CAMERA PANORAMIQUE 3D VIRTUAL 2CU0513";"227003";NULL;NULL;"2023-09-06 12:43:21";"2023-09-06 12:43:21";"227"
"CAPTEUR D'HUMIDITE DHT 22";"303009";NULL;NULL;"2023-12-12 03:21:12";"2023-12-12 03:21:12";"303"
"CAPTEUR DE GAZ ET DE FUMEE";"303011";NULL;NULL;"2023-12-12 03:21:12";"2023-12-12 03:21:12";"303"
"CAPTEUR DE NIVEAU D'EAU";"303012";NULL;NULL;"2023-12-12 03:21:12";"2023-12-12 03:21:12";"303"
"CAPTEUR DE PRESENCE BMP280";"303014";NULL;NULL;"2023-12-12 03:21:12";"2023-12-12 03:21:12";"303"
"CAPTEUR DE PRESENCE HC-SR-501-PIR";"303013";NULL;NULL;"2023-12-12 03:21:12";"2023-12-12 03:21:12";"303"
"CAPTEUR DE TEMPERATURE LM35";"303010";NULL;NULL;"2023-12-12 03:21:12";"2023-12-12 03:21:12";"303"
"CAPTEUR ULTRA SON HC-SR 04";"303015";NULL;NULL;"2023-12-12 03:21:12";"2023-12-12 03:21:12";"303"
"CARAFFE";"501219";NULL;NULL;"2023-09-06 14:59:04";"2023-09-06 14:59:04";"501"
"CAREAU EN CARTON";"501086";NULL;NULL;"2023-09-06 14:58:55";"2023-09-06 14:58:55";"501"
"CARTE 1 RELAIS 12V";"304001";NULL;NULL;"2023-09-06 12:43:21";"2023-09-06 12:43:21";"304"
"CARTE 2 RELAIS 12V";"304002";NULL;NULL;"2023-09-06 12:43:21";"2023-09-06 12:43:21";"304"
"CARTE A 1 RELAIS 5V";"304003";NULL;NULL;"2023-09-06 12:43:21";"2023-09-06 12:43:21";"304"
"CARTE A 2 RELAIS 5V";"304004";NULL;NULL;"2023-09-06 12:43:21";"2023-09-06 12:43:21";"304"
"CARTE A 4 RELAIS 12V";"304005";NULL;NULL;"2023-09-06 12:43:21";"2023-09-06 12:43:21";"304"
"CARTE ALIMT  TV MEDION (SAMSUMG) MD34698 42""";"228003";NULL;NULL;"2023-09-06 12:43:21";"2023-09-06 12:43:21";"228"
"CARTE ALIMT  TV MEDION (SAMSUMG) MD34698 42"" OCCAS";"228017";NULL;NULL;"2023-12-12 03:21:12";"2023-12-12 03:21:12";"228"
"CARTE ALIMT TV 40"" D40F387M4CW OCCAS";"228002";NULL;NULL;"2023-09-06 12:43:21";"2023-09-06 12:43:21";"228"
"CARTE ALIMT TV LED SONY 50"" 19.5V/100W";"228012";NULL;NULL;"2023-09-06 12:43:21";"2023-09-06 12:43:21";"228"
"CARTE ALIMT TV LED SONY 50"" 19.5V/100W OCAS";"228022";NULL;NULL;"2023-12-12 03:21:13";"2023-12-12 03:21:13";"228"
"CARTE ALIMT TV MEDION MD 34698 SAMSUNG 42""";"228013";NULL;NULL;"2023-09-06 12:43:21";"2023-09-06 12:43:21";"228"
"CARTE ALIMT TV MEDION MD 34698 SAMSUNG 42"" OCAS";"228023";NULL;NULL;"2023-12-12 03:21:13";"2023-12-12 03:21:13";"228"
"CARTE ALIMT TV PHILIPS";"228014";NULL;NULL;"2023-09-06 12:43:21";"2023-09-06 12:43:21";"228"
"CARTE ALIMT TV PHILIPS 30"" FL9946/12";"228004";NULL;NULL;"2023-09-06 12:43:21";"2023-09-06 12:43:21";"228"
"CARTE ALIMT TV PHILIPS 30"" FL9946/12 OCCAS";"228018";NULL;NULL;"2023-12-12 03:21:12";"2023-12-12 03:21:12";"228"
"CARTE ALIMT TV PHILIPS 30"" FL9946H/12";"228001";NULL;NULL;"2023-09-06 12:43:21";"2023-09-06 12:43:21";"228"
"CARTE ALIMT TV PHILIPS 43"" US6031/12 OCAS";"228005";NULL;NULL;"2023-09-06 12:43:21";"2023-09-06 12:43:21";"228"
"CARTE ALIMT TV PHILIPS 48"" PF96110 OCCAS";"228006";NULL;NULL;"2023-09-06 12:43:21";"2023-09-06 12:43:21";"228"
"CARTE ALIMT TV PHILIPS 50"" PF4009/88 OCCAS";"228007";NULL;NULL;"2023-09-06 12:43:21";"2023-09-06 12:43:21";"228"
"CARTE ALIMT TV PHILIPS OCAS";"228024";NULL;NULL;"2023-12-12 03:21:13";"2023-12-12 03:21:13";"228"
"CARTE ALIMT TV SAMSUNG 32""";"228008";NULL;NULL;"2023-09-06 12:43:21";"2023-09-06 12:43:21";"228"
"CARTE ALIMT TV SAMSUNG 32""OCCAS";"228019";NULL;NULL;"2023-12-12 03:21:13";"2023-12-12 03:21:13";"228"
"CARTE ALIMT TV SAMSUNG 55""";"228009";NULL;NULL;"2023-09-06 12:43:21";"2023-09-06 12:43:21";"228"
"CARTE ALIMT TV SAMSUNG 55"" OCCAS";"228020";NULL;NULL;"2023-12-12 03:21:13";"2023-12-12 03:21:13";"228"
"CARTE ALIMT TV SHARP 26""";"228010";NULL;NULL;"2023-09-06 12:43:21";"2023-09-06 12:43:21";"228"
"CARTE ALIMT TV SHARP 26"" OCAS";"228021";NULL;NULL;"2023-12-12 03:21:13";"2023-12-12 03:21:13";"228"
"CARTE ALIMT TV TELEFUCK 32"" OCCAS";"228011";NULL;NULL;"2023-09-06 12:43:21";"2023-09-06 12:43:21";"228"
"CARTE ALIMT TV UNIV LCD  SON 208 (37""-42"") 5V";"228015";NULL;NULL;"2023-09-06 12:43:21";"2023-09-06 12:43:21";"228"
"CARTE ALIMT TV UNIV LCD  SON 208 (37""-42"") 5V OCAS";"228025";NULL;NULL;"2023-12-12 03:21:13";"2023-12-12 03:21:13";"228"
"CARTE ALIMT TV UNIV LED TV (42""- 62'') 12v";"228016";NULL;NULL;"2023-09-06 12:43:21";"2023-09-06 12:43:21";"228"
"CARTE ALIMT TV UNIV LED TV (42""- 62'') 12v OCAS";"228026";NULL;NULL;"2023-12-12 03:21:13";"2023-12-12 03:21:13";"228"
"CARTE MERE TV DVD SANS CIRCUIT";"230002";NULL;NULL;"2023-09-06 12:43:21";"2023-09-06 12:43:21";"230"
"CARTE MERE TV DVD SANS CIRCUIT OCAS";"230013";NULL;NULL;"2023-12-12 03:21:13";"2023-12-12 03:21:13";"230"
"CARTE MERE TV HISENCE 32"" 10 SIGNAUX";"230003";NULL;NULL;"2023-09-06 12:43:21";"2023-09-06 12:43:21";"230"
"CARTE MERE TV HISENCE 32"" 10 SIGNAUX OCAS";"230014";NULL;NULL;"2023-12-12 03:21:13";"2023-12-12 03:21:13";"230"
"CARTE MERE TV HISENCE 42"" - 55"" 10 SIGNO SMART";"230004";NULL;NULL;"2023-09-06 12:43:21";"2023-09-06 12:43:21";"230"
"CARTE MERE TV HISENCE 42"" - 55"" 10 SIGNO SMART OCAS";"230015";NULL;NULL;"2023-12-12 03:21:13";"2023-12-12 03:21:13";"230"
"CARTE MERE TV LCD PHILIP 32""";"230005";NULL;NULL;"2023-09-06 12:43:21";"2023-09-06 12:43:21";"230"
"CARTE MERE TV LCD PHILIP 32"" OCAS";"230016";NULL;NULL;"2023-12-12 03:21:13";"2023-12-12 03:21:13";"230"
"CARTE MERE TV LCD SONY 50''";"230007";NULL;NULL;"2023-09-06 12:43:21";"2023-09-06 12:43:21";"230"
"CARTE MERE TV LCD SONY 50'' OCAS";"230018";NULL;NULL;"2023-12-12 03:21:13";"2023-12-12 03:21:13";"230"
"CARTE MERE TV LCD/LED 1AV";"230010";NULL;NULL;"2023-09-06 12:43:21";"2023-09-06 12:43:21";"230"
"CARTE MERE TV LCD/LED 2 AV";"230011";NULL;NULL;"2023-09-06 12:43:21";"2023-09-06 12:43:21";"230"
"CARTE MERE TV LCD/LED 32"" LG SMART";"230009";NULL;NULL;"2023-09-06 12:43:21";"2023-09-06 12:43:21";"230"
"CARTE MERE TV LCD/LED 32"" UNIV SMART OCAS";"230020";NULL;NULL;"2023-12-12 03:21:13";"2023-12-12 03:21:13";"230"
"CARTE MERE TV LCD/LED 42"" LG SMART";"230008";NULL;NULL;"2023-09-06 12:43:21";"2023-09-06 12:43:21";"230"
"CARTE MERE TV LCD/LED 42"" UNIV SMART OCAS";"230019";NULL;NULL;"2023-12-12 03:21:13";"2023-12-12 03:21:13";"230"
"CARTE MERE TV LCD/LED UNIV 22'' - 32""";"230012";NULL;NULL;"2023-09-06 12:43:21";"2023-09-06 12:43:21";"230"
"CARTE MERE TV LCD/LED UNIV 22'' - 32"" MINCE LONG OCAS";"230025";NULL;NULL;"2023-12-12 03:21:13";"2023-12-12 03:21:13";"230"
"CARTE MERE TV LCD/LED UNIV 32'' NEUVE LONG";"230021";NULL;NULL;"2023-12-12 03:21:13";"2023-12-12 03:21:13";"230"
"CARTE MERE TV LCD/LED UNIV 42'' NEUVE CARRE";"230022";NULL;NULL;"2023-12-12 03:21:13";"2023-12-12 03:21:13";"230"
"CARTE MERE TV LCD/LED UNIV 42'' NEUVE CARRE OCAS";"230024";NULL;NULL;"2023-12-12 03:21:13";"2023-12-12 03:21:13";"230"
"CARTE MERE TV LCD/LED VERT XCL 14'' - 55""";"230006";NULL;NULL;"2023-09-06 12:43:21";"2023-09-06 12:43:21";"230"
"CARTE MERE TV LCD/LED VERT XCL 14'' - 55"" OCAS";"230017";NULL;NULL;"2023-12-12 03:21:13";"2023-12-12 03:21:13";"230"
"CARTE MERE TV TV 32'' - 42"" LED/LCD  LG OCAS";"230001";NULL;NULL;"2023-09-06 12:43:21";"2023-09-06 12:43:21";"230"
"CARTE MERE UNIV 32'' OCAS CARRE";"230023";NULL;NULL;"2023-12-12 03:21:13";"2023-12-12 03:21:13";"230"
"CARTE MERE VENTILATEUR ";"215238";NULL;NULL;"2023-09-06 12:44:47";"2023-09-06 12:44:47";"215"
"CARTE MERE WOOFER 5POT(AC/DC)";"215349";NULL;NULL;"2023-12-12 03:21:43";"2023-12-12 03:21:43";"215"
"CARTE MERE WOOFER 5POTENTIO(AC/DC)";"215275";NULL;NULL;"2023-09-06 12:44:48";"2023-09-06 12:44:48";"215"
"CARTE PIXEL HISENCE 50"" OCAS";"231001";NULL;NULL;"2023-09-06 12:43:21";"2023-09-06 12:43:21";"231"
"CARTE PIXEL LCD 32"" LG";"231003";NULL;NULL;"2023-09-06 12:43:21";"2023-09-06 12:43:21";"231"
"CARTE PIXEL LCD 32"" LG OCAS";"231007";NULL;NULL;"2023-12-12 03:21:13";"2023-12-12 03:21:13";"231"
"CARTE PIXEL LCD 37"" LG";"231002";NULL;NULL;"2023-09-06 12:43:21";"2023-09-06 12:43:21";"231"
"CARTE PIXEL PHILIP";"231004";NULL;NULL;"2023-09-06 12:43:21";"2023-09-06 12:43:21";"231"
"CARTE PIXEL PHILIP OCAS";"231008";NULL;NULL;"2023-12-12 03:21:13";"2023-12-12 03:21:13";"231"
"CARTE PIXEL SAMSUNG 32""";"231005";NULL;NULL;"2023-09-06 12:43:21";"2023-09-06 12:43:21";"231"
"CARTE PIXEL SAMSUNG 32"" OCAS";"231009";NULL;NULL;"2023-12-12 03:21:13";"2023-12-12 03:21:13";"231"
"CARTE PIXEL SHARP 26""";"231006";NULL;NULL;"2023-09-06 12:43:21";"2023-09-06 12:43:21";"231"
"CARTE PIXEL SHARP 26"" OCAS";"231010";NULL;NULL;"2023-12-12 03:21:13";"2023-12-12 03:21:13";"231"
"CARTE RELAI REG TENSION 1000W";"215331";NULL;NULL;"2023-12-12 03:21:43";"2023-12-12 03:21:43";"215"
"CARTE RELAI REGULATEUR DE TENSION ";"215201";NULL;NULL;"2023-09-06 12:44:46";"2023-09-06 12:44:46";"215"
"CARTE RELAI REGULATEUR DE TENSION 1000W";"215234";NULL;NULL;"2023-09-06 12:44:47";"2023-09-06 12:44:47";"215"
"CARTE RELAIS REG DE TENSION 1000W";"229001";NULL;NULL;"2023-09-06 12:43:21";"2023-09-06 12:43:21";"229"
"CARTE RELAIS REG DE TENSION 2000W";"229002";NULL;NULL;"2023-09-06 12:43:21";"2023-09-06 12:43:21";"229"
"CARTE TV UNI CATHOD 14""-21'' OSNO";"232001";NULL;NULL;"2023-09-06 12:43:21";"2023-09-06 12:43:21";"232"
"CARTE TV UNI CATHOD 24"" - 29"" 2 CIRCUIT";"232002";NULL;NULL;"2023-09-06 12:43:21";"2023-09-06 12:43:21";"232"
"CATEUR D'HUMIDITE DHT 11";"303001";NULL;NULL;"2023-09-06 12:43:21";"2023-09-06 12:43:21";"303"
"CATEUR D'HUMIDITE DHT 12";"303002";NULL;NULL;"2023-09-06 12:43:21";"2023-09-06 12:43:21";"303"
"CATEUR DE GAZ ET DE FUMEE";"303004";NULL;NULL;"2023-09-06 12:43:21";"2023-09-06 12:43:21";"303"
"CATEUR DE NIVEAU D'EAU";"303005";NULL;NULL;"2023-09-06 12:43:21";"2023-09-06 12:43:21";"303"
"CATEUR DE PRESENCE BMP280";"303007";NULL;NULL;"2023-09-06 12:43:21";"2023-09-06 12:43:21";"303"
"CATEUR DE PRESENCE HC-SR-501-PIR";"303006";NULL;NULL;"2023-09-06 12:43:21";"2023-09-06 12:43:21";"303"
"CATEUR DE TEMPERATURE";"303003";NULL;NULL;"2023-09-06 12:43:21";"2023-09-06 12:43:21";"303"
"CATEUR ULTRA SON HC-SR 04";"303008";NULL;NULL;"2023-09-06 12:43:21";"2023-09-06 12:43:21";"303"
"CD 101";"117042";NULL;NULL;"2023-09-06 12:43:22";"2023-09-06 12:43:22";"117"
"CD 1031";"117043";NULL;NULL;"2023-09-06 12:43:22";"2023-09-06 12:43:22";"117"
"CD 139";"117044";NULL;NULL;"2023-09-06 12:43:22";"2023-09-06 12:43:22";"117"
"CD 14538";"117045";NULL;NULL;"2023-09-06 12:43:22";"2023-09-06 12:43:22";"117"
"CD 1568";"117046";NULL;NULL;"2023-09-06 12:43:22";"2023-09-06 12:43:22";"117"
"CD 4001";"117047";NULL;NULL;"2023-09-06 12:43:22";"2023-09-06 12:43:22";"117"
"CD 4011";"117048";NULL;NULL;"2023-09-06 12:43:22";"2023-09-06 12:43:22";"117"
"CD 4013";"117049";NULL;NULL;"2023-09-06 12:43:22";"2023-09-06 12:43:22";"117"
"CD 4014";"117050";NULL;NULL;"2023-09-06 12:43:22";"2023-09-06 12:43:22";"117"
"CD 4016";"117051";NULL;NULL;"2023-09-06 12:43:22";"2023-09-06 12:43:22";"117"
"CD 4017";"117052";NULL;NULL;"2023-09-06 12:43:22";"2023-09-06 12:43:22";"117"
"CD 4020";"117053";NULL;NULL;"2023-09-06 12:43:22";"2023-09-06 12:43:22";"117"
"CD 4023";"117054";NULL;NULL;"2023-09-06 12:43:22";"2023-09-06 12:43:22";"117"
"CD 4026";"117055";NULL;NULL;"2023-09-06 12:43:22";"2023-09-06 12:43:22";"117"
"CD 4027";"117056";NULL;NULL;"2023-09-06 12:43:22";"2023-09-06 12:43:22";"117"
"CD 4028";"117057";NULL;NULL;"2023-09-06 12:43:22";"2023-09-06 12:43:22";"117"
"CD 4029";"117058";NULL;NULL;"2023-09-06 12:43:22";"2023-09-06 12:43:22";"117"
"CD 4040";"117059";NULL;NULL;"2023-09-06 12:43:22";"2023-09-06 12:43:22";"117"
"CD 4041";"117060";NULL;NULL;"2023-09-06 12:43:22";"2023-09-06 12:43:22";"117"
"CD 4047";"117061";NULL;NULL;"2023-09-06 12:43:22";"2023-09-06 12:43:22";"117"
"CD 4049";"117062";NULL;NULL;"2023-09-06 12:43:22";"2023-09-06 12:43:22";"117"
"CD 4050";"117063";NULL;NULL;"2023-09-06 12:43:22";"2023-09-06 12:43:22";"117"
"CD 4051";"117064";NULL;NULL;"2023-09-06 12:43:22";"2023-09-06 12:43:22";"117"
"CD 4052";"117065";NULL;NULL;"2023-09-06 12:43:22";"2023-09-06 12:43:22";"117"
"CD 4053";"117066";NULL;NULL;"2023-09-06 12:43:22";"2023-09-06 12:43:22";"117"
"CD 4060";"117067";NULL;NULL;"2023-09-06 12:43:22";"2023-09-06 12:43:22";"117"
"CD 4063";"117068";NULL;NULL;"2023-09-06 12:43:22";"2023-09-06 12:43:22";"117"
"CD 4066";"117069";NULL;NULL;"2023-09-06 12:43:22";"2023-09-06 12:43:22";"117"
"CD 4069";"117070";NULL;NULL;"2023-09-06 12:43:22";"2023-09-06 12:43:22";"117"
"CD 4071";"117071";NULL;NULL;"2023-09-06 12:43:22";"2023-09-06 12:43:22";"117"
"CD 4073";"117072";NULL;NULL;"2023-09-06 12:43:22";"2023-09-06 12:43:22";"117"
"CD 4081 GM";"117074";NULL;NULL;"2023-09-06 12:43:22";"2023-09-06 12:43:22";"117"
"CD 4081 PM";"117073";NULL;NULL;"2023-09-06 12:43:22";"2023-09-06 12:43:22";"117"
"CD 4082";"117075";NULL;NULL;"2023-09-06 12:43:22";"2023-09-06 12:43:22";"117"
"CD 4093";"117076";NULL;NULL;"2023-09-06 12:43:22";"2023-09-06 12:43:22";"117"
"CD 4094";"117077";NULL;NULL;"2023-09-06 12:43:22";"2023-09-06 12:43:22";"117"
"CD 4098";"117078";NULL;NULL;"2023-09-06 12:43:22";"2023-09-06 12:43:22";"117"
"CD 4111";"117079";NULL;NULL;"2023-09-06 12:43:22";"2023-09-06 12:43:22";"117"
"CD 4510";"117080";NULL;NULL;"2023-09-06 12:43:22";"2023-09-06 12:43:22";"117"
"CD 4511";"117081";NULL;NULL;"2023-09-06 12:43:22";"2023-09-06 12:43:22";"117"
"CD 4516";"117082";NULL;NULL;"2023-09-06 12:43:22";"2023-09-06 12:43:22";"117"
"CD 4518";"117083";NULL;NULL;"2023-09-06 12:43:22";"2023-09-06 12:43:22";"117"
"CD 4520";"117084";NULL;NULL;"2023-09-06 12:43:22";"2023-09-06 12:43:22";"117"
"CD 4532";"117085";NULL;NULL;"2023-09-06 12:43:22";"2023-09-06 12:43:22";"117"
"CD 4539";"117086";NULL;NULL;"2023-09-06 12:43:22";"2023-09-06 12:43:22";"117"
"CD 4541";"117087";NULL;NULL;"2023-09-06 12:43:22";"2023-09-06 12:43:22";"117"
"CD 4543";"117088";NULL;NULL;"2023-09-06 12:43:22";"2023-09-06 12:43:22";"117"
"CD 4555";"117089";NULL;NULL;"2023-09-06 12:43:22";"2023-09-06 12:43:22";"117"
"CD 4585";"117090";NULL;NULL;"2023-09-06 12:43:22";"2023-09-06 12:43:22";"117"
"CD 5287";"117091";NULL;NULL;"2023-09-06 12:43:22";"2023-09-06 12:43:22";"117"
"CD 5565";"117092";NULL;NULL;"2023-09-06 12:43:22";"2023-09-06 12:43:22";"117"
"CD 6283";"117093";NULL;NULL;"2023-09-06 12:43:22";"2023-09-06 12:43:22";"117"
"CD 7476";"117094";NULL;NULL;"2023-09-06 12:43:22";"2023-09-06 12:43:22";"117"
"CD 7680";"117095";NULL;NULL;"2023-09-06 12:43:22";"2023-09-06 12:43:22";"117"
"CD 9002";"117096";NULL;NULL;"2023-09-06 12:43:22";"2023-09-06 12:43:22";"117"
"CD 9149";"117097";NULL;NULL;"2023-09-06 12:43:22";"2023-09-06 12:43:22";"117"
"CD 9152";"117098";NULL;NULL;"2023-09-06 12:43:22";"2023-09-06 12:43:22";"117"
"CD 9153";"117099";NULL;NULL;"2023-09-06 12:43:22";"2023-09-06 12:43:22";"117"
"CD 9163";"117100";NULL;NULL;"2023-09-06 12:43:22";"2023-09-06 12:43:22";"117"
"CD 9165";"117101";NULL;NULL;"2023-09-06 12:43:22";"2023-09-06 12:43:22";"117"
"CD 9193";"117102";NULL;NULL;"2023-09-06 12:43:23";"2023-09-06 12:43:23";"117"
"CENTREFUGEUSE DE FRFUIT";"608002";NULL;NULL;"2023-09-06 14:58:56";"2023-09-06 14:58:56";"608"
"CENTREFUGEUSE DE FRUIT";"609022";NULL;NULL;"2023-09-06 15:12:49";"2023-09-06 15:12:49";"609"
"CERVEAU MOTEUR";"306001";NULL;NULL;"2023-09-06 12:43:23";"2023-09-06 12:43:23";"306"
"CERVEAU MOTEUR MG-996R";"306002";NULL;NULL;"2023-09-06 12:43:23";"2023-09-06 12:43:23";"306"
"CHAISE ATTENTE ACOUDOI";"702029";NULL;NULL;"2023-12-12 03:33:49";"2023-12-12 03:33:49";"702"
"CHAISE ATTENTE AVEC ACOUDOI";"702008";NULL;NULL;"2023-09-06 14:58:53";"2023-09-06 14:58:53";"702"
"CHAISE BUREAU 3STARS";"702020";NULL;NULL;"2023-09-06 14:58:53";"2023-09-06 14:58:53";"702"
"CHAISE BUREAU 8199";"702019";NULL;NULL;"2023-09-06 14:58:53";"2023-09-06 14:58:53";"702"
"CHAISE BUREAU 9923";"702017";NULL;NULL;"2023-09-06 14:58:53";"2023-09-06 14:58:53";"702"
"CHAISE BUREAU CUIR NOIR GM";"702001";NULL;NULL;"2023-09-06 14:58:53";"2023-09-06 14:58:53";"702"
"CHAISE BUREAU GM CUIRE NOIRE";"702004";NULL;NULL;"2023-09-06 14:58:53";"2023-09-06 14:58:53";"702"
"CHAISE BUREAU MH 120";"702021";NULL;NULL;"2023-09-06 14:58:53";"2023-09-06 14:58:53";"702"
"CHAISE D'ATTENT SANS ACOUDOIR NOIRE";"702032";NULL;NULL;"2023-12-12 03:33:49";"2023-12-12 03:33:49";"702"
"CHAISE D'ATTENT VERTE POUR SALON DE COIFFURE";"702031";NULL;NULL;"2023-12-12 03:33:49";"2023-12-12 03:33:49";"702"
"CHAISE D'ATTENT VERTE POUR SALON DE COIFURE";"702011";NULL;NULL;"2023-09-06 14:58:53";"2023-09-06 14:58:53";"702"
"CHAISE DATTENTE NOIR CUIR BRO";"702027";NULL;NULL;"2023-09-06 15:12:48";"2023-09-06 15:12:48";"702"
"CHAISE DE BUREAU BROC";"702028";NULL;NULL;"2023-12-12 03:33:49";"2023-12-12 03:33:49";"702"
"CHAISE DE BUREAU ORTHO";"702013";NULL;NULL;"2023-09-06 14:58:53";"2023-09-06 14:58:53";"702"
"CHAISE DE SNACK BROCATANT";"702014";NULL;NULL;"2023-09-06 14:58:53";"2023-09-06 14:58:53";"702"
"CHAISE HAMDICAPE";"702022";NULL;NULL;"2023-09-06 14:58:53";"2023-09-06 14:58:53";"702"
"CHAISE REGLABLE EN BOIS PTI";"702005";NULL;NULL;"2023-09-06 14:58:53";"2023-09-06 14:58:53";"702"
"CHAISE SALLLE A MANGE SH 59";"702006";NULL;NULL;"2023-09-06 14:58:53";"2023-09-06 14:58:53";"702"
"CHAISE SALON DE COIFFURE VERT";"702030";NULL;NULL;"2023-12-12 03:33:49";"2023-12-12 03:33:49";"702"
"CHAISE SALON DE COIFURE HOMMME CUIR NOIR";"702009";NULL;NULL;"2023-09-06 14:58:53";"2023-09-06 14:58:53";"702"
"CHAISE SALON DE COIFURE VERT";"702010";NULL;NULL;"2023-09-06 14:58:53";"2023-09-06 14:58:53";"702"
"CHAISE SALON DE COIFURE VIOLET";"702015";NULL;NULL;"2023-09-06 14:58:53";"2023-09-06 14:58:53";"702"
"CHAISE SNACK";"702002";NULL;NULL;"2023-09-06 14:58:53";"2023-09-06 14:58:53";"702"
"CHAISE SNACK MH011";"702018";NULL;NULL;"2023-09-06 14:58:53";"2023-09-06 14:58:53";"702"
"CHAISSE ACOUDOI EN BOIS";"702016";NULL;NULL;"2023-09-06 14:58:53";"2023-09-06 14:58:53";"702"
"CHAISSE PLIANTE PM";"702023";NULL;NULL;"2023-09-06 14:58:53";"2023-09-06 14:58:53";"702"
"CHARGER  5V-3A";"233014";NULL;NULL;"2023-09-06 12:43:23";"2023-09-06 12:43:23";"233"
"CHARGER  9V 200MA";"233015";NULL;NULL;"2023-09-06 12:43:23";"2023-09-06 12:43:23";"233"
"CHARGER (24V-1A) + (8V-300MA)";"233003";NULL;NULL;"2023-09-06 12:43:23";"2023-09-06 12:43:23";"233"
"CHARGER (32V-940MA) + (16V-600MA)";"233004";NULL;NULL;"2023-09-06 12:43:23";"2023-09-06 12:43:23";"233"
"CHARGER 19V- 4.62A DELL";"233005";NULL;NULL;"2023-09-06 12:43:23";"2023-09-06 12:43:23";"233"
"CHARGER 24V-0.5A";"233007";NULL;NULL;"2023-09-06 12:43:23";"2023-09-06 12:43:23";"233"
"CHARGER 24V-10MA";"233006";NULL;NULL;"2023-09-06 12:43:23";"2023-09-06 12:43:23";"233"
"CHARGER 5V-1A";"233008";NULL;NULL;"2023-09-06 12:43:23";"2023-09-06 12:43:23";"233"
"CHARGER 5V-2A";"233013";NULL;NULL;"2023-09-06 12:43:23";"2023-09-06 12:43:23";"233"
"CHARGER 5V-5A";"233012";NULL;NULL;"2023-09-06 12:43:23";"2023-09-06 12:43:23";"233"
"CHARGER 9.3V 210MA";"233009";NULL;NULL;"2023-09-06 12:43:23";"2023-09-06 12:43:23";"233"
"CHARGER 9V - 800MA";"233010";NULL;NULL;"2023-09-06 12:43:23";"2023-09-06 12:43:23";"233"
"CHARGER BATERIE 12V-24V 20A SUOER";"233011";NULL;NULL;"2023-09-06 12:43:23";"2023-09-06 12:43:23";"233"
"CHARGER DIV (32V 375MA) + ( 16V 50MA)";"233029";NULL;NULL;"2023-09-06 12:43:23";"2023-09-06 12:43:23";"233"
"CHARGER DIV (5V- 2A) + (12V-200MA)";"233030";NULL;NULL;"2023-09-06 12:43:23";"2023-09-06 12:43:23";"233"
"CHARGER DIV 10V - 1.2A";"233031";NULL;NULL;"2023-09-06 12:43:23";"2023-09-06 12:43:23";"233"
"CHARGER DIV 10V - 3.5A";"233032";NULL;NULL;"2023-09-06 12:43:23";"2023-09-06 12:43:23";"233"
"CHARGER DIV 12V 1.6A";"233033";NULL;NULL;"2023-09-06 12:43:23";"2023-09-06 12:43:23";"233"
"CHARGER DIV 12V 2.5A";"233034";NULL;NULL;"2023-09-06 12:43:23";"2023-09-06 12:43:23";"233"
"CHARGER DIV 12V 200MA";"233035";NULL;NULL;"2023-09-06 12:43:23";"2023-09-06 12:43:23";"233"
"CHARGER DIV 12V 35MA";"233036";NULL;NULL;"2023-09-06 12:43:23";"2023-09-06 12:43:23";"233"
"CHARGER DIV 12V 830MA";"233037";NULL;NULL;"2023-09-06 12:43:23";"2023-09-06 12:43:23";"233"
"CHARGER DIV 15V 700MA";"233038";NULL;NULL;"2023-09-06 12:43:23";"2023-09-06 12:43:23";"233"
"CHARGER DIV 18.5V 3.42A";"233039";NULL;NULL;"2023-09-06 12:43:23";"2023-09-06 12:43:23";"233"
"CHARGER DIV 24V 350MA";"233040";NULL;NULL;"2023-09-06 12:43:23";"2023-09-06 12:43:23";"233"
"CHARGER DIV 24V 500MA";"233041";NULL;NULL;"2023-09-06 12:43:23";"2023-09-06 12:43:23";"233"
"CHARGER DIV 24V 830MA";"233042";NULL;NULL;"2023-09-06 12:43:23";"2023-09-06 12:43:23";"233"
"CHARGER DIV 3.4V 90MA";"233043";NULL;NULL;"2023-09-06 12:43:23";"2023-09-06 12:43:23";"233"
"CHARGER DIV 3.6V 600MA";"233044";NULL;NULL;"2023-09-06 12:43:23";"2023-09-06 12:43:23";"233"
"CHARGER DIV 3.7V 355MA";"233045";NULL;NULL;"2023-09-06 12:43:23";"2023-09-06 12:43:23";"233"
"CHARGER DIV 30V 400MA";"233046";NULL;NULL;"2023-09-06 12:43:23";"2023-09-06 12:43:23";"233"
"CHARGER DIV 30V 500MA";"233047";NULL;NULL;"2023-09-06 12:43:23";"2023-09-06 12:43:23";"233"
"CHARGER DIV 32V 350MAA";"233048";NULL;NULL;"2023-09-06 12:43:23";"2023-09-06 12:43:23";"233"
"CHARGER DIV 3V 300MA";"233049";NULL;NULL;"2023-09-06 12:43:23";"2023-09-06 12:43:23";"233"
"CHARGER DIV 4.5V 500MA";"233050";NULL;NULL;"2023-09-06 12:43:23";"2023-09-06 12:43:23";"233"
"CHARGER DIV 4.5V 800MA";"233001";NULL;NULL;"2023-09-06 12:43:23";"2023-09-06 12:43:23";"233"
"CHARGER DIV 4.75V 0.55A";"233051";NULL;NULL;"2023-09-06 12:43:23";"2023-09-06 12:43:23";"233"
"CHARGER DIV 4.9V 450MA";"233052";NULL;NULL;"2023-09-06 12:43:23";"2023-09-06 12:43:23";"233"
"CHARGER DIV 6V 200MA";"233053";NULL;NULL;"2023-09-06 12:43:23";"2023-09-06 12:43:23";"233"
"CHARGER DIV 7.2V 400MA";"233054";NULL;NULL;"2023-09-06 12:43:23";"2023-09-06 12:43:23";"233"
"CHARGER DIV 7.5V 230MA";"233055";NULL;NULL;"2023-09-06 12:43:23";"2023-09-06 12:43:23";"233"
"CHARGER DIV 7.5V 300MA";"233056";NULL;NULL;"2023-09-06 12:43:23";"2023-09-06 12:43:23";"233"
"CHARGER DIV 9V 1.5A";"233057";NULL;NULL;"2023-09-06 12:43:23";"2023-09-06 12:43:23";"233"
"CHARGER DIV 9V 100A";"233058";NULL;NULL;"2023-09-06 12:43:23";"2023-09-06 12:43:23";"233"
"CHARGER DIV 9V 150MA";"233059";NULL;NULL;"2023-09-06 12:43:24";"2023-09-06 12:43:24";"233"
"CHARGER DIV 9V 60MA";"233060";NULL;NULL;"2023-09-06 12:43:24";"2023-09-06 12:43:24";"233"
"CHARGER LAP HP 18.5V 3.5A 65W";"234001";NULL;NULL;"2023-09-06 12:43:23";"2023-09-06 12:43:23";"234"
"CHARGER LAP UNIV 120W";"234002";NULL;NULL;"2023-09-06 12:43:23";"2023-09-06 12:43:23";"234"
"CHARGER LAP UNIV 12V-24V 96W";"234003";NULL;NULL;"2023-09-06 12:43:23";"2023-09-06 12:43:23";"234"
"CHARGER LAP UNIV MY 70W";"233017";NULL;NULL;"2023-09-06 12:43:23";"2023-09-06 12:43:23";"233"
"CHARGER PIANO YAMAHA PA- 200 C 12V 2A";"233018";NULL;NULL;"2023-09-06 12:43:23";"2023-09-06 12:43:23";"233"
"CHARGER PIANO YAMAHA PA- 300 C 16V 2.4A";"233019";NULL;NULL;"2023-09-06 12:43:23";"2023-09-06 12:43:23";"233"
"CHARGER PIL RECH 2A/3A/ 9V+ 2 PIL 3A";"233020";NULL;NULL;"2023-09-06 12:43:23";"2023-09-06 12:43:23";"233"
"CHARGER PIL RECH 3A MAXDAY";"233002";NULL;NULL;"2023-09-06 12:43:23";"2023-09-06 12:43:23";"233"
"CHARGER REGL  4.5V -15V HUPE";"233021";NULL;NULL;"2023-09-06 12:43:23";"2023-09-06 12:43:23";"233"
"CHARGER REGL 1.5V 12V 1A BTE";"233061";NULL;NULL;"2023-12-12 03:21:14";"2023-12-12 03:21:14";"233"
"CHARGER REGL 1.5V 12V 1A BTE HUPE";"233022";NULL;NULL;"2023-09-06 12:43:23";"2023-09-06 12:43:23";"233"
"CHARGER REGL 3-12V 300MA";"233016";NULL;NULL;"2023-09-06 12:43:23";"2023-09-06 12:43:23";"233"
"CHARGER REGL 3V - 12V 3.5A";"233026";NULL;NULL;"2023-09-06 12:43:23";"2023-09-06 12:43:23";"233"
"CHARGER REGL MY-868 3-12V 1000MA";"233023";NULL;NULL;"2023-09-06 12:43:23";"2023-09-06 12:43:23";"233"
"CHARGER REGL SL-308 1.5 - 12V 1200MA";"233025";NULL;NULL;"2023-09-06 12:43:23";"2023-09-06 12:43:23";"233"
"CHARGER REGL SL-328 1.5V - 12V 500MA";"233024";NULL;NULL;"2023-09-06 12:43:23";"2023-09-06 12:43:23";"233"
"CHARGER TEL 4 PORT USB";"233027";NULL;NULL;"2023-09-06 12:43:23";"2023-09-06 12:43:23";"233"
"CHARGER UNIV ANDROIDE";"233028";NULL;NULL;"2023-09-06 12:43:23";"2023-09-06 12:43:23";"233"
"CHARGEUR IPHONE  13PRO MAX";"215167";NULL;NULL;"2023-09-06 12:44:45";"2023-09-06 12:44:45";"215"
"CHARGEUR IPHONE/IPAD";"215298";NULL;NULL;"2023-09-06 12:44:48";"2023-09-06 12:44:48";"215"
"CHARGEUR IPHONE/IPAD ORD";"215355";NULL;NULL;"2023-12-12 03:21:44";"2023-12-12 03:21:44";"215"
"CHARGEUR IPHONE/IPAD ORG";"215354";NULL;NULL;"2023-12-12 03:21:44";"2023-12-12 03:21:44";"215"
"CHARGEUR SAMSUNG TYPE C";"215168";NULL;NULL;"2023-09-06 12:44:45";"2023-09-06 12:44:45";"215"
"CHARGEUR SONY 12V/5A";"215170";NULL;NULL;"2023-09-06 12:44:46";"2023-09-06 12:44:46";"215"
"CHARGEUR TYPE C TICTO";"215297";NULL;NULL;"2023-09-06 12:44:48";"2023-09-06 12:44:48";"215"
"CHARGEUR TYPE C TICTOP";"215353";NULL;NULL;"2023-12-12 03:21:44";"2023-12-12 03:21:44";"215"
"CHAUDIERE BROC";"613003";NULL;NULL;"2023-09-06 14:58:56";"2023-09-06 14:58:56";"613"
"CHAUF BIBERON";"501106";NULL;NULL;"2023-09-06 14:58:56";"2023-09-06 14:58:56";"501"
"CHAUF CHAWARMAR";"501105";NULL;NULL;"2023-09-06 14:58:56";"2023-09-06 14:58:56";"501"
"CHAUF EAU SPIRAL";"501108";NULL;NULL;"2023-09-06 14:58:56";"2023-09-06 14:58:56";"501"
"CHEVILLE +VIS EN PIECE 10MM";"402001";NULL;NULL;"2023-09-06 12:43:24";"2023-09-06 12:43:24";"402"
"CHEVILLE +VIS EN PIECE 8MM";"402002";NULL;NULL;"2023-09-06 12:43:24";"2023-09-06 12:43:24";"402"
"CHS D'ATTENT SANS ACOUDOIR NOIRE";"702012";NULL;NULL;"2023-09-06 14:58:53";"2023-09-06 14:58:53";"702"
"CHS DATTENTE NOIR CUIR BRO";"702003";NULL;NULL;"2023-09-06 14:58:53";"2023-09-06 14:58:53";"702"
"CHS DE BUREAU BROC";"702007";NULL;NULL;"2023-09-06 14:58:53";"2023-09-06 14:58:53";"702"
"CLASEUR METALIQUE FC 15";"501010";NULL;NULL;"2023-09-06 14:58:51";"2023-09-06 14:58:51";"501"
"CLASSEUR EN BOIS MDH812";"501009";NULL;NULL;"2023-09-06 14:58:51";"2023-09-06 14:58:51";"501"
"CLASSEUR EN BOIS MDH912";"501012";NULL;NULL;"2023-09-06 14:58:52";"2023-09-06 14:58:52";"501"
"CLASSEUR METALIIQUE FC 06";"501011";NULL;NULL;"2023-09-06 14:58:52";"2023-09-06 14:58:52";"501"
"CLASSEUR METALIQUE FC 01";"501008";NULL;NULL;"2023-09-06 14:58:51";"2023-09-06 14:58:51";"501"
"CLAVIER";"501023";NULL;NULL;"2023-09-06 14:58:53";"2023-09-06 14:58:53";"501"
"CLAVIER MATRICIEL 4X4 16 PIN";"307001";NULL;NULL;"2023-09-06 12:43:24";"2023-09-06 12:43:24";"307"
"CLE A LAINE EN JEUX GM";"202005";NULL;NULL;"2023-09-06 12:43:24";"2023-09-06 12:43:24";"202"
"CLE A LAINE EN JEUX PM";"202004";NULL;NULL;"2023-09-06 12:43:24";"2023-09-06 12:43:24";"202"
"CLE ELECTR0NIQUE";"202003";NULL;NULL;"2023-09-06 12:43:24";"2023-09-06 12:43:24";"202"
"CLE ETOILE EN JEUX GM";"202002";NULL;NULL;"2023-09-06 12:43:24";"2023-09-06 12:43:24";"202"
"CLE ETOILE EN JEUX PM";"202001";NULL;NULL;"2023-09-06 12:43:24";"2023-09-06 12:43:24";"202"
"CLIM PORTATIF";"607002";NULL;NULL;"2023-09-06 14:58:53";"2023-09-06 14:58:53";"607"
"CLIMATISEUR 2.5 CHEVEAU";"607006";NULL;NULL;"2023-09-06 14:58:54";"2023-09-06 14:58:54";"607"
"CLIMATISEUR PORTATIF DIAMON";"607004";NULL;NULL;"2023-09-06 14:58:54";"2023-09-06 14:58:54";"607"
"CLIMATISEUR PORTATIF STEIBEL ELTRON";"607005";NULL;NULL;"2023-09-06 14:58:54";"2023-09-06 14:58:54";"607"
"CLIMATISEUR PORTATIF SUNTEC";"607003";NULL;NULL;"2023-09-06 14:58:53";"2023-09-06 14:58:53";"607"
"CLIMATISSEUR PORTATIF";"607001";NULL;NULL;"2023-09-06 14:58:53";"2023-09-06 14:58:53";"607"
"CLIMATISSEUR PORTATIF SUNTEC";"607007";NULL;NULL;"2023-12-12 03:33:49";"2023-12-12 03:33:49";"607"
"COFRE DE BUREAU 3TIRROIRES";"501007";NULL;NULL;"2023-09-06 14:58:51";"2023-09-06 14:58:51";"501"
"COIN DE BAFLES DUBAI MOY CR403";"215007";NULL;NULL;"2023-09-06 12:43:24";"2023-09-06 12:43:24";"215"
"COIN DE BAFLES EN PLAST PM";"215008";NULL;NULL;"2023-09-06 12:43:24";"2023-09-06 12:43:24";"215"
"COIN DE BAFLES GM";"215009";NULL;NULL;"2023-09-06 12:43:24";"2023-09-06 12:43:24";"215"
"COL FORTE EVERKING/ VISA AB EPOXY 4MM GM";"215011";NULL;NULL;"2023-09-06 12:43:24";"2023-09-06 12:43:24";"215"
"COL FORTE EVERKING/ VISA AB EPOXY 4MM PM";"215010";NULL;NULL;"2023-09-06 12:43:24";"2023-09-06 12:43:24";"215"
"COLE SILICONE ABRO";"215012";NULL;NULL;"2023-09-06 12:43:24";"2023-09-06 12:43:24";"215"
"COLE SILICONE ARADILTE";"215013";NULL;NULL;"2023-09-06 12:43:24";"2023-09-06 12:43:24";"215"
"COMBO TV 2840E";"215014";NULL;NULL;"2023-09-06 12:43:24";"2023-09-06 12:43:24";"215"
"COMMANDE VENTILATEUR";"215332";NULL;NULL;"2023-12-12 03:21:43";"2023-12-12 03:21:43";"215"
"COMPTEUR DE VITESSE POUR LES VENTILATEUR";"215205";NULL;NULL;"2023-09-06 12:44:46";"2023-09-06 12:44:46";"215"
"COMPTEUR DE VITESSE PR VENTILATEUR";"215319";NULL;NULL;"2023-12-12 03:21:43";"2023-12-12 03:21:43";"215"
"COMUTATEUR DE POSTE RADIO K7";"215015";NULL;NULL;"2023-09-06 12:43:24";"2023-09-06 12:43:24";"215"
"COMUTATEUR LAMPE RECH 2 POSIT";"215016";NULL;NULL;"2023-09-06 12:43:24";"2023-09-06 12:43:24";"215"
"COMUTATEUR LAMPE RECH 3 POSIT";"215017";NULL;NULL;"2023-09-06 12:43:24";"2023-09-06 12:43:24";"215"
"COMUTATEUR ROTATIF 2 POSIT";"215018";NULL;NULL;"2023-09-06 12:43:24";"2023-09-06 12:43:24";"215"
"COMUTATEUR ROTATIF 5 POSIT";"215019";NULL;NULL;"2023-09-06 12:43:24";"2023-09-06 12:43:24";"215"
"COMUTATEUR ROTATIF 6 POSIT";"215020";NULL;NULL;"2023-09-06 12:43:24";"2023-09-06 12:43:24";"215"
"CONDO 0.01UF 400V";"123011";NULL;NULL;"2023-09-06 12:43:25";"2023-09-06 12:43:25";"123"
"CONDO 0.1UF 100V";"123013";NULL;NULL;"2023-09-06 12:43:25";"2023-09-06 12:43:25";"123"
"CONDO 0.1UF 10V";"123012";NULL;NULL;"2023-09-06 12:43:25";"2023-09-06 12:43:25";"123"
"CONDO 0.1UF 160V";"123014";NULL;NULL;"2023-09-06 12:43:25";"2023-09-06 12:43:25";"123"
"CONDO 0.1UF 16V";"123015";NULL;NULL;"2023-09-06 12:43:25";"2023-09-06 12:43:25";"123"
"CONDO 0.1UF 200V";"123016";NULL;NULL;"2023-09-06 12:43:25";"2023-09-06 12:43:25";"123"
"CONDO 0.1UF 250V";"123017";NULL;NULL;"2023-09-06 12:43:25";"2023-09-06 12:43:25";"123"
"CONDO 0.1UF 25V";"123018";NULL;NULL;"2023-09-06 12:43:25";"2023-09-06 12:43:25";"123"
"CONDO 0.1UF 350V";"123019";NULL;NULL;"2023-09-06 12:43:25";"2023-09-06 12:43:25";"123"
"CONDO 0.1UF 35V";"123020";NULL;NULL;"2023-09-06 12:43:25";"2023-09-06 12:43:25";"123"
"CONDO 0.1UF 50V";"123021";NULL;NULL;"2023-09-06 12:43:25";"2023-09-06 12:43:25";"123"
"CONDO 0.1UF 63V";"123022";NULL;NULL;"2023-09-06 12:43:25";"2023-09-06 12:43:25";"123"
"CONDO 0.22UF 10V";"123023";NULL;NULL;"2023-09-06 12:43:25";"2023-09-06 12:43:25";"123"
"CONDO 0.22UF 160V";"123024";NULL;NULL;"2023-09-06 12:43:25";"2023-09-06 12:43:25";"123"
"CONDO 0.22UF 16V";"123025";NULL;NULL;"2023-09-06 12:43:25";"2023-09-06 12:43:25";"123"
"CONDO 0.22UF 200V";"123026";NULL;NULL;"2023-09-06 12:43:25";"2023-09-06 12:43:25";"123"
"CONDO 0.22UF 250V";"123027";NULL;NULL;"2023-09-06 12:43:25";"2023-09-06 12:43:25";"123"
"CONDO 0.22UF 25V";"123028";NULL;NULL;"2023-09-06 12:43:25";"2023-09-06 12:43:25";"123"
"CONDO 0.22UF 350V";"123029";NULL;NULL;"2023-09-06 12:43:25";"2023-09-06 12:43:25";"123"
"CONDO 0.22UF 35V";"123030";NULL;NULL;"2023-09-06 12:43:25";"2023-09-06 12:43:25";"123"
"CONDO 0.22UF 50V";"123031";NULL;NULL;"2023-09-06 12:43:26";"2023-09-06 12:43:26";"123"
"CONDO 0.22UF 63V";"123032";NULL;NULL;"2023-09-06 12:43:26";"2023-09-06 12:43:26";"123"
"CONDO 0.33UF 100V";"123033";NULL;NULL;"2023-09-06 12:43:26";"2023-09-06 12:43:26";"123"
"CONDO 0.33UF 10V";"123034";NULL;NULL;"2023-09-06 12:43:26";"2023-09-06 12:43:26";"123"
"CONDO 0.33UF 160V";"123035";NULL;NULL;"2023-09-06 12:43:26";"2023-09-06 12:43:26";"123"
"CONDO 0.33UF 16V";"123036";NULL;NULL;"2023-09-06 12:43:26";"2023-09-06 12:43:26";"123"
"CONDO 0.33UF 200V";"123037";NULL;NULL;"2023-09-06 12:43:26";"2023-09-06 12:43:26";"123"
"CONDO 0.33UF 250V";"123038";NULL;NULL;"2023-09-06 12:43:26";"2023-09-06 12:43:26";"123"
"CONDO 0.33UF 25V";"123039";NULL;NULL;"2023-09-06 12:43:26";"2023-09-06 12:43:26";"123"
"CONDO 0.33UF 350V";"123040";NULL;NULL;"2023-09-06 12:43:26";"2023-09-06 12:43:26";"123"
"CONDO 0.33UF 35V";"123041";NULL;NULL;"2023-09-06 12:43:26";"2023-09-06 12:43:26";"123"
"CONDO 0.33UF 50V";"123042";NULL;NULL;"2023-09-06 12:43:26";"2023-09-06 12:43:26";"123"
"CONDO 0.33UF 630V";"123043";NULL;NULL;"2023-09-06 12:43:26";"2023-09-06 12:43:26";"123"
"CONDO 0.47UF 100V";"123044";NULL;NULL;"2023-09-06 12:43:26";"2023-09-06 12:43:26";"123"
"CONDO 0.47UF 10V";"123045";NULL;NULL;"2023-09-06 12:43:26";"2023-09-06 12:43:26";"123"
"CONDO 0.47UF 160V";"123046";NULL;NULL;"2023-09-06 12:43:26";"2023-09-06 12:43:26";"123"
"CONDO 0.47UF 16V";"123047";NULL;NULL;"2023-09-06 12:43:26";"2023-09-06 12:43:26";"123"
"CONDO 0.47UF 250V";"123048";NULL;NULL;"2023-09-06 12:43:26";"2023-09-06 12:43:26";"123"
"CONDO 0.47UF 25V";"123049";NULL;NULL;"2023-09-06 12:43:26";"2023-09-06 12:43:26";"123"
"CONDO 0.47UF 350V";"123050";NULL;NULL;"2023-09-06 12:43:26";"2023-09-06 12:43:26";"123"
"CONDO 0.47UF 35V";"123051";NULL;NULL;"2023-09-06 12:43:26";"2023-09-06 12:43:26";"123"
"CONDO 0.47UF 400V";"123052";NULL;NULL;"2023-09-06 12:43:26";"2023-09-06 12:43:26";"123"
"CONDO 0.47UF 50V";"123053";NULL;NULL;"2023-09-06 12:43:26";"2023-09-06 12:43:26";"123"
"CONDO 0.47UF 63V";"123054";NULL;NULL;"2023-09-06 12:43:26";"2023-09-06 12:43:26";"123"
"CONDO 1.5UF 400V";"123055";NULL;NULL;"2023-09-06 12:43:26";"2023-09-06 12:43:26";"123"
"CONDO 10000UF 100V";"123056";NULL;NULL;"2023-09-06 12:43:26";"2023-09-06 12:43:26";"123"
"CONDO 10000UF 16V";"123057";NULL;NULL;"2023-09-06 12:43:26";"2023-09-06 12:43:26";"123"
"CONDO 10000UF 25V";"123058";NULL;NULL;"2023-09-06 12:43:26";"2023-09-06 12:43:26";"123"
"CONDO 10000UF 35V";"123059";NULL;NULL;"2023-09-06 12:43:26";"2023-09-06 12:43:26";"123"
"CONDO 10000UF 50V";"123060";NULL;NULL;"2023-09-06 12:43:26";"2023-09-06 12:43:26";"123"
"CONDO 10000UF 6.3V";"123061";NULL;NULL;"2023-09-06 12:43:26";"2023-09-06 12:43:26";"123"
"CONDO 10000UF 63V";"123062";NULL;NULL;"2023-09-06 12:43:26";"2023-09-06 12:43:26";"123"
"CONDO 1000UF 100V";"123063";NULL;NULL;"2023-09-06 12:43:26";"2023-09-06 12:43:26";"123"
"CONDO 1000UF 10V";"123064";NULL;NULL;"2023-09-06 12:43:26";"2023-09-06 12:43:26";"123"
"CONDO 1000UF 160V";"123065";NULL;NULL;"2023-09-06 12:43:26";"2023-09-06 12:43:26";"123"
"CONDO 1000UF 16V";"123066";NULL;NULL;"2023-09-06 12:43:26";"2023-09-06 12:43:26";"123"
"CONDO 1000UF 200V";"123067";NULL;NULL;"2023-09-06 12:43:26";"2023-09-06 12:43:26";"123"
"CONDO 1000UF 250V";"123068";NULL;NULL;"2023-09-06 12:43:26";"2023-09-06 12:43:26";"123"
"CONDO 1000UF 25V";"123069";NULL;NULL;"2023-09-06 12:43:26";"2023-09-06 12:43:26";"123"
"CONDO 1000UF 35V";"123070";NULL;NULL;"2023-09-06 12:43:26";"2023-09-06 12:43:26";"123"
"CONDO 1000UF 400V";"123071";NULL;NULL;"2023-09-06 12:43:26";"2023-09-06 12:43:26";"123"
"CONDO 1000UF 450V";"123072";NULL;NULL;"2023-09-06 12:43:26";"2023-09-06 12:43:26";"123"
"CONDO 1000UF 50V";"123073";NULL;NULL;"2023-09-06 12:43:26";"2023-09-06 12:43:26";"123"
"CONDO 1000UF 6.3V";"123074";NULL;NULL;"2023-09-06 12:43:26";"2023-09-06 12:43:26";"123"
"CONDO 1000UF 63V";"123075";NULL;NULL;"2023-09-06 12:43:26";"2023-09-06 12:43:26";"123"
"CONDO 100UF 100V";"123076";NULL;NULL;"2023-09-06 12:43:26";"2023-09-06 12:43:26";"123"
"CONDO 100UF 10V";"123077";NULL;NULL;"2023-09-06 12:43:26";"2023-09-06 12:43:26";"123"
"CONDO 100UF 160V";"123078";NULL;NULL;"2023-09-06 12:43:26";"2023-09-06 12:43:26";"123"
"CONDO 100UF 16V";"123079";NULL;NULL;"2023-09-06 12:43:26";"2023-09-06 12:43:26";"123"
"CONDO 100UF 200V";"123080";NULL;NULL;"2023-09-06 12:43:26";"2023-09-06 12:43:26";"123"
"CONDO 100UF 250V";"123081";NULL;NULL;"2023-09-06 12:43:26";"2023-09-06 12:43:26";"123"
"CONDO 100UF 25V";"123082";NULL;NULL;"2023-09-06 12:43:26";"2023-09-06 12:43:26";"123"
"CONDO 100UF 350V";"123083";NULL;NULL;"2023-09-06 12:43:26";"2023-09-06 12:43:26";"123"
"CONDO 100UF 35V";"123084";NULL;NULL;"2023-09-06 12:43:26";"2023-09-06 12:43:26";"123"
"CONDO 100UF 400V";"123085";NULL;NULL;"2023-09-06 12:43:26";"2023-09-06 12:43:26";"123"
"CONDO 100UF 450V";"123086";NULL;NULL;"2023-09-06 12:43:26";"2023-09-06 12:43:26";"123"
"CONDO 100UF 50V";"123087";NULL;NULL;"2023-09-06 12:43:26";"2023-09-06 12:43:26";"123"
"CONDO 100UF 6.3V";"123088";NULL;NULL;"2023-09-06 12:43:26";"2023-09-06 12:43:26";"123"
"CONDO 100UF 63V";"123089";NULL;NULL;"2023-09-06 12:43:26";"2023-09-06 12:43:26";"123"
"CONDO 10UF 100V";"123090";NULL;NULL;"2023-09-06 12:43:26";"2023-09-06 12:43:26";"123"
"CONDO 10UF 10V";"123091";NULL;NULL;"2023-09-06 12:43:26";"2023-09-06 12:43:26";"123"
"CONDO 10UF 160V";"123092";NULL;NULL;"2023-09-06 12:43:26";"2023-09-06 12:43:26";"123"
"CONDO 10UF 16V";"123093";NULL;NULL;"2023-09-06 12:43:26";"2023-09-06 12:43:26";"123"
"CONDO 10UF 200V";"123094";NULL;NULL;"2023-09-06 12:43:26";"2023-09-06 12:43:26";"123"
"CONDO 10UF 250V";"123095";NULL;NULL;"2023-09-06 12:43:27";"2023-09-06 12:43:27";"123"
"CONDO 10UF 25V";"123096";NULL;NULL;"2023-09-06 12:43:27";"2023-09-06 12:43:27";"123"
"CONDO 10UF 350V";"123097";NULL;NULL;"2023-09-06 12:43:27";"2023-09-06 12:43:27";"123"
"CONDO 10UF 35V";"123098";NULL;NULL;"2023-09-06 12:43:27";"2023-09-06 12:43:27";"123"
"CONDO 10UF 400V";"123099";NULL;NULL;"2023-09-06 12:43:27";"2023-09-06 12:43:27";"123"
"CONDO 10UF 450V";"123100";NULL;NULL;"2023-09-06 12:43:27";"2023-09-06 12:43:27";"123"
"CONDO 10UF 50V";"123101";NULL;NULL;"2023-09-06 12:43:27";"2023-09-06 12:43:27";"123"
"CONDO 10UF 6.3V";"123102";NULL;NULL;"2023-09-06 12:43:27";"2023-09-06 12:43:27";"123"
"CONDO 10UF 63V";"123103";NULL;NULL;"2023-09-06 12:43:27";"2023-09-06 12:43:27";"123"
"CONDO 120UF 160V";"123105";NULL;NULL;"2023-09-06 12:43:27";"2023-09-06 12:43:27";"123"
"CONDO 120UF 200V";"123106";NULL;NULL;"2023-09-06 12:43:27";"2023-09-06 12:43:27";"123"
"CONDO 120UF 400V";"123107";NULL;NULL;"2023-09-06 12:43:27";"2023-09-06 12:43:27";"123"
"CONDO 120UF 450V";"123104";NULL;NULL;"2023-09-06 12:43:27";"2023-09-06 12:43:27";"123"
"CONDO 140UF 450V";"123108";NULL;NULL;"2023-09-06 12:43:27";"2023-09-06 12:43:27";"123"
"CONDO 15000UF 100V";"123109";NULL;NULL;"2023-09-06 12:43:27";"2023-09-06 12:43:27";"123"
"CONDO 15000UF 63V";"123110";NULL;NULL;"2023-09-06 12:43:27";"2023-09-06 12:43:27";"123"
"CONDO 1500UF 100V";"123111";NULL;NULL;"2023-09-06 12:43:27";"2023-09-06 12:43:27";"123"
"CONDO 1500UF 10V";"123112";NULL;NULL;"2023-09-06 12:43:27";"2023-09-06 12:43:27";"123"
"CONDO 1500UF 16V";"123113";NULL;NULL;"2023-09-06 12:43:27";"2023-09-06 12:43:27";"123"
"CONDO 1500UF 200V";"123114";NULL;NULL;"2023-09-06 12:43:27";"2023-09-06 12:43:27";"123"
"CONDO 1500UF 25V";"123115";NULL;NULL;"2023-09-06 12:43:27";"2023-09-06 12:43:27";"123"
"CONDO 1500UF 35V";"123116";NULL;NULL;"2023-09-06 12:43:27";"2023-09-06 12:43:27";"123"
"CONDO 1500UF 50V";"123117";NULL;NULL;"2023-09-06 12:43:27";"2023-09-06 12:43:27";"123"
"CONDO 1500UF 6.3V";"123118";NULL;NULL;"2023-09-06 12:43:27";"2023-09-06 12:43:27";"123"
"CONDO 1500UF 63V";"123119";NULL;NULL;"2023-09-06 12:43:27";"2023-09-06 12:43:27";"123"
"CONDO 150UF 100V";"123120";NULL;NULL;"2023-09-06 12:43:27";"2023-09-06 12:43:27";"123"
"CONDO 150UF 10V";"123121";NULL;NULL;"2023-09-06 12:43:27";"2023-09-06 12:43:27";"123"
"CONDO 150UF 160V";"123122";NULL;NULL;"2023-09-06 12:43:27";"2023-09-06 12:43:27";"123"
"CONDO 150UF 16V";"123123";NULL;NULL;"2023-09-06 12:43:27";"2023-09-06 12:43:27";"123"
"CONDO 150UF 200V";"123124";NULL;NULL;"2023-09-06 12:43:27";"2023-09-06 12:43:27";"123"
"CONDO 150UF 250V";"123125";NULL;NULL;"2023-09-06 12:43:27";"2023-09-06 12:43:27";"123"
"CONDO 150UF 25V";"123126";NULL;NULL;"2023-09-06 12:43:27";"2023-09-06 12:43:27";"123"
"CONDO 150UF 350V";"123127";NULL;NULL;"2023-09-06 12:43:27";"2023-09-06 12:43:27";"123"
"CONDO 150UF 35V";"123128";NULL;NULL;"2023-09-06 12:43:27";"2023-09-06 12:43:27";"123"
"CONDO 150UF 400V";"123129";NULL;NULL;"2023-09-06 12:43:27";"2023-09-06 12:43:27";"123"
"CONDO 150UF 450V";"123130";NULL;NULL;"2023-09-06 12:43:27";"2023-09-06 12:43:27";"123"
"CONDO 150UF 50V";"123131";NULL;NULL;"2023-09-06 12:43:27";"2023-09-06 12:43:27";"123"
"CONDO 150UF 63V";"123132";NULL;NULL;"2023-09-06 12:43:27";"2023-09-06 12:43:27";"123"
"CONDO 15UF 400V";"123133";NULL;NULL;"2023-09-06 12:43:27";"2023-09-06 12:43:27";"123"
"CONDO 160UF 400V";"123134";NULL;NULL;"2023-09-06 12:43:27";"2023-09-06 12:43:27";"123"
"CONDO 1800UF 16V";"123135";NULL;NULL;"2023-09-06 12:43:27";"2023-09-06 12:43:27";"123"
"CONDO 1800UF 25V";"123136";NULL;NULL;"2023-09-06 12:43:27";"2023-09-06 12:43:27";"123"
"CONDO 1800UF 6.3V";"123137";NULL;NULL;"2023-09-06 12:43:27";"2023-09-06 12:43:27";"123"
"CONDO 180UF 100V";"123138";NULL;NULL;"2023-09-06 12:43:27";"2023-09-06 12:43:27";"123"
"CONDO 180UF 10V";"123139";NULL;NULL;"2023-09-06 12:43:27";"2023-09-06 12:43:27";"123"
"CONDO 180UF 160V";"123140";NULL;NULL;"2023-09-06 12:43:27";"2023-09-06 12:43:27";"123"
"CONDO 180UF 16V";"123141";NULL;NULL;"2023-09-06 12:43:27";"2023-09-06 12:43:27";"123"
"CONDO 180UF 200V";"123142";NULL;NULL;"2023-09-06 12:43:27";"2023-09-06 12:43:27";"123"
"CONDO 180UF 250V";"123143";NULL;NULL;"2023-09-06 12:43:27";"2023-09-06 12:43:27";"123"
"CONDO 180UF 25V";"123144";NULL;NULL;"2023-09-06 12:43:27";"2023-09-06 12:43:27";"123"
"CONDO 180UF 35V";"123145";NULL;NULL;"2023-09-06 12:43:27";"2023-09-06 12:43:27";"123"
"CONDO 180UF 400V";"123146";NULL;NULL;"2023-09-06 12:43:27";"2023-09-06 12:43:27";"123"
"CONDO 180UF 450V";"123147";NULL;NULL;"2023-09-06 12:43:27";"2023-09-06 12:43:27";"123"
"CONDO 180UF 50V";"123148";NULL;NULL;"2023-09-06 12:43:27";"2023-09-06 12:43:27";"123"
"CONDO 180UF 63V";"123149";NULL;NULL;"2023-09-06 12:43:27";"2023-09-06 12:43:27";"123"
"CONDO 1UF 100V";"123150";NULL;NULL;"2023-09-06 12:43:27";"2023-09-06 12:43:27";"123"
"CONDO 1UF 10V";"123151";NULL;NULL;"2023-09-06 12:43:27";"2023-09-06 12:43:27";"123"
"CONDO 1UF 150V";"123152";NULL;NULL;"2023-09-06 12:43:27";"2023-09-06 12:43:27";"123"
"CONDO 1UF 160V";"123153";NULL;NULL;"2023-09-06 12:43:27";"2023-09-06 12:43:27";"123"
"CONDO 1UF 16V";"123154";NULL;NULL;"2023-09-06 12:43:27";"2023-09-06 12:43:27";"123"
"CONDO 1UF 200V";"123155";NULL;NULL;"2023-09-06 12:43:27";"2023-09-06 12:43:27";"123"
"CONDO 1UF 250V";"123156";NULL;NULL;"2023-09-06 12:43:27";"2023-09-06 12:43:27";"123"
"CONDO 1UF 25V";"123157";NULL;NULL;"2023-09-06 12:43:28";"2023-09-06 12:43:28";"123"
"CONDO 1UF 350V";"123158";NULL;NULL;"2023-09-06 12:43:28";"2023-09-06 12:43:28";"123"
"CONDO 1UF 35V";"123159";NULL;NULL;"2023-09-06 12:43:28";"2023-09-06 12:43:28";"123"
"CONDO 1UF 400V";"123160";NULL;NULL;"2023-09-06 12:43:28";"2023-09-06 12:43:28";"123"
"CONDO 1UF 450V";"123161";NULL;NULL;"2023-09-06 12:43:28";"2023-09-06 12:43:28";"123"
"CONDO 1UF 50V";"123162";NULL;NULL;"2023-09-06 12:43:28";"2023-09-06 12:43:28";"123"
"CONDO 1UF 63V";"123163";NULL;NULL;"2023-09-06 12:43:28";"2023-09-06 12:43:28";"123"
"CONDO 2.2UF 100V";"123164";NULL;NULL;"2023-09-06 12:43:28";"2023-09-06 12:43:28";"123"
"CONDO 2.2UF 10V";"123165";NULL;NULL;"2023-09-06 12:43:28";"2023-09-06 12:43:28";"123"
"CONDO 2.2UF 160V";"123166";NULL;NULL;"2023-09-06 12:43:28";"2023-09-06 12:43:28";"123"
"CONDO 2.2UF 16V";"123167";NULL;NULL;"2023-09-06 12:43:28";"2023-09-06 12:43:28";"123"
"CONDO 2.2UF 200V";"123168";NULL;NULL;"2023-09-06 12:43:28";"2023-09-06 12:43:28";"123"
"CONDO 2.2UF 250V";"123169";NULL;NULL;"2023-09-06 12:43:28";"2023-09-06 12:43:28";"123"
"CONDO 2.2UF 25V";"123170";NULL;NULL;"2023-09-06 12:43:28";"2023-09-06 12:43:28";"123"
"CONDO 2.2UF 350V";"123171";NULL;NULL;"2023-09-06 12:43:28";"2023-09-06 12:43:28";"123"
"CONDO 2.2UF 35V";"123172";NULL;NULL;"2023-09-06 12:43:28";"2023-09-06 12:43:28";"123"
"CONDO 2.2UF 400V";"123173";NULL;NULL;"2023-09-06 12:43:28";"2023-09-06 12:43:28";"123"
"CONDO 2.2UF 450V";"123174";NULL;NULL;"2023-09-06 12:43:28";"2023-09-06 12:43:28";"123"
"CONDO 2.2UF 50V";"123175";NULL;NULL;"2023-09-06 12:43:28";"2023-09-06 12:43:28";"123"
"CONDO 2.2UF 63V";"123176";NULL;NULL;"2023-09-06 12:43:28";"2023-09-06 12:43:28";"123"
"CONDO 200UF 400V";"123177";NULL;NULL;"2023-09-06 12:43:28";"2023-09-06 12:43:28";"123"
"CONDO 200V 450 V";"123178";NULL;NULL;"2023-09-06 12:43:28";"2023-09-06 12:43:28";"123"
"CONDO 21 UF 450V";"123179";NULL;NULL;"2023-09-06 12:43:28";"2023-09-06 12:43:28";"123"
"CONDO 2200UF 100V";"123180";NULL;NULL;"2023-09-06 12:43:28";"2023-09-06 12:43:28";"123"
"CONDO 2200UF 10V";"123181";NULL;NULL;"2023-09-06 12:43:28";"2023-09-06 12:43:28";"123"
"CONDO 2200UF 160V";"123182";NULL;NULL;"2023-09-06 12:43:28";"2023-09-06 12:43:28";"123"
"CONDO 2200UF 16V";"123183";NULL;NULL;"2023-09-06 12:43:28";"2023-09-06 12:43:28";"123"
"CONDO 2200UF 25V";"123184";NULL;NULL;"2023-09-06 12:43:28";"2023-09-06 12:43:28";"123"
"CONDO 2200UF 35V";"123185";NULL;NULL;"2023-09-06 12:43:28";"2023-09-06 12:43:28";"123"
"CONDO 2200UF 400V";"123186";NULL;NULL;"2023-09-06 12:43:28";"2023-09-06 12:43:28";"123"
"CONDO 2200UF 50V";"123187";NULL;NULL;"2023-09-06 12:43:28";"2023-09-06 12:43:28";"123"
"CONDO 2200UF 6.3V";"123188";NULL;NULL;"2023-09-06 12:43:28";"2023-09-06 12:43:28";"123"
"CONDO 2200UF 63V";"123189";NULL;NULL;"2023-09-06 12:43:28";"2023-09-06 12:43:28";"123"
"CONDO 220UF 100V";"123190";NULL;NULL;"2023-09-06 12:43:28";"2023-09-06 12:43:28";"123"
"CONDO 220UF 10V";"123191";NULL;NULL;"2023-09-06 12:43:28";"2023-09-06 12:43:28";"123"
"CONDO 220UF 160V";"123192";NULL;NULL;"2023-09-06 12:43:28";"2023-09-06 12:43:28";"123"
"CONDO 220UF 16V";"123193";NULL;NULL;"2023-09-06 12:43:28";"2023-09-06 12:43:28";"123"
"CONDO 220UF 200V";"123194";NULL;NULL;"2023-09-06 12:43:28";"2023-09-06 12:43:28";"123"
"CONDO 220UF 250V";"123195";NULL;NULL;"2023-09-06 12:43:28";"2023-09-06 12:43:28";"123"
"CONDO 220UF 25V";"123196";NULL;NULL;"2023-09-06 12:43:28";"2023-09-06 12:43:28";"123"
"CONDO 220UF 350V";"123197";NULL;NULL;"2023-09-06 12:43:28";"2023-09-06 12:43:28";"123"
"CONDO 220UF 35V";"123198";NULL;NULL;"2023-09-06 12:43:28";"2023-09-06 12:43:28";"123"
"CONDO 220UF 400V";"123199";NULL;NULL;"2023-09-06 12:43:28";"2023-09-06 12:43:28";"123"
"CONDO 220UF 450V";"123200";NULL;NULL;"2023-09-06 12:43:28";"2023-09-06 12:43:28";"123"
"CONDO 220UF 50V";"123201";NULL;NULL;"2023-09-06 12:43:28";"2023-09-06 12:43:28";"123"
"CONDO 220UF 6.3V";"123202";NULL;NULL;"2023-09-06 12:43:28";"2023-09-06 12:43:28";"123"
"CONDO 220UF 63V";"123203";NULL;NULL;"2023-09-06 12:43:28";"2023-09-06 12:43:28";"123"
"CONDO 22UF 100V";"123204";NULL;NULL;"2023-09-06 12:43:28";"2023-09-06 12:43:28";"123"
"CONDO 22UF 10V";"123205";NULL;NULL;"2023-09-06 12:43:28";"2023-09-06 12:43:28";"123"
"CONDO 22UF 160V";"123206";NULL;NULL;"2023-09-06 12:43:28";"2023-09-06 12:43:28";"123"
"CONDO 22UF 16V";"123207";NULL;NULL;"2023-09-06 12:43:28";"2023-09-06 12:43:28";"123"
"CONDO 22UF 200V";"123208";NULL;NULL;"2023-09-06 12:43:28";"2023-09-06 12:43:28";"123"
"CONDO 22UF 250V";"123209";NULL;NULL;"2023-09-06 12:43:28";"2023-09-06 12:43:28";"123"
"CONDO 22UF 25V";"123210";NULL;NULL;"2023-09-06 12:43:28";"2023-09-06 12:43:28";"123"
"CONDO 22UF 350V";"123211";NULL;NULL;"2023-09-06 12:43:28";"2023-09-06 12:43:28";"123"
"CONDO 22UF 35V";"123212";NULL;NULL;"2023-09-06 12:43:28";"2023-09-06 12:43:28";"123"
"CONDO 22UF 400V";"123213";NULL;NULL;"2023-09-06 12:43:28";"2023-09-06 12:43:28";"123"
"CONDO 22UF 450V";"123214";NULL;NULL;"2023-09-06 12:43:28";"2023-09-06 12:43:28";"123"
"CONDO 22UF 50V";"123215";NULL;NULL;"2023-09-06 12:43:29";"2023-09-06 12:43:29";"123"
"CONDO 22UF 6.3V";"123216";NULL;NULL;"2023-09-06 12:43:29";"2023-09-06 12:43:29";"123"
"CONDO 22UF 63V";"123217";NULL;NULL;"2023-09-06 12:43:29";"2023-09-06 12:43:29";"123"
"CONDO 250UF 250V";"123218";NULL;NULL;"2023-09-06 12:43:29";"2023-09-06 12:43:29";"123"
"CONDO 27 UF 450V";"123220";NULL;NULL;"2023-09-06 12:43:29";"2023-09-06 12:43:29";"123"
"CONDO 270UF 450 V";"123219";NULL;NULL;"2023-09-06 12:43:29";"2023-09-06 12:43:29";"123"
"CONDO 3.3UF 100V";"123221";NULL;NULL;"2023-09-06 12:43:29";"2023-09-06 12:43:29";"123"
"CONDO 3.3UF 10V";"123222";NULL;NULL;"2023-09-06 12:43:29";"2023-09-06 12:43:29";"123"
"CONDO 3.3UF 160V";"123223";NULL;NULL;"2023-09-06 12:43:29";"2023-09-06 12:43:29";"123"
"CONDO 3.3UF 16V";"123224";NULL;NULL;"2023-09-06 12:43:29";"2023-09-06 12:43:29";"123"
"CONDO 3.3UF 200V";"123225";NULL;NULL;"2023-09-06 12:43:29";"2023-09-06 12:43:29";"123"
"CONDO 3.3UF 250V";"123226";NULL;NULL;"2023-09-06 12:43:29";"2023-09-06 12:43:29";"123"
"CONDO 3.3UF 25V";"123227";NULL;NULL;"2023-09-06 12:43:29";"2023-09-06 12:43:29";"123"
"CONDO 3.3UF 350V";"123228";NULL;NULL;"2023-09-06 12:43:29";"2023-09-06 12:43:29";"123"
"CONDO 3.3UF 35V";"123229";NULL;NULL;"2023-09-06 12:43:29";"2023-09-06 12:43:29";"123"
"CONDO 3.3UF 400V";"123230";NULL;NULL;"2023-09-06 12:43:29";"2023-09-06 12:43:29";"123"
"CONDO 3.3UF 450V";"123231";NULL;NULL;"2023-09-06 12:43:29";"2023-09-06 12:43:29";"123"
"CONDO 3.3UF 50V";"123233";NULL;NULL;"2023-09-06 12:43:29";"2023-09-06 12:43:29";"123"
"CONDO 3.3UF 63V";"123234";NULL;NULL;"2023-09-06 12:43:29";"2023-09-06 12:43:29";"123"
"CONDO 3300UF 100V";"123235";NULL;NULL;"2023-09-06 12:43:29";"2023-09-06 12:43:29";"123"
"CONDO 3300UF 10V";"123236";NULL;NULL;"2023-09-06 12:43:29";"2023-09-06 12:43:29";"123"
"CONDO 3300UF 160V";"123237";NULL;NULL;"2023-09-06 12:43:29";"2023-09-06 12:43:29";"123"
"CONDO 3300UF 16V";"123238";NULL;NULL;"2023-09-06 12:43:29";"2023-09-06 12:43:29";"123"
"CONDO 3300UF 25V";"123239";NULL;NULL;"2023-09-06 12:43:29";"2023-09-06 12:43:29";"123"
"CONDO 3300UF 35V";"123240";NULL;NULL;"2023-09-06 12:43:29";"2023-09-06 12:43:29";"123"
"CONDO 3300UF 50V";"123241";NULL;NULL;"2023-09-06 12:43:29";"2023-09-06 12:43:29";"123"
"CONDO 3300UF 63V";"123242";NULL;NULL;"2023-09-06 12:43:29";"2023-09-06 12:43:29";"123"
"CONDO 3300UF 80V";"123243";NULL;NULL;"2023-09-06 12:43:29";"2023-09-06 12:43:29";"123"
"CONDO 330UF 100V";"123245";NULL;NULL;"2023-09-06 12:43:29";"2023-09-06 12:43:29";"123"
"CONDO 330UF 10V";"123246";NULL;NULL;"2023-09-06 12:43:29";"2023-09-06 12:43:29";"123"
"CONDO 330UF 160V";"123247";NULL;NULL;"2023-09-06 12:43:29";"2023-09-06 12:43:29";"123"
"CONDO 330UF 16V";"123248";NULL;NULL;"2023-09-06 12:43:29";"2023-09-06 12:43:29";"123"
"CONDO 330UF 200V";"123249";NULL;NULL;"2023-09-06 12:43:29";"2023-09-06 12:43:29";"123"
"CONDO 330UF 250V";"123250";NULL;NULL;"2023-09-06 12:43:29";"2023-09-06 12:43:29";"123"
"CONDO 330UF 25V";"123251";NULL;NULL;"2023-09-06 12:43:29";"2023-09-06 12:43:29";"123"
"CONDO 330UF 35V";"123252";NULL;NULL;"2023-09-06 12:43:29";"2023-09-06 12:43:29";"123"
"CONDO 330UF 450 V";"123244";NULL;NULL;"2023-09-06 12:43:29";"2023-09-06 12:43:29";"123"
"CONDO 330UF 50V";"123253";NULL;NULL;"2023-09-06 12:43:29";"2023-09-06 12:43:29";"123"
"CONDO 330UF 6.3V";"123254";NULL;NULL;"2023-09-06 12:43:29";"2023-09-06 12:43:29";"123"
"CONDO 33UF 100V";"123255";NULL;NULL;"2023-09-06 12:43:29";"2023-09-06 12:43:29";"123"
"CONDO 33UF 10V";"123256";NULL;NULL;"2023-09-06 12:43:29";"2023-09-06 12:43:29";"123"
"CONDO 33UF 160V";"123257";NULL;NULL;"2023-09-06 12:43:29";"2023-09-06 12:43:29";"123"
"CONDO 33UF 16V";"123258";NULL;NULL;"2023-09-06 12:43:29";"2023-09-06 12:43:29";"123"
"CONDO 33UF 250V";"123259";NULL;NULL;"2023-09-06 12:43:29";"2023-09-06 12:43:29";"123"
"CONDO 33UF 25V";"123260";NULL;NULL;"2023-09-06 12:43:29";"2023-09-06 12:43:29";"123"
"CONDO 33UF 350V";"123261";NULL;NULL;"2023-09-06 12:43:29";"2023-09-06 12:43:29";"123"
"CONDO 33UF 35V";"123262";NULL;NULL;"2023-09-06 12:43:29";"2023-09-06 12:43:29";"123"
"CONDO 33UF 400V";"123010";NULL;NULL;"2023-09-06 12:43:25";"2023-09-06 12:43:25";"123"
"CONDO 33UF 450V";"123263";NULL;NULL;"2023-09-06 12:43:29";"2023-09-06 12:43:29";"123"
"CONDO 33UF 50V";"123264";NULL;NULL;"2023-09-06 12:43:29";"2023-09-06 12:43:29";"123"
"CONDO 33UF 63V";"123265";NULL;NULL;"2023-09-06 12:43:29";"2023-09-06 12:43:29";"123"
"CONDO 350UF 100V";"123266";NULL;NULL;"2023-09-06 12:43:29";"2023-09-06 12:43:29";"123"
"CONDO 350UF 350V";"123267";NULL;NULL;"2023-09-06 12:43:30";"2023-09-06 12:43:30";"123"
"CONDO 3700UF 100V";"123268";NULL;NULL;"2023-09-06 12:43:30";"2023-09-06 12:43:30";"123"
"CONDO 3700UF 400V";"123269";NULL;NULL;"2023-09-06 12:43:30";"2023-09-06 12:43:30";"123"
"CONDO 4.7 UF 400V";"123282";NULL;NULL;"2023-09-06 12:43:30";"2023-09-06 12:43:30";"123"
"CONDO 4.7UF 100V";"123270";NULL;NULL;"2023-09-06 12:43:30";"2023-09-06 12:43:30";"123"
"CONDO 4.7UF 10V";"123271";NULL;NULL;"2023-09-06 12:43:30";"2023-09-06 12:43:30";"123"
"CONDO 4.7UF 160V";"123272";NULL;NULL;"2023-09-06 12:43:30";"2023-09-06 12:43:30";"123"
"CONDO 4.7UF 16V";"123273";NULL;NULL;"2023-09-06 12:43:30";"2023-09-06 12:43:30";"123"
"CONDO 4.7UF 200V";"123274";NULL;NULL;"2023-09-06 12:43:30";"2023-09-06 12:43:30";"123"
"CONDO 4.7UF 250V";"123275";NULL;NULL;"2023-09-06 12:43:30";"2023-09-06 12:43:30";"123"
"CONDO 4.7UF 25V";"123276";NULL;NULL;"2023-09-06 12:43:30";"2023-09-06 12:43:30";"123"
"CONDO 4.7UF 350V";"123277";NULL;NULL;"2023-09-06 12:43:30";"2023-09-06 12:43:30";"123"
"CONDO 4.7UF 35V";"123278";NULL;NULL;"2023-09-06 12:43:30";"2023-09-06 12:43:30";"123"
"CONDO 4.7UF 50V";"123279";NULL;NULL;"2023-09-06 12:43:30";"2023-09-06 12:43:30";"123"
"CONDO 4.7UF 6.3V";"123280";NULL;NULL;"2023-09-06 12:43:30";"2023-09-06 12:43:30";"123"
"CONDO 4.7UF 63V";"123281";NULL;NULL;"2023-09-06 12:43:30";"2023-09-06 12:43:30";"123"
"CONDO 450V 6.8UF GM";"123324";NULL;NULL;"2023-09-06 12:43:30";"2023-09-06 12:43:30";"123"
"CONDO 470 UF 400V PM";"123283";NULL;NULL;"2023-09-06 12:43:30";"2023-09-06 12:43:30";"123"
"CONDO 4700UF 100V";"123285";NULL;NULL;"2023-09-06 12:43:30";"2023-09-06 12:43:30";"123"
"CONDO 4700UF 10V";"123286";NULL;NULL;"2023-09-06 12:43:30";"2023-09-06 12:43:30";"123"
"CONDO 4700UF 16V";"123287";NULL;NULL;"2023-09-06 12:43:30";"2023-09-06 12:43:30";"123"
"CONDO 4700UF 200V";"123288";NULL;NULL;"2023-09-06 12:43:30";"2023-09-06 12:43:30";"123"
"CONDO 4700UF 250V";"123289";NULL;NULL;"2023-09-06 12:43:30";"2023-09-06 12:43:30";"123"
"CONDO 4700UF 25V";"123290";NULL;NULL;"2023-09-06 12:43:30";"2023-09-06 12:43:30";"123"
"CONDO 4700UF 350V";"123291";NULL;NULL;"2023-09-06 12:43:30";"2023-09-06 12:43:30";"123"
"CONDO 4700UF 35V";"123292";NULL;NULL;"2023-09-06 12:43:30";"2023-09-06 12:43:30";"123"
"CONDO 470UF 100V";"123293";NULL;NULL;"2023-09-06 12:43:30";"2023-09-06 12:43:30";"123"
"CONDO 470UF 10V";"123294";NULL;NULL;"2023-09-06 12:43:30";"2023-09-06 12:43:30";"123"
"CONDO 470UF 160V";"123295";NULL;NULL;"2023-09-06 12:43:30";"2023-09-06 12:43:30";"123"
"CONDO 470UF 16V";"123296";NULL;NULL;"2023-09-06 12:43:30";"2023-09-06 12:43:30";"123"
"CONDO 470UF 200V";"123297";NULL;NULL;"2023-09-06 12:43:30";"2023-09-06 12:43:30";"123"
"CONDO 470UF 250V";"123298";NULL;NULL;"2023-09-06 12:43:30";"2023-09-06 12:43:30";"123"
"CONDO 470UF 25V";"123299";NULL;NULL;"2023-09-06 12:43:30";"2023-09-06 12:43:30";"123"
"CONDO 470UF 350V";"123300";NULL;NULL;"2023-09-06 12:43:30";"2023-09-06 12:43:30";"123"
"CONDO 470UF 35V";"123301";NULL;NULL;"2023-09-06 12:43:30";"2023-09-06 12:43:30";"123"
"CONDO 470UF 400V";"123302";NULL;NULL;"2023-09-06 12:43:30";"2023-09-06 12:43:30";"123"
"CONDO 470UF 450V";"123303";NULL;NULL;"2023-09-06 12:43:30";"2023-09-06 12:43:30";"123"
"CONDO 470UF 50V";"123304";NULL;NULL;"2023-09-06 12:43:30";"2023-09-06 12:43:30";"123"
"CONDO 470UF 6.3V";"123305";NULL;NULL;"2023-09-06 12:43:30";"2023-09-06 12:43:30";"123"
"CONDO 470UF 63V";"123306";NULL;NULL;"2023-09-06 12:43:30";"2023-09-06 12:43:30";"123"
"CONDO 47UF 100V";"123307";NULL;NULL;"2023-09-06 12:43:30";"2023-09-06 12:43:30";"123"
"CONDO 47UF 10V";"123308";NULL;NULL;"2023-09-06 12:43:30";"2023-09-06 12:43:30";"123"
"CONDO 47UF 160V";"123309";NULL;NULL;"2023-09-06 12:43:30";"2023-09-06 12:43:30";"123"
"CONDO 47UF 16V";"123310";NULL;NULL;"2023-09-06 12:43:30";"2023-09-06 12:43:30";"123"
"CONDO 47UF 200V";"123311";NULL;NULL;"2023-09-06 12:43:30";"2023-09-06 12:43:30";"123"
"CONDO 47UF 250V";"123312";NULL;NULL;"2023-09-06 12:43:30";"2023-09-06 12:43:30";"123"
"CONDO 47UF 25V";"123313";NULL;NULL;"2023-09-06 12:43:30";"2023-09-06 12:43:30";"123"
"CONDO 47UF 300V";"123314";NULL;NULL;"2023-09-06 12:43:30";"2023-09-06 12:43:30";"123"
"CONDO 47UF 350V";"123315";NULL;NULL;"2023-09-06 12:43:30";"2023-09-06 12:43:30";"123"
"CONDO 47UF 35V";"123316";NULL;NULL;"2023-09-06 12:43:30";"2023-09-06 12:43:30";"123"
"CONDO 47UF 400V";"123317";NULL;NULL;"2023-09-06 12:43:30";"2023-09-06 12:43:30";"123"
"CONDO 47UF 450V";"123318";NULL;NULL;"2023-09-06 12:43:30";"2023-09-06 12:43:30";"123"
"CONDO 47UF 50V";"123319";NULL;NULL;"2023-09-06 12:43:30";"2023-09-06 12:43:30";"123"
"CONDO 47UF 6.3V";"123320";NULL;NULL;"2023-09-06 12:43:30";"2023-09-06 12:43:30";"123"
"CONDO 47UF 63V";"123321";NULL;NULL;"2023-09-06 12:43:30";"2023-09-06 12:43:30";"123"
"CONDO 480UF 450 V";"123284";NULL;NULL;"2023-09-06 12:43:30";"2023-09-06 12:43:30";"123"
"CONDO 5000UF 63V";"123322";NULL;NULL;"2023-09-06 12:43:30";"2023-09-06 12:43:30";"123"
"CONDO 50UF 400V";"123323";NULL;NULL;"2023-09-06 12:43:30";"2023-09-06 12:43:30";"123"
"CONDO 6.8 UF 450V PM";"123339";NULL;NULL;"2023-09-06 12:43:31";"2023-09-06 12:43:31";"123"
"CONDO 6.8UF 100V";"123325";NULL;NULL;"2023-09-06 12:43:31";"2023-09-06 12:43:31";"123"
"CONDO 6.8UF 10V";"123326";NULL;NULL;"2023-09-06 12:43:31";"2023-09-06 12:43:31";"123"
"CONDO 6.8UF 160V";"123327";NULL;NULL;"2023-09-06 12:43:31";"2023-09-06 12:43:31";"123"
"CONDO 6.8UF 16V";"123328";NULL;NULL;"2023-09-06 12:43:31";"2023-09-06 12:43:31";"123"
"CONDO 6.8UF 200V";"123329";NULL;NULL;"2023-09-06 12:43:31";"2023-09-06 12:43:31";"123"
"CONDO 6.8UF 250V";"123330";NULL;NULL;"2023-09-06 12:43:31";"2023-09-06 12:43:31";"123"
"CONDO 6.8UF 25V";"123331";NULL;NULL;"2023-09-06 12:43:31";"2023-09-06 12:43:31";"123"
"CONDO 6.8UF 350V";"123332";NULL;NULL;"2023-09-06 12:43:31";"2023-09-06 12:43:31";"123"
"CONDO 6.8UF 35V";"123333";NULL;NULL;"2023-09-06 12:43:31";"2023-09-06 12:43:31";"123"
"CONDO 6.8UF 400V";"123334";NULL;NULL;"2023-09-06 12:43:31";"2023-09-06 12:43:31";"123"
"CONDO 6.8UF 450V";"123335";NULL;NULL;"2023-09-06 12:43:31";"2023-09-06 12:43:31";"123"
"CONDO 6.8UF 50V";"123336";NULL;NULL;"2023-09-06 12:43:31";"2023-09-06 12:43:31";"123"
"CONDO 6.8UF 6.3V";"123337";NULL;NULL;"2023-09-06 12:43:31";"2023-09-06 12:43:31";"123"
"CONDO 6.8UF 63V";"123338";NULL;NULL;"2023-09-06 12:43:31";"2023-09-06 12:43:31";"123"
"CONDO 6800UF 100V";"123340";NULL;NULL;"2023-09-06 12:43:31";"2023-09-06 12:43:31";"123"
"CONDO 6800UF 10V";"123341";NULL;NULL;"2023-09-06 12:43:31";"2023-09-06 12:43:31";"123"
"CONDO 6800UF 160V";"123342";NULL;NULL;"2023-09-06 12:43:31";"2023-09-06 12:43:31";"123"
"CONDO 6800UF 16V";"123343";NULL;NULL;"2023-09-06 12:43:31";"2023-09-06 12:43:31";"123"
"CONDO 6800UF 250V";"123344";NULL;NULL;"2023-09-06 12:43:31";"2023-09-06 12:43:31";"123"
"CONDO 6800UF 25V";"123345";NULL;NULL;"2023-09-06 12:43:31";"2023-09-06 12:43:31";"123"
"CONDO 6800UF 300V";"123346";NULL;NULL;"2023-09-06 12:43:31";"2023-09-06 12:43:31";"123"
"CONDO 6800UF 350V";"123347";NULL;NULL;"2023-09-06 12:43:31";"2023-09-06 12:43:31";"123"
"CONDO 6800UF 400V";"123348";NULL;NULL;"2023-09-06 12:43:31";"2023-09-06 12:43:31";"123"
"CONDO 6800UF 450V";"123349";NULL;NULL;"2023-09-06 12:43:31";"2023-09-06 12:43:31";"123"
"CONDO 6800UF 50V";"123350";NULL;NULL;"2023-09-06 12:43:31";"2023-09-06 12:43:31";"123"
"CONDO 6800UF 6.3V";"123351";NULL;NULL;"2023-09-06 12:43:31";"2023-09-06 12:43:31";"123"
"CONDO 6800UF 63V";"123352";NULL;NULL;"2023-09-06 12:43:31";"2023-09-06 12:43:31";"123"
"CONDO 680UF 100V";"123353";NULL;NULL;"2023-09-06 12:43:31";"2023-09-06 12:43:31";"123"
"CONDO 680UF 10V";"123354";NULL;NULL;"2023-09-06 12:43:31";"2023-09-06 12:43:31";"123"
"CONDO 680UF 160V";"123355";NULL;NULL;"2023-09-06 12:43:31";"2023-09-06 12:43:31";"123"
"CONDO 680UF 16V";"123356";NULL;NULL;"2023-09-06 12:43:31";"2023-09-06 12:43:31";"123"
"CONDO 680UF 200V";"123357";NULL;NULL;"2023-09-06 12:43:31";"2023-09-06 12:43:31";"123"
"CONDO 680UF 250V";"123358";NULL;NULL;"2023-09-06 12:43:31";"2023-09-06 12:43:31";"123"
"CONDO 680UF 300V";"123359";NULL;NULL;"2023-09-06 12:43:31";"2023-09-06 12:43:31";"123"
"CONDO 680UF 350V";"123360";NULL;NULL;"2023-09-06 12:43:31";"2023-09-06 12:43:31";"123"
"CONDO 680UF 35V";"123361";NULL;NULL;"2023-09-06 12:43:31";"2023-09-06 12:43:31";"123"
"CONDO 680UF 400V";"123362";NULL;NULL;"2023-09-06 12:43:31";"2023-09-06 12:43:31";"123"
"CONDO 680UF 450V";"123363";NULL;NULL;"2023-09-06 12:43:31";"2023-09-06 12:43:31";"123"
"CONDO 680UF 50V";"123364";NULL;NULL;"2023-09-06 12:43:31";"2023-09-06 12:43:31";"123"
"CONDO 680UF 6.3V";"123365";NULL;NULL;"2023-09-06 12:43:31";"2023-09-06 12:43:31";"123"
"CONDO 680UF 63V";"123366";NULL;NULL;"2023-09-06 12:43:31";"2023-09-06 12:43:31";"123"
"CONDO 68UF 100V";"123367";NULL;NULL;"2023-09-06 12:43:31";"2023-09-06 12:43:31";"123"
"CONDO 68UF 10V";"123368";NULL;NULL;"2023-09-06 12:43:31";"2023-09-06 12:43:31";"123"
"CONDO 68UF 160V";"123369";NULL;NULL;"2023-09-06 12:43:31";"2023-09-06 12:43:31";"123"
"CONDO 68UF 16V";"123370";NULL;NULL;"2023-09-06 12:43:31";"2023-09-06 12:43:31";"123"
"CONDO 68UF 200V";"123371";NULL;NULL;"2023-09-06 12:43:31";"2023-09-06 12:43:31";"123"
"CONDO 68UF 250V";"123372";NULL;NULL;"2023-09-06 12:43:31";"2023-09-06 12:43:31";"123"
"CONDO 68UF 25V";"123373";NULL;NULL;"2023-09-06 12:43:31";"2023-09-06 12:43:31";"123"
"CONDO 68UF 350V";"123374";NULL;NULL;"2023-09-06 12:43:31";"2023-09-06 12:43:31";"123"
"CONDO 68UF 35V";"123375";NULL;NULL;"2023-09-06 12:43:31";"2023-09-06 12:43:31";"123"
"CONDO 68UF 400V";"123376";NULL;NULL;"2023-09-06 12:43:31";"2023-09-06 12:43:31";"123"
"CONDO 68UF 450V";"123377";NULL;NULL;"2023-09-06 12:43:31";"2023-09-06 12:43:31";"123"
"CONDO 68UF 50V";"123378";NULL;NULL;"2023-09-06 12:43:31";"2023-09-06 12:43:31";"123"
"CONDO 68UF 6.3V";"123379";NULL;NULL;"2023-09-06 12:43:31";"2023-09-06 12:43:31";"123"
"CONDO 68UF 63V";"123380";NULL;NULL;"2023-09-06 12:43:31";"2023-09-06 12:43:31";"123"
"CONDO CBT 100PF=0.01NF 10-100V";"104001";NULL;NULL;"2023-09-06 12:43:24";"2023-09-06 12:43:24";"104"
"CONDO CBT 101PF=0.1NF 10-100V";"104002";NULL;NULL;"2023-09-06 12:43:24";"2023-09-06 12:43:24";"104"
"CONDO CBT 102PF=1NF 10-100V";"104003";NULL;NULL;"2023-09-06 12:43:24";"2023-09-06 12:43:24";"104"
"CONDO CBT 103PF=10NF 10-100V";"104004";NULL;NULL;"2023-09-06 12:43:24";"2023-09-06 12:43:24";"104"
"CONDO CBT 104PF=100NF 10-100V";"104005";NULL;NULL;"2023-09-06 12:43:24";"2023-09-06 12:43:24";"104"
"CONDO CBT 10PF=0.001NF 10-100V";"104006";NULL;NULL;"2023-09-06 12:43:24";"2023-09-06 12:43:24";"104"
"CONDO CBT 151PF=0.15NF 10-100V";"104007";NULL;NULL;"2023-09-06 12:43:24";"2023-09-06 12:43:24";"104"
"CONDO CBT 152PF=1.5NF 10-100V";"104008";NULL;NULL;"2023-09-06 12:43:24";"2023-09-06 12:43:24";"104"
"CONDO CBT 153PF=15NF 10-100V";"104009";NULL;NULL;"2023-09-06 12:43:24";"2023-09-06 12:43:24";"104"
"CONDO CBT 15PF=0.0015NF 10-100V";"104010";NULL;NULL;"2023-09-06 12:43:24";"2023-09-06 12:43:24";"104"
"CONDO CBT 18PF=0.0018NF 10-100V";"104011";NULL;NULL;"2023-09-06 12:43:24";"2023-09-06 12:43:24";"104"
"CONDO CBT 1PF=0.001NF 10-100V";"104012";NULL;NULL;"2023-09-06 12:43:24";"2023-09-06 12:43:24";"104"
"CONDO CBT 20PF=0.02NF 10-100V";"104013";NULL;NULL;"2023-09-06 12:43:24";"2023-09-06 12:43:24";"104"
"CONDO CBT 221PF=0.22NF 10-100V";"104014";NULL;NULL;"2023-09-06 12:43:24";"2023-09-06 12:43:24";"104"
"CONDO CBT 222PF=2.2NF 10-100V";"104015";NULL;NULL;"2023-09-06 12:43:24";"2023-09-06 12:43:24";"104"
"CONDO CBT 223PF=22NF 10-100V";"104016";NULL;NULL;"2023-09-06 12:43:24";"2023-09-06 12:43:24";"104"
"CONDO CBT 224PF=220NF 10-100V";"104017";NULL;NULL;"2023-09-06 12:43:24";"2023-09-06 12:43:24";"104"
"CONDO CBT 22PF=0.022NF 10-100V";"104018";NULL;NULL;"2023-09-06 12:43:24";"2023-09-06 12:43:24";"104"
"CONDO CBT 273PF=27NF 10-100V";"104019";NULL;NULL;"2023-09-06 12:43:24";"2023-09-06 12:43:24";"104"
"CONDO CBT 331PF=0.33NF 10-100V";"104020";NULL;NULL;"2023-09-06 12:43:24";"2023-09-06 12:43:24";"104"
"CONDO CBT 332PF=3.3NF 10-100V";"104021";NULL;NULL;"2023-09-06 12:43:24";"2023-09-06 12:43:24";"104"
"CONDO CBT 333PF=33NF 10-100V";"104022";NULL;NULL;"2023-09-06 12:43:24";"2023-09-06 12:43:24";"104"
"CONDO CBT 334PF=330NF 10-100V";"104023";NULL;NULL;"2023-09-06 12:43:24";"2023-09-06 12:43:24";"104"
"CONDO CBT 33PF=0.033NF 10-100V";"104024";NULL;NULL;"2023-09-06 12:43:24";"2023-09-06 12:43:24";"104"
"CONDO CBT 433PF=43NF 10-100V";"104025";NULL;NULL;"2023-09-06 12:43:24";"2023-09-06 12:43:24";"104"
"CONDO CBT 470PF=0.047NF 10-100V";"104026";NULL;NULL;"2023-09-06 12:43:24";"2023-09-06 12:43:24";"104"
"CONDO CBT 471PF=0.47NF 10-100V";"104027";NULL;NULL;"2023-09-06 12:43:24";"2023-09-06 12:43:24";"104"
"CONDO CBT 472PF=4.7NF 10-100V";"104028";NULL;NULL;"2023-09-06 12:43:24";"2023-09-06 12:43:24";"104"
"CONDO CBT 473PF=47NF 10-100V";"104029";NULL;NULL;"2023-09-06 12:43:24";"2023-09-06 12:43:24";"104"
"CONDO CBT 474PF=470NF 10-100V";"104030";NULL;NULL;"2023-09-06 12:43:24";"2023-09-06 12:43:24";"104"
"CONDO CBT 561PF=0.56NF 10-100V";"104031";NULL;NULL;"2023-09-06 12:43:24";"2023-09-06 12:43:24";"104"
"CONDO CBT 562PF=5.6NF 10-100V";"104032";NULL;NULL;"2023-09-06 12:43:24";"2023-09-06 12:43:24";"104"
"CONDO CBT 563PF=56NF 10-100V";"104033";NULL;NULL;"2023-09-06 12:43:24";"2023-09-06 12:43:24";"104"
"CONDO CBT 56PF=0.056NF 10-100V";"104034";NULL;NULL;"2023-09-06 12:43:24";"2023-09-06 12:43:24";"104"
"CONDO CBT 682PF=6.8NF 10-100V";"104035";NULL;NULL;"2023-09-06 12:43:24";"2023-09-06 12:43:24";"104"
"CONDO CBT 683PF=68NF 10-100V";"104036";NULL;NULL;"2023-09-06 12:43:24";"2023-09-06 12:43:24";"104"
"CONDO CBT 684PF=680NF 10-100V";"104037";NULL;NULL;"2023-09-06 12:43:24";"2023-09-06 12:43:24";"104"
"CONDO CBT 822PF=8.2NF 10-100V";"104038";NULL;NULL;"2023-09-06 12:43:24";"2023-09-06 12:43:24";"104"
"CONDO CBT 823PF=82NF 10-100V";"104039";NULL;NULL;"2023-09-06 12:43:25";"2023-09-06 12:43:25";"104"
"CONDO CBT 882PF=8.8NF 10-100V";"104040";NULL;NULL;"2023-09-06 12:43:25";"2023-09-06 12:43:25";"104"
"CONDO CHT 102PF=1NF=0.001 2000V";"104041";NULL;NULL;"2023-09-06 12:43:25";"2023-09-06 12:43:25";"104"
"CONDO CHT 103PF=10NF=0.01UF 2000V";"104042";NULL;NULL;"2023-09-06 12:43:25";"2023-09-06 12:43:25";"104"
"CONDO CHT 104PF=100NF=0.1UF 100-2000V";"104043";NULL;NULL;"2023-09-06 12:43:25";"2023-09-06 12:43:25";"104"
"CONDO CHT 105PF=1000NF=1UF 100-2000V";"104044";NULL;NULL;"2023-09-06 12:43:25";"2023-09-06 12:43:25";"104"
"CONDO CHT 1500NF=1.5UF 100-2000V";"104045";NULL;NULL;"2023-09-06 12:43:25";"2023-09-06 12:43:25";"104"
"CONDO CHT 154PF=150NF=0.15UF 100-2000V";"104046";NULL;NULL;"2023-09-06 12:43:25";"2023-09-06 12:43:25";"104"
"CONDO CHT 155PF=1500NF=1.5UF 100-2000V";"104047";NULL;NULL;"2023-09-06 12:43:25";"2023-09-06 12:43:25";"104"
"CONDO CHT 223PF=22NF=0.022UF 100-2000V";"104048";NULL;NULL;"2023-09-06 12:43:25";"2023-09-06 12:43:25";"104"
"CONDO CHT 224PF=220NF=0.22UF 100-2000V";"104049";NULL;NULL;"2023-09-06 12:43:25";"2023-09-06 12:43:25";"104"
"CONDO CHT 225PF=2200NF=2.2UF 100-2000V";"104050";NULL;NULL;"2023-09-06 12:43:25";"2023-09-06 12:43:25";"104"
"CONDO CHT 22PF=0.22NF 100-2000V";"104051";NULL;NULL;"2023-09-06 12:43:25";"2023-09-06 12:43:25";"104"
"CONDO CHT 335PF=3300NF=3.3UF 100-2000V";"104052";NULL;NULL;"2023-09-06 12:43:25";"2023-09-06 12:43:25";"104"
"CONDO CHT 474PF=470NF=0.47UF 100-2000V";"104053";NULL;NULL;"2023-09-06 12:43:25";"2023-09-06 12:43:25";"104"
"CONDO CHT 475PF=4700NF=4.7UF 100-2000V";"104054";NULL;NULL;"2023-09-06 12:43:25";"2023-09-06 12:43:25";"104"
"CONDO CHT 47NF=0.047UF 100-2000V";"104055";NULL;NULL;"2023-09-06 12:43:25";"2023-09-06 12:43:25";"104"
"CONDO CHT 8.1NF=0.008UF 100-2000V";"104056";NULL;NULL;"2023-09-06 12:43:25";"2023-09-06 12:43:25";"104"
"CONDO CHT 824PF=82NF=0.82UF 100-2000V";"104057";NULL;NULL;"2023-09-06 12:43:25";"2023-09-06 12:43:25";"104"
"CONDO JAUNE 0.1UF 275V";"122001";NULL;NULL;"2023-09-06 12:43:25";"2023-09-06 12:43:25";"122"
"CONDO JAUNE 0.22UF 275V";"122002";NULL;NULL;"2023-09-06 12:43:25";"2023-09-06 12:43:25";"122"
"CONDO JAUNE 0.47UF 280V";"122003";NULL;NULL;"2023-09-06 12:43:25";"2023-09-06 12:43:25";"122"
"CONDO JAUNE 1.5UF 250V";"122004";NULL;NULL;"2023-09-06 12:43:25";"2023-09-06 12:43:25";"122"
"CONDO JAUNE 10UF 400V";"122005";NULL;NULL;"2023-09-06 12:43:25";"2023-09-06 12:43:25";"122"
"CONDO JAUNE 12UF 250V";"122006";NULL;NULL;"2023-09-06 12:43:25";"2023-09-06 12:43:25";"122"
"CONDO JAUNE 15UF 250V";"122009";NULL;NULL;"2023-09-06 12:43:25";"2023-09-06 12:43:25";"122"
"CONDO JAUNE 1UF 250V";"122010";NULL;NULL;"2023-09-06 12:43:25";"2023-09-06 12:43:25";"122"
"CONDO JAUNE 2.2UF 250V";"122011";NULL;NULL;"2023-09-06 12:43:25";"2023-09-06 12:43:25";"122"
"CONDO JAUNE 3.3UF 250V";"122012";NULL;NULL;"2023-09-06 12:43:25";"2023-09-06 12:43:25";"122"
"CONDO JAUNE 33UF 250V";"122013";NULL;NULL;"2023-09-06 12:43:25";"2023-09-06 12:43:25";"122"
"CONDO JAUNE 4.7UF 250V";"122014";NULL;NULL;"2023-09-06 12:43:25";"2023-09-06 12:43:25";"122"
"CONDO JAUNE 6.8UF 250V";"122007";NULL;NULL;"2023-09-06 12:43:25";"2023-09-06 12:43:25";"122"
"CONDO JAUNE 8.2UF 250V";"122008";NULL;NULL;"2023-09-06 12:43:25";"2023-09-06 12:43:25";"122"
"CONDO NP 10UF 100V";"123003";NULL;NULL;"2023-09-06 12:43:25";"2023-09-06 12:43:25";"123"
"CONDO NP 10UF 50V GM";"123001";NULL;NULL;"2023-09-06 12:43:25";"2023-09-06 12:43:25";"123"
"CONDO NP 2.2UF 50V";"123004";NULL;NULL;"2023-09-06 12:43:25";"2023-09-06 12:43:25";"123"
"CONDO NP 3.3UF 50V";"123005";NULL;NULL;"2023-09-06 12:43:25";"2023-09-06 12:43:25";"123"
"CONDO NP 4.7UF 100V";"123006";NULL;NULL;"2023-09-06 12:43:25";"2023-09-06 12:43:25";"123"
"CONDO NP 4.7UF 25V PM";"123007";NULL;NULL;"2023-09-06 12:43:25";"2023-09-06 12:43:25";"123"
"CONDO NP 6.8UF 100V GM";"123008";NULL;NULL;"2023-09-06 12:43:25";"2023-09-06 12:43:25";"123"
"CONDO NP 6.8UF 50V";"123009";NULL;NULL;"2023-09-06 12:43:25";"2023-09-06 12:43:25";"123"
"CONDO NP 68UF 50V GM";"123002";NULL;NULL;"2023-09-06 12:43:25";"2023-09-06 12:43:25";"123"
"CONDO3.3 UF 450V PM";"123232";NULL;NULL;"2023-09-06 12:43:29";"2023-09-06 12:43:29";"123"
"CONECT FEM/FEM 9FIL";"308001";NULL;NULL;"2023-09-06 12:43:31";"2023-09-06 12:43:31";"308"
"CONECT MAL/FEM 9FIL";"308003";NULL;NULL;"2023-09-06 12:43:31";"2023-09-06 12:43:31";"308"
"CONECT MAL/MAL 9FIL";"308002";NULL;NULL;"2023-09-06 12:43:31";"2023-09-06 12:43:31";"308"
"CONECT NAP 3PAT";"235004";NULL;NULL;"2023-09-06 12:43:32";"2023-09-06 12:43:32";"235"
"CONECT NAP 4PAT";"235001";NULL;NULL;"2023-09-06 12:43:31";"2023-09-06 12:43:31";"235"
"CONECT NAP 5PAT";"235002";NULL;NULL;"2023-09-06 12:43:31";"2023-09-06 12:43:31";"235"
"CONECT NAP 6PAT";"235003";NULL;NULL;"2023-09-06 12:43:32";"2023-09-06 12:43:32";"235"
"CONECT RJ45";"235005";NULL;NULL;"2023-09-06 12:43:32";"2023-09-06 12:43:32";"235"
"CONGEL  VERTICAL DE BUREAU";"609013";NULL;NULL;"2023-09-06 14:58:54";"2023-09-06 14:58:54";"609"
"CONGEL HORIZONTAL  100L";"609015";NULL;NULL;"2023-09-06 14:58:54";"2023-09-06 14:58:54";"609"
"CONGEL HORIZONTAL  260L";"609005";NULL;NULL;"2023-09-06 14:58:54";"2023-09-06 14:58:54";"609"
"CONGEL HORIZONTAL  300L";"609007";NULL;NULL;"2023-09-06 14:58:54";"2023-09-06 14:58:54";"609"
"CONGEL HORIZONTAL  400L";"609004";NULL;NULL;"2023-09-06 14:58:54";"2023-09-06 14:58:54";"609"
"CONGEL HORIZONTAL **";"609009";NULL;NULL;"2023-09-06 14:58:54";"2023-09-06 14:58:54";"609"
"CONGEL HORIZONTAL 150L";"609020";NULL;NULL;"2023-09-06 14:58:54";"2023-09-06 14:58:54";"609"
"CONGEL HORIZONTAL 200L";"609017";NULL;NULL;"2023-09-06 14:58:54";"2023-09-06 14:58:54";"609"
"CONGEL HORIZONTAL 230L";"609019";NULL;NULL;"2023-09-06 14:58:54";"2023-09-06 14:58:54";"609"
"CONGEL HORIZONTAL 380L";"609018";NULL;NULL;"2023-09-06 14:58:54";"2023-09-06 14:58:54";"609"
"CONGEL PRESENTOIR 350L";"609008";NULL;NULL;"2023-09-06 14:58:54";"2023-09-06 14:58:54";"609"
"CONGEL VERTICAL  5TIRROIRS";"609003";NULL;NULL;"2023-09-06 14:58:54";"2023-09-06 14:58:54";"609"
"CONGEL VERTICAL 6TIRROIRE";"609012";NULL;NULL;"2023-09-06 14:58:54";"2023-09-06 14:58:54";"609"
"CONGEL VERTICAL 7 TIRRIORE";"609024";NULL;NULL;"2023-12-12 03:33:49";"2023-12-12 03:33:49";"609"
"CONGEL VERTICAL DIGITAS SOJU 4TIRRIORE";"609010";NULL;NULL;"2023-09-06 14:58:54";"2023-09-06 14:58:54";"609"
"CONGEL VERTICAL FAURE";"609006";NULL;NULL;"2023-09-06 14:58:54";"2023-09-06 14:58:54";"609"
"CONGEL VERTICAL STATESMAN 3TIRRIORE";"609016";NULL;NULL;"2023-09-06 14:58:54";"2023-09-06 14:58:54";"609"
"CONGEL VERTICAL SWAN 3TIRRIORE";"609001";NULL;NULL;"2023-09-06 14:58:54";"2023-09-06 14:58:54";"609"
"CONGEL VERTICAL WHIRPOOL 4T";"609011";NULL;NULL;"2023-09-06 14:58:54";"2023-09-06 14:58:54";"609"
"CONGEL VERTICAL ZANUSSI 3TIRRIORE";"609002";NULL;NULL;"2023-09-06 14:58:54";"2023-09-06 14:58:54";"609"
"CONGEL VERTIOCAL 7 TIRRIORE";"609014";NULL;NULL;"2023-09-06 14:58:54";"2023-09-06 14:58:54";"609"
"CONGEL VITREE 400L";"609023";NULL;NULL;"2023-12-12 03:33:49";"2023-12-12 03:33:49";"609"
"CONTACT CLEANER 530";"215022";NULL;NULL;"2023-09-06 12:43:32";"2023-09-06 12:43:32";"215"
"CONTACT CLEANER CHANANZE";"215021";NULL;NULL;"2023-09-06 12:43:32";"2023-09-06 12:43:32";"215"
"CONTACT CLEANER EXPERT SKY";"215023";NULL;NULL;"2023-09-06 12:43:32";"2023-09-06 12:43:32";"215"
"CONTACT CLEANER PHILIPS 200ML/140G";"215024";NULL;NULL;"2023-09-06 12:43:32";"2023-09-06 12:43:32";"215"
"CONVERTISEUR AUTO DC 24V-12V 10A";"236003";NULL;NULL;"2023-09-06 12:43:32";"2023-09-06 12:43:32";"236"
"CONVERTISEUR AV IN/ HDMI OUT MINI";"236004";NULL;NULL;"2023-09-06 12:43:32";"2023-09-06 12:43:32";"236"
"CONVERTISEUR AV IN/ VGA OUT MINI";"236005";NULL;NULL;"2023-09-06 12:43:32";"2023-09-06 12:43:32";"236"
"CONVERTISEUR AV IN/HDMI OUT MINI";"236018";NULL;NULL;"2023-09-06 12:43:32";"2023-09-06 12:43:32";"236"
"CONVERTISEUR AV/ 2HDMI MINI";"236006";NULL;NULL;"2023-09-06 12:43:32";"2023-09-06 12:43:32";"236"
"CONVERTISEUR DC+DC LM 2596";"236019";NULL;NULL;"2023-09-06 12:43:32";"2023-09-06 12:43:32";"236"
"CONVERTISEUR DE TENSION 12V/220V 500W";"236017";NULL;NULL;"2023-09-06 12:43:32";"2023-09-06 12:43:32";"236"
"CONVERTISEUR HDMI IN TO VGA OUT HD";"236007";NULL;NULL;"2023-09-06 12:43:32";"2023-09-06 12:43:32";"236"
"CONVERTISEUR HDMI IN/ AV OUT MINI";"236008";NULL;NULL;"2023-09-06 12:43:32";"2023-09-06 12:43:32";"236"
"CONVERTISEUR HDMI OUT/ AV IN LF-A5";"236002";NULL;NULL;"2023-09-06 12:43:32";"2023-09-06 12:43:32";"236"
"CONVERTISEUR PRO AV IN/ RF OUT";"236021";NULL;NULL;"2023-09-06 12:43:32";"2023-09-06 12:43:32";"236"
"CONVERTISEUR RF/AV SB-168 NAC PRO";"236009";NULL;NULL;"2023-09-06 12:43:32";"2023-09-06 12:43:32";"236"
"CONVERTISEUR SIGNAL LG TO SAM";"236020";NULL;NULL;"2023-09-06 12:43:32";"2023-09-06 12:43:32";"236"
"CONVERTISEUR SIGNAL SAM TO LG";"236022";NULL;NULL;"2023-09-06 12:43:32";"2023-09-06 12:43:32";"236"
"CONVERTISEUR TENSION 12V/220V AUTO 150W";"236013";NULL;NULL;"2023-09-06 12:43:32";"2023-09-06 12:43:32";"236"
"CONVERTISEUR TENSION 12V/230V 1500VA";"236015";NULL;NULL;"2023-09-06 12:43:32";"2023-09-06 12:43:32";"236"
"CONVERTISEUR TENSION 12V/230V 2000VA";"236016";NULL;NULL;"2023-09-06 12:43:32";"2023-09-06 12:43:32";"236"
"CONVERTISEUR TENSION 12V/230V 500VA";"236014";NULL;NULL;"2023-09-06 12:43:32";"2023-09-06 12:43:32";"236"
"CONVERTISEUR USB TTL ARDUINO S232";"236010";NULL;NULL;"2023-09-06 12:43:32";"2023-09-06 12:43:32";"236"
"CONVERTISEUR VGA IN/ HDMI OUT PAL NTS LF A30";"236011";NULL;NULL;"2023-09-06 12:43:32";"2023-09-06 12:43:32";"236"
"CONVERTISEUR VGA IN/ VGA OUT";"236001";NULL;NULL;"2023-09-06 12:43:32";"2023-09-06 12:43:32";"236"
"CONVERTISEUR VGA/2 AV MINI";"236012";NULL;NULL;"2023-09-06 12:43:32";"2023-09-06 12:43:32";"236"
"CONVERTISSEUR HD/CVI/TVI/CVBs";"215172";NULL;NULL;"2023-09-06 12:44:46";"2023-09-06 12:44:46";"215"
"CONVERTISSEUR VGA-AV HIGH RESOLUTION ";"215274";NULL;NULL;"2023-09-06 12:44:48";"2023-09-06 12:44:48";"215"
"CORDE GUITAR BASS A606-2-NDT";"215025";NULL;NULL;"2023-09-06 12:43:32";"2023-09-06 12:43:32";"215"
"CORDON 1 JK 3.5 BI ST M/ 3RCA M";"237025";NULL;NULL;"2023-09-06 12:43:32";"2023-09-06 12:43:32";"237"
"CORDON 1 JK 3.5 BI ST M/ 3RCA M 30M";"237026";NULL;NULL;"2023-09-06 12:43:32";"2023-09-06 12:43:32";"237"
"CORDON 1 JK 3.5 ST M/ 1 JK 3.5 ST FEM 1.5M";"237011";NULL;NULL;"2023-09-06 12:43:32";"2023-09-06 12:43:32";"237"
"CORDON 1 JK 3.5 ST M/ 1 JK 3.5 ST M 1.5M";"237012";NULL;NULL;"2023-09-06 12:43:32";"2023-09-06 12:43:32";"237"
"CORDON 1 JK 3.5 ST M/ 2 RCA M 20M";"237021";NULL;NULL;"2023-09-06 12:43:32";"2023-09-06 12:43:32";"237"
"CORDON 1 JK 3.5 ST M/ 2RCA M 1.5 ORD";"237020";NULL;NULL;"2023-09-06 12:43:32";"2023-09-06 12:43:32";"237"
"CORDON 1 JK 3.5 ST M/ 2RCA M 4.5M";"237022";NULL;NULL;"2023-09-06 12:43:32";"2023-09-06 12:43:32";"237"
"CORDON 1 JK 3.5 ST M/ 2RCA M 8M";"237023";NULL;NULL;"2023-09-06 12:43:32";"2023-09-06 12:43:32";"237"
"CORDON 1 JK 3.5 ST M/ 3RCA M";"237024";NULL;NULL;"2023-09-06 12:43:32";"2023-09-06 12:43:32";"237"
"CORDON 1 JK 3.5 ST/ 2RCA M BLEU";"237027";NULL;NULL;"2023-09-06 12:43:32";"2023-09-06 12:43:32";"237"
"CORDON 1 JK 6.5 MNO M/ 1 JK 3.5 ST M";"237002";NULL;NULL;"2023-09-06 12:43:32";"2023-09-06 12:43:32";"237"
"CORDON 1 JK 6.5 MNO M/ 1 JK 6.5  MNO M 5 YARD";"237003";NULL;NULL;"2023-09-06 12:43:32";"2023-09-06 12:43:32";"237"
"CORDON 1 JK 6.5 MNO M/ 1 JK 6.5 MNO M 2YARD";"237019";NULL;NULL;"2023-09-06 12:43:32";"2023-09-06 12:43:32";"237"
"CORDON 1 JK 6.5 MNO M/ 2 RCA M 1.5M";"237010";NULL;NULL;"2023-09-06 12:43:32";"2023-09-06 12:43:32";"237"
"CORDON 1 PERITEL M/ 2 PERITEL FEM M";"237028";NULL;NULL;"2023-09-06 12:43:32";"2023-09-06 12:43:32";"237"
"CORDON 1 VGA MAL/ 1 VGA FEM";"237005";NULL;NULL;"2023-09-06 12:43:32";"2023-09-06 12:43:32";"237"
"CORDON 1 VGA MAL/ 2VGA FEM";"237004";NULL;NULL;"2023-09-06 12:43:32";"2023-09-06 12:43:32";"237"
"CORDON 1JK 3.5 ST M/ 2RCA M 1.5M";"237009";NULL;NULL;"2023-09-06 12:43:32";"2023-09-06 12:43:32";"237"
"CORDON 1RCA M/ 1 FICHE RF M";"237029";NULL;NULL;"2023-09-06 12:43:32";"2023-09-06 12:43:32";"237"
"CORDON 1RCA M/ 1 RCA M 5M";"237030";NULL;NULL;"2023-09-06 12:43:33";"2023-09-06 12:43:33";"237"
"CORDON 1VGA/1VGA 30CM";"237007";NULL;NULL;"2023-09-06 12:43:32";"2023-09-06 12:43:32";"237"
"CORDON 2RCA M/ 2 RCA M TRANSP 3.5M";"237017";NULL;NULL;"2023-09-06 12:43:32";"2023-09-06 12:43:32";"237"
"CORDON 2RCA M/ 2RCA M 1.5M";"237014";NULL;NULL;"2023-09-06 12:43:32";"2023-09-06 12:43:32";"237"
"CORDON 2RCA M/ 2RCA M 4M";"237032";NULL;NULL;"2023-09-06 12:43:33";"2023-09-06 12:43:33";"237"
"CORDON 2RCA M/ 2RCA M 5M";"237013";NULL;NULL;"2023-09-06 12:43:32";"2023-09-06 12:43:32";"237"
"CORDON 2RCA/ 2RCA M 10M";"237031";NULL;NULL;"2023-09-06 12:43:33";"2023-09-06 12:43:33";"237"
"CORDON 3RCA M/ 3RCA M 1.5M";"237015";NULL;NULL;"2023-09-06 12:43:32";"2023-09-06 12:43:32";"237"
"CORDON 3RCA M/ 3RCA M 1.5M NOIR";"237035";NULL;NULL;"2023-09-06 12:43:33";"2023-09-06 12:43:33";"237"
"CORDON 3RCA M/ 3RCA M 10M";"237036";NULL;NULL;"2023-09-06 12:43:33";"2023-09-06 12:43:33";"237"
"CORDON 3RCA M/ 3RCA M 20M";"237033";NULL;NULL;"2023-09-06 12:43:33";"2023-09-06 12:43:33";"237"
"CORDON 3RCA M/ 3RCA M 4M";"237040";NULL;NULL;"2023-09-06 12:43:33";"2023-09-06 12:43:33";"237"
"CORDON 3RCA M/ 3RCA M 5M";"237034";NULL;NULL;"2023-09-06 12:43:33";"2023-09-06 12:43:33";"237"
"CORDON 3RCA M/ 3RCA M EN 1.5M TRANSP";"237039";NULL;NULL;"2023-09-06 12:43:33";"2023-09-06 12:43:33";"237"
"CORDON 3RCA/ 3RCA M 15M";"237037";NULL;NULL;"2023-09-06 12:43:33";"2023-09-06 12:43:33";"237"
"CORDON 3RCA/ 3RCA M 30M";"237038";NULL;NULL;"2023-09-06 12:43:33";"2023-09-06 12:43:33";"237"
"CORDON 3RCA/3RCA 8M";"237008";NULL;NULL;"2023-09-06 12:43:32";"2023-09-06 12:43:32";"237"
"CORDON 6.5 MNO / 6.5 MNO M 1.5M";"237016";NULL;NULL;"2023-09-06 12:43:32";"2023-09-06 12:43:32";"237"
"CORDON BANANE/ BANANE";"237051";NULL;NULL;"2023-09-06 12:43:33";"2023-09-06 12:43:33";"237"
"CORDON CAMERA RG59 15M";"215273";NULL;NULL;"2023-09-06 12:44:48";"2023-09-06 12:44:48";"215"
"CORDON CAMERA RG59 20M";"215272";NULL;NULL;"2023-09-06 12:44:48";"2023-09-06 12:44:48";"215"
"CORDON CROCODILE JEU DE 10";"237052";NULL;NULL;"2023-09-06 12:43:33";"2023-09-06 12:43:33";"237"
"CORDON DISQUE DURE 2,5 SATA (EXTERNE)";"215189";NULL;NULL;"2023-09-06 12:44:46";"2023-09-06 12:44:46";"215"
"CORDON DISQUE DURE 3,0(EXTERNE)";"215188";NULL;NULL;"2023-09-06 12:44:46";"2023-09-06 12:44:46";"215"
"CORDON DVI/ DVI 2M";"237053";NULL;NULL;"2023-09-06 12:43:33";"2023-09-06 12:43:33";"237"
"CORDON DVI/ VGA 1.5";"237054";NULL;NULL;"2023-09-06 12:43:33";"2023-09-06 12:43:33";"237"
"CORDON HDMI M/ HDMI M 10M";"237056";NULL;NULL;"2023-09-06 12:43:33";"2023-09-06 12:43:33";"237"
"CORDON HDMI M/ HDMI M 5M";"237057";NULL;NULL;"2023-09-06 12:43:33";"2023-09-06 12:43:33";"237"
"CORDON HDMI M/HDMI M 1.5M";"237055";NULL;NULL;"2023-09-06 12:43:33";"2023-09-06 12:43:33";"237"
"CORDON JK 3.5 ST M/ JACCK 3.5 ST M BLEU";"237042";NULL;NULL;"2023-09-06 12:43:33";"2023-09-06 12:43:33";"237"
"CORDON JK 3.5 ST M/ JK 3.5 ST M 1M";"237041";NULL;NULL;"2023-09-06 12:43:33";"2023-09-06 12:43:33";"237"
"CORDON JK 3.5 ST M/ JK 3.5 ST M 2M";"237044";NULL;NULL;"2023-09-06 12:43:33";"2023-09-06 12:43:33";"237"
"CORDON JK 6.5 MNO/  XRL MAL";"237045";NULL;NULL;"2023-09-06 12:43:33";"2023-09-06 12:43:33";"237"
"CORDON JK 6.5 MNO/ 3 RCA M 8M";"237043";NULL;NULL;"2023-09-06 12:43:33";"2023-09-06 12:43:33";"237"
"CORDON JK BI ST/3 RCA 30CM";"237001";NULL;NULL;"2023-09-06 12:43:32";"2023-09-06 12:43:32";"237"
"CORDON MULTI NUM ORD";"237058";NULL;NULL;"2023-09-06 12:43:33";"2023-09-06 12:43:33";"237"
"CORDON MULTI NUM ORG 1M";"237059";NULL;NULL;"2023-09-06 12:43:33";"2023-09-06 12:43:33";"237"
"CORDON MULTI NUM SEMI ORG";"237060";NULL;NULL;"2023-09-06 12:43:33";"2023-09-06 12:43:33";"237"
"CORDON PERITEL M SVH 4 BROCHES 2M";"237047";NULL;NULL;"2023-09-06 12:43:33";"2023-09-06 12:43:33";"237"
"CORDON PERITEL M/ 4RCA EN 1.5M";"237048";NULL;NULL;"2023-09-06 12:43:33";"2023-09-06 12:43:33";"237"
"CORDON PERITEL M/ PERITEL M";"237046";NULL;NULL;"2023-09-06 12:43:33";"2023-09-06 12:43:33";"237"
"CORDON RF M/ RF FEM 1.5M";"237049";NULL;NULL;"2023-09-06 12:43:33";"2023-09-06 12:43:33";"237"
"CORDON SECTEUR RADIO";"237061";NULL;NULL;"2023-09-06 12:43:33";"2023-09-06 12:43:33";"237"
"CORDON USB M/ USB FEM 1M";"237006";NULL;NULL;"2023-09-06 12:43:32";"2023-09-06 12:43:32";"237"
"CORDON USB MAL";"215166";NULL;NULL;"2023-09-06 12:44:45";"2023-09-06 12:44:45";"215"
"CORDON USB MAL-MAL";"215311";NULL;NULL;"2023-12-12 03:21:42";"2023-12-12 03:21:42";"215"
"CORDON VGA FEMELE/ VGA FEMELE";"237062";NULL;NULL;"2023-09-06 12:43:33";"2023-09-06 12:43:33";"237"
"CORDON VGA M/ HDMI M";"237063";NULL;NULL;"2023-09-06 12:43:33";"2023-09-06 12:43:33";"237"
"CORDON VGA M/ VGA M 10M";"237065";NULL;NULL;"2023-09-06 12:43:33";"2023-09-06 12:43:33";"237"
"CORDON VGA M/ VGA M 5M";"237068";NULL;NULL;"2023-09-06 12:43:33";"2023-09-06 12:43:33";"237"
"CORDON VGA M/ VGA MAL 1.5M";"237064";NULL;NULL;"2023-09-06 12:43:33";"2023-09-06 12:43:33";"237"
"CORDON VGA M/ VGA MAL 20M";"237066";NULL;NULL;"2023-09-06 12:43:33";"2023-09-06 12:43:33";"237"
"CORDON VGA M/VGA 3M";"237067";NULL;NULL;"2023-09-06 12:43:33";"2023-09-06 12:43:33";"237"
"CORDON VGA/ 3RCA + PS2 FEM 17CM";"237050";NULL;NULL;"2023-09-06 12:43:33";"2023-09-06 12:43:33";"237"
"CORDON XRL FEM/ 1 JK 6.5 MNO MAL 3 YARD";"237069";NULL;NULL;"2023-09-06 12:43:33";"2023-09-06 12:43:33";"237"
"CORDON XRL FEM/ 1 JK 6.5 MNO MAL 5YARD";"237018";NULL;NULL;"2023-09-06 12:43:32";"2023-09-06 12:43:32";"237"
"CORDON XRL M/ XRL FEM 1.3 YARD";"237072";NULL;NULL;"2023-09-06 12:43:33";"2023-09-06 12:43:33";"237"
"CORDON XRL M/ XRL FEM 2 YARD";"237070";NULL;NULL;"2023-09-06 12:43:33";"2023-09-06 12:43:33";"237"
"CORDON XRL M/ XRL FEM3 YARD";"237071";NULL;NULL;"2023-09-06 12:43:33";"2023-09-06 12:43:33";"237"
"CORDON XRL M/ XRL MAL 1.5M";"237073";NULL;NULL;"2023-09-06 12:43:33";"2023-09-06 12:43:33";"237"
"COSS BATERIE 12V";"238003";NULL;NULL;"2023-09-06 12:43:33";"2023-09-06 12:43:33";"238"
"COSS BATERIE 12V EN OR";"238002";NULL;NULL;"2023-09-06 12:43:33";"2023-09-06 12:43:33";"238"
"COSS BATERIE 9V + FICHE DC";"238004";NULL;NULL;"2023-09-06 12:43:33";"2023-09-06 12:43:33";"238"
"COSS BATERIE NUM 1";"238005";NULL;NULL;"2023-09-06 12:43:33";"2023-09-06 12:43:33";"238"
"COSS BATERIE NUM 2";"238006";NULL;NULL;"2023-09-06 12:43:33";"2023-09-06 12:43:33";"238"
"COSS BATERIE NUM 3";"238008";NULL;NULL;"2023-09-06 12:43:33";"2023-09-06 12:43:33";"238"
"COSS BATERIE NUM 4";"238007";NULL;NULL;"2023-09-06 12:43:33";"2023-09-06 12:43:33";"238"
"COSS BATERIE NUM 5";"238009";NULL;NULL;"2023-09-06 12:43:33";"2023-09-06 12:43:33";"238"
"COSS BATERIE NUM 6";"238010";NULL;NULL;"2023-09-06 12:43:33";"2023-09-06 12:43:33";"238"
"COSS CABLE 1.5MM";"238011";NULL;NULL;"2023-09-06 12:43:33";"2023-09-06 12:43:33";"238"
"COSS SERTIR CONNEXION FEM";"238001";NULL;NULL;"2023-09-06 12:43:33";"2023-09-06 12:43:33";"238"
"COSS STATION A SOUDER GM";"238013";NULL;NULL;"2023-09-06 12:43:33";"2023-09-06 12:43:33";"238"
"COSS STATION A SOUDER PM";"238012";NULL;NULL;"2023-09-06 12:43:33";"2023-09-06 12:43:33";"238"
"COUPE CARREAUX";"501104";NULL;NULL;"2023-09-06 14:58:56";"2023-09-06 14:58:56";"501"
"COUROIE DIVERS";"215027";NULL;NULL;"2023-09-06 12:43:34";"2023-09-06 12:43:34";"215"
"COUROIE DVD";"215026";NULL;NULL;"2023-09-06 12:43:33";"2023-09-06 12:43:33";"215"
"COUSSIN BROC";"708004";NULL;NULL;"2023-09-06 14:58:59";"2023-09-06 14:58:59";"708"
"COUTEAU ORIGINEAUX JEU DE 6";"501217";NULL;NULL;"2023-09-06 14:59:04";"2023-09-06 14:59:04";"501"
"COUTEAUX DE TABLE MANCH EN BOISJEU DE 6";"501213";NULL;NULL;"2023-09-06 14:59:04";"2023-09-06 14:59:04";"501"
"COUTEAUX EN JEU DE 3 MANCHE EN BOIS";"501212";NULL;NULL;"2023-09-06 14:59:04";"2023-09-06 14:59:04";"501"
"CRICK DE VOITURE GM";"501067";NULL;NULL;"2023-09-06 14:58:55";"2023-09-06 14:58:55";"501"
"CRICK DE VOITURE PM";"501068";NULL;NULL;"2023-09-06 14:58:55";"2023-09-06 14:58:55";"501"
"CT17";"707028";NULL;NULL;"2023-09-06 14:58:58";"2023-09-06 14:58:58";"707"
"CT37";"707008";NULL;NULL;"2023-09-06 14:58:58";"2023-09-06 14:58:58";"707"
"CT37 B";"707012";NULL;NULL;"2023-09-06 14:58:58";"2023-09-06 14:58:58";"707"
"CT80";"707031";NULL;NULL;"2023-09-06 14:58:58";"2023-09-06 14:58:58";"707"
"CUISEUR DE RIZ";"501113";NULL;NULL;"2023-09-06 14:58:56";"2023-09-06 14:58:56";"501"
"CUISINIER 4F BOMBONNIERE";"706002";NULL;NULL;"2023-09-06 14:58:59";"2023-09-06 14:58:59";"706"
"CUISINIERE 5F";"706006";NULL;NULL;"2023-09-06 14:59:00";"2023-09-06 14:59:00";"706"
"CUISINIERE 7F";"706007";NULL;NULL;"2023-09-06 14:59:00";"2023-09-06 14:59:00";"706"
"CUISINIERE 8F";"706008";NULL;NULL;"2023-09-06 14:59:00";"2023-09-06 14:59:00";"706"
"CUISINIERE DELTA 4F 60X60";"706004";NULL;NULL;"2023-09-06 14:58:59";"2023-09-06 14:58:59";"706"
"CUSINIER 4F  2F INOX";"706001";NULL;NULL;"2023-09-06 14:58:59";"2023-09-06 14:58:59";"706"
"CUSINIER 4F DELTA 50X60";"706005";NULL;NULL;"2023-09-06 14:59:00";"2023-09-06 14:59:00";"706"
"CUSINIERE 4F GLEM MM";"706003";NULL;NULL;"2023-09-06 14:58:59";"2023-09-06 14:58:59";"706"
"CUTTER";"215028";NULL;NULL;"2023-09-06 12:43:34";"2023-09-06 12:43:34";"215"
"D 1014";"103717";NULL;NULL;"2023-09-06 12:43:41";"2023-09-06 12:43:41";"103"
"D 1025";"103718";NULL;NULL;"2023-09-06 12:43:41";"2023-09-06 12:43:41";"103"
"D 1046 ORD";"103719";NULL;NULL;"2023-09-06 12:43:41";"2023-09-06 12:43:41";"103"
"D 1046 ORG";"103720";NULL;NULL;"2023-09-06 12:43:41";"2023-09-06 12:43:41";"103"
"D 1047";"103022";NULL;NULL;"2023-09-06 12:37:15";"2023-09-06 12:37:15";"103"
"D 1047 ORD";"103721";NULL;NULL;"2023-09-06 12:43:41";"2023-09-06 12:43:41";"103"
"D 1047 ORG";"103722";NULL;NULL;"2023-09-06 12:43:41";"2023-09-06 12:43:41";"103"
"D 1063";"103723";NULL;NULL;"2023-09-06 12:43:41";"2023-09-06 12:43:41";"103"
"D 1111";"103724";NULL;NULL;"2023-09-06 12:43:41";"2023-09-06 12:43:41";"103"
"D 1133";"103725";NULL;NULL;"2023-09-06 12:43:41";"2023-09-06 12:43:41";"103"
"D 1207";"103726";NULL;NULL;"2023-09-06 12:43:41";"2023-09-06 12:43:41";"103"
"D 1210";"103727";NULL;NULL;"2023-09-06 12:43:41";"2023-09-06 12:43:41";"103"
"D 1265";"103728";NULL;NULL;"2023-09-06 12:43:42";"2023-09-06 12:43:42";"103"
"D 1266";"103729";NULL;NULL;"2023-09-06 12:43:42";"2023-09-06 12:43:42";"103"
"D 1273";"103730";NULL;NULL;"2023-09-06 12:43:42";"2023-09-06 12:43:42";"103"
"D 1275";"103731";NULL;NULL;"2023-09-06 12:43:42";"2023-09-06 12:43:42";"103"
"D 1276";"103732";NULL;NULL;"2023-09-06 12:43:42";"2023-09-06 12:43:42";"103"
"D 1279";"103733";NULL;NULL;"2023-09-06 12:43:42";"2023-09-06 12:43:42";"103"
"D 1292";"103734";NULL;NULL;"2023-09-06 12:43:42";"2023-09-06 12:43:42";"103"
"D 1292 GM";"1031080";NULL;NULL;"2023-12-12 03:21:20";"2023-12-12 03:21:20";"103"
"D 1302";"103735";NULL;NULL;"2023-09-06 12:43:42";"2023-09-06 12:43:42";"103"
"D 1365";"103737";NULL;NULL;"2023-09-06 12:43:42";"2023-09-06 12:43:42";"103"
"D 1373";"103738";NULL;NULL;"2023-09-06 12:43:42";"2023-09-06 12:43:42";"103"
"D 1375";"103739";NULL;NULL;"2023-09-06 12:43:42";"2023-09-06 12:43:42";"103"
"D 1379";"103740";NULL;NULL;"2023-09-06 12:43:42";"2023-09-06 12:43:42";"103"
"D 1397 ORD";"103741";NULL;NULL;"2023-09-06 12:43:42";"2023-09-06 12:43:42";"103"
"D 1397 ORG";"103742";NULL;NULL;"2023-09-06 12:43:42";"2023-09-06 12:43:42";"103"
"D 1398";"103743";NULL;NULL;"2023-09-06 12:43:42";"2023-09-06 12:43:42";"103"
"D 1402";"103744";NULL;NULL;"2023-09-06 12:43:42";"2023-09-06 12:43:42";"103"
"D 1402 ORG";"103745";NULL;NULL;"2023-09-06 12:43:42";"2023-09-06 12:43:42";"103"
"D 1403";"1031081";NULL;NULL;"2023-12-12 03:21:20";"2023-12-12 03:21:20";"103"
"D 1403 ORD";"103746";NULL;NULL;"2023-09-06 12:43:42";"2023-09-06 12:43:42";"103"
"D 1403 ORG";"103747";NULL;NULL;"2023-09-06 12:43:42";"2023-09-06 12:43:42";"103"
"D 1406";"103748";NULL;NULL;"2023-09-06 12:43:42";"2023-09-06 12:43:42";"103"
"D 1407";"103749";NULL;NULL;"2023-09-06 12:43:42";"2023-09-06 12:43:42";"103"
"D 1407 ORG";"103750";NULL;NULL;"2023-09-06 12:43:42";"2023-09-06 12:43:42";"103"
"D 1409";"103751";NULL;NULL;"2023-09-06 12:43:42";"2023-09-06 12:43:42";"103"
"D 1413";"103752";NULL;NULL;"2023-09-06 12:43:42";"2023-09-06 12:43:42";"103"
"D 1414";"103753";NULL;NULL;"2023-09-06 12:43:42";"2023-09-06 12:43:42";"103"
"D 1423";"103754";NULL;NULL;"2023-09-06 12:43:42";"2023-09-06 12:43:42";"103"
"D 1426";"103755";NULL;NULL;"2023-09-06 12:43:42";"2023-09-06 12:43:42";"103"
"D 1426 ORG";"103756";NULL;NULL;"2023-09-06 12:43:42";"2023-09-06 12:43:42";"103"
"D 1427";"103757";NULL;NULL;"2023-09-06 12:43:42";"2023-09-06 12:43:42";"103"
"D 1427 ORG";"103758";NULL;NULL;"2023-09-06 12:43:42";"2023-09-06 12:43:42";"103"
"D 1429";"103759";NULL;NULL;"2023-09-06 12:43:42";"2023-09-06 12:43:42";"103"
"D 1431";"103760";NULL;NULL;"2023-09-06 12:43:42";"2023-09-06 12:43:42";"103"
"D 1432";"103761";NULL;NULL;"2023-09-06 12:43:42";"2023-09-06 12:43:42";"103"
"D 1432 ORG";"103762";NULL;NULL;"2023-09-06 12:43:42";"2023-09-06 12:43:42";"103"
"D 1439";"103763";NULL;NULL;"2023-09-06 12:43:42";"2023-09-06 12:43:42";"103"
"D 1439 ORG";"103764";NULL;NULL;"2023-09-06 12:43:42";"2023-09-06 12:43:42";"103"
"D 1441";"103765";NULL;NULL;"2023-09-06 12:43:42";"2023-09-06 12:43:42";"103"
"D 1497";"103766";NULL;NULL;"2023-09-06 12:43:42";"2023-09-06 12:43:42";"103"
"D 1541";"103767";NULL;NULL;"2023-09-06 12:43:42";"2023-09-06 12:43:42";"103"
"D 1541 ORG";"103768";NULL;NULL;"2023-09-06 12:43:42";"2023-09-06 12:43:42";"103"
"D 1545";"103769";NULL;NULL;"2023-09-06 12:43:42";"2023-09-06 12:43:42";"103"
"D 1554";"103770";NULL;NULL;"2023-09-06 12:43:42";"2023-09-06 12:43:42";"103"
"D 1554 OCAS";"1031082";NULL;NULL;"2023-12-12 03:21:20";"2023-12-12 03:21:20";"103"
"D 1554 ORG";"103771";NULL;NULL;"2023-09-06 12:43:42";"2023-09-06 12:43:42";"103"
"D 1555";"103772";NULL;NULL;"2023-09-06 12:43:42";"2023-09-06 12:43:42";"103"
"D 1555 OCAS";"1031083";NULL;NULL;"2023-12-12 03:21:20";"2023-12-12 03:21:20";"103"
"D 1565";"103773";NULL;NULL;"2023-09-06 12:43:42";"2023-09-06 12:43:42";"103"
"D 1577";"103774";NULL;NULL;"2023-09-06 12:43:42";"2023-09-06 12:43:42";"103"
"D 1577 OCAS";"1031084";NULL;NULL;"2023-12-12 03:21:20";"2023-12-12 03:21:20";"103"
"D 1650";"103775";NULL;NULL;"2023-09-06 12:43:42";"2023-09-06 12:43:42";"103"
"D 1650 OCAS";"1031085";NULL;NULL;"2023-12-12 03:21:21";"2023-12-12 03:21:21";"103"
"D 1650 ORG";"103776";NULL;NULL;"2023-09-06 12:43:42";"2023-09-06 12:43:42";"103"
"D 1651";"103299";NULL;NULL;"2023-09-06 12:43:19";"2023-09-06 12:43:19";"103"
"D 1651 OCAS";"1031086";NULL;NULL;"2023-12-12 03:21:21";"2023-12-12 03:21:21";"103"
"D 1691";"103777";NULL;NULL;"2023-09-06 12:43:42";"2023-09-06 12:43:42";"103"
"D 1710";"103778";NULL;NULL;"2023-09-06 12:43:42";"2023-09-06 12:43:42";"103"
"D 1710 OCAS";"1031087";NULL;NULL;"2023-12-12 03:21:21";"2023-12-12 03:21:21";"103"
"D 1710 ORG";"103779";NULL;NULL;"2023-09-06 12:43:42";"2023-09-06 12:43:42";"103"
"D 1761";"103780";NULL;NULL;"2023-09-06 12:43:42";"2023-09-06 12:43:42";"103"
"D 1764";"103781";NULL;NULL;"2023-09-06 12:43:42";"2023-09-06 12:43:42";"103"
"D 1803";"103782";NULL;NULL;"2023-09-06 12:43:42";"2023-09-06 12:43:42";"103"
"D 1803 OCAS";"1031088";NULL;NULL;"2023-12-12 03:21:21";"2023-12-12 03:21:21";"103"
"D 1850";"103783";NULL;NULL;"2023-09-06 12:43:42";"2023-09-06 12:43:42";"103"
"D 1854";"103784";NULL;NULL;"2023-09-06 12:43:42";"2023-09-06 12:43:42";"103"
"D 1858";"103785";NULL;NULL;"2023-09-06 12:43:42";"2023-09-06 12:43:42";"103"
"D 1877";"103786";NULL;NULL;"2023-09-06 12:43:43";"2023-09-06 12:43:43";"103"
"D 1877 OCAS";"1031089";NULL;NULL;"2023-12-12 03:21:21";"2023-12-12 03:21:21";"103"
"D 1877 ORG";"103787";NULL;NULL;"2023-09-06 12:43:43";"2023-09-06 12:43:43";"103"
"D 1878";"103788";NULL;NULL;"2023-09-06 12:43:43";"2023-09-06 12:43:43";"103"
"D 1878 ORG";"103789";NULL;NULL;"2023-09-06 12:43:43";"2023-09-06 12:43:43";"103"
"D 1883";"103790";NULL;NULL;"2023-09-06 12:43:43";"2023-09-06 12:43:43";"103"
"D 1883 ORG";"103791";NULL;NULL;"2023-09-06 12:43:43";"2023-09-06 12:43:43";"103"
"D 1883OCAS";"1031090";NULL;NULL;"2023-12-12 03:21:21";"2023-12-12 03:21:21";"103"
"D 1884";"103792";NULL;NULL;"2023-09-06 12:43:43";"2023-09-06 12:43:43";"103"
"D 1884 OCAS";"1031091";NULL;NULL;"2023-12-12 03:21:21";"2023-12-12 03:21:21";"103"
"D 1884 ORG";"103793";NULL;NULL;"2023-09-06 12:43:43";"2023-09-06 12:43:43";"103"
"D 1887";"103794";NULL;NULL;"2023-09-06 12:43:43";"2023-09-06 12:43:43";"103"
"D 1887 ORG";"103795";NULL;NULL;"2023-09-06 12:43:43";"2023-09-06 12:43:43";"103"
"D 1887OCAS";"1031092";NULL;NULL;"2023-12-12 03:21:21";"2023-12-12 03:21:21";"103"
"D 1911";"103796";NULL;NULL;"2023-09-06 12:43:43";"2023-09-06 12:43:43";"103"
"D 1911 OCAS";"1031093";NULL;NULL;"2023-12-12 03:21:21";"2023-12-12 03:21:21";"103"
"D 1911 ORG";"103797";NULL;NULL;"2023-09-06 12:43:43";"2023-09-06 12:43:43";"103"
"D 1912";"103798";NULL;NULL;"2023-09-06 12:43:43";"2023-09-06 12:43:43";"103"
"D 1933";"103799";NULL;NULL;"2023-09-06 12:43:43";"2023-09-06 12:43:43";"103"
"D 1941";"103800";NULL;NULL;"2023-09-06 12:43:43";"2023-09-06 12:43:43";"103"
"D 1944";"103801";NULL;NULL;"2023-09-06 12:43:43";"2023-09-06 12:43:43";"103"
"D 200";"103802";NULL;NULL;"2023-09-06 12:43:43";"2023-09-06 12:43:43";"103"
"D 2001";"103803";NULL;NULL;"2023-09-06 12:43:43";"2023-09-06 12:43:43";"103"
"D 2007";"103804";NULL;NULL;"2023-09-06 12:43:43";"2023-09-06 12:43:43";"103"
"D 2012";"103805";NULL;NULL;"2023-09-06 12:43:43";"2023-09-06 12:43:43";"103"
"D 2025";"103806";NULL;NULL;"2023-09-06 12:43:43";"2023-09-06 12:43:43";"103"
"D 2037";"103807";NULL;NULL;"2023-09-06 12:43:43";"2023-09-06 12:43:43";"103"
"D 2058";"103808";NULL;NULL;"2023-09-06 12:43:43";"2023-09-06 12:43:43";"103"
"D 2061";"103809";NULL;NULL;"2023-09-06 12:43:43";"2023-09-06 12:43:43";"103"
"D 2092";"103810";NULL;NULL;"2023-09-06 12:43:43";"2023-09-06 12:43:43";"103"
"D 2094";"103811";NULL;NULL;"2023-09-06 12:43:43";"2023-09-06 12:43:43";"103"
"D 2095";"103812";NULL;NULL;"2023-09-06 12:43:43";"2023-09-06 12:43:43";"103"
"D 2103";"103813";NULL;NULL;"2023-09-06 12:43:43";"2023-09-06 12:43:43";"103"
"D 2310";"103814";NULL;NULL;"2023-09-06 12:43:43";"2023-09-06 12:43:43";"103"
"D 235";"103815";NULL;NULL;"2023-09-06 12:43:43";"2023-09-06 12:43:43";"103"
"D 2389";"103816";NULL;NULL;"2023-09-06 12:43:43";"2023-09-06 12:43:43";"103"
"D 2390";"103817";NULL;NULL;"2023-09-06 12:43:43";"2023-09-06 12:43:43";"103"
"D 2394";"103818";NULL;NULL;"2023-09-06 12:43:43";"2023-09-06 12:43:43";"103"
"D 241";"103819";NULL;NULL;"2023-09-06 12:43:43";"2023-09-06 12:43:43";"103"
"D 2428";"103820";NULL;NULL;"2023-09-06 12:43:43";"2023-09-06 12:43:43";"103"
"D 2488";"103821";NULL;NULL;"2023-09-06 12:43:43";"2023-09-06 12:43:43";"103"
"D 2493 (1624)";"101164";NULL;NULL;"2023-09-06 12:44:45";"2023-09-06 12:44:45";"101"
"D 2494";"103822";NULL;NULL;"2023-09-06 12:43:43";"2023-09-06 12:43:43";"103"
"D 2495";"103823";NULL;NULL;"2023-09-06 12:43:43";"2023-09-06 12:43:43";"103"
"D 2495 ORG";"103824";NULL;NULL;"2023-09-06 12:43:43";"2023-09-06 12:43:43";"103"
"D 2497";"103825";NULL;NULL;"2023-09-06 12:43:43";"2023-09-06 12:43:43";"103"
"D 2498";"103826";NULL;NULL;"2023-09-06 12:43:43";"2023-09-06 12:43:43";"103"
"D 2498 OCAS";"1031094";NULL;NULL;"2023-12-12 03:21:21";"2023-12-12 03:21:21";"103"
"D 2498 ORG";"103827";NULL;NULL;"2023-09-06 12:43:43";"2023-09-06 12:43:43";"103"
"D 2499";"103828";NULL;NULL;"2023-09-06 12:43:43";"2023-09-06 12:43:43";"103"
"D 2499 OCAS";"1031095";NULL;NULL;"2023-12-12 03:21:21";"2023-12-12 03:21:21";"103"
"D 2499 ORG";"103829";NULL;NULL;"2023-09-06 12:43:43";"2023-09-06 12:43:43";"103"
"D 2525";"103830";NULL;NULL;"2023-09-06 12:43:43";"2023-09-06 12:43:43";"103"
"D 2578";"103831";NULL;NULL;"2023-09-06 12:43:43";"2023-09-06 12:43:43";"103"
"D 2586";"103832";NULL;NULL;"2023-09-06 12:43:43";"2023-09-06 12:43:43";"103"
"D 2627";"103834";NULL;NULL;"2023-09-06 12:43:43";"2023-09-06 12:43:43";"103"
"D 288";"103835";NULL;NULL;"2023-09-06 12:43:43";"2023-09-06 12:43:43";"103"
"D 313";"103836";NULL;NULL;"2023-09-06 12:43:43";"2023-09-06 12:43:43";"103"
"D 325";"103837";NULL;NULL;"2023-09-06 12:43:43";"2023-09-06 12:43:43";"103"
"D 330";"103838";NULL;NULL;"2023-09-06 12:43:43";"2023-09-06 12:43:43";"103"
"D 333";"103839";NULL;NULL;"2023-09-06 12:43:43";"2023-09-06 12:43:43";"103"
"D 348";"103840";NULL;NULL;"2023-09-06 12:43:43";"2023-09-06 12:43:43";"103"
"D 350";"103841";NULL;NULL;"2023-09-06 12:43:43";"2023-09-06 12:43:43";"103"
"D 358";"103842";NULL;NULL;"2023-09-06 12:43:43";"2023-09-06 12:43:43";"103"
"D 361";"103843";NULL;NULL;"2023-09-06 12:43:43";"2023-09-06 12:43:43";"103"
"D 362";"103844";NULL;NULL;"2023-09-06 12:43:43";"2023-09-06 12:43:43";"103"
"D 3688";"103845";NULL;NULL;"2023-09-06 12:43:44";"2023-09-06 12:43:44";"103"
"D 389";"103846";NULL;NULL;"2023-09-06 12:43:44";"2023-09-06 12:43:44";"103"
"D 400";"103847";NULL;NULL;"2023-09-06 12:43:44";"2023-09-06 12:43:44";"103"
"D 401";"103848";NULL;NULL;"2023-09-06 12:43:44";"2023-09-06 12:43:44";"103"
"D 414";"103849";NULL;NULL;"2023-09-06 12:43:44";"2023-09-06 12:43:44";"103"
"D 415";"103850";NULL;NULL;"2023-09-06 12:43:44";"2023-09-06 12:43:44";"103"
"D 425";"103851";NULL;NULL;"2023-09-06 12:43:44";"2023-09-06 12:43:44";"103"
"D 426";"103852";NULL;NULL;"2023-09-06 12:43:44";"2023-09-06 12:43:44";"103"
"D 427";"103853";NULL;NULL;"2023-09-06 12:43:44";"2023-09-06 12:43:44";"103"
"D 428";"103854";NULL;NULL;"2023-09-06 12:43:44";"2023-09-06 12:43:44";"103"
"D 438";"103855";NULL;NULL;"2023-09-06 12:43:44";"2023-09-06 12:43:44";"103"
"D 439";"103856";NULL;NULL;"2023-09-06 12:43:44";"2023-09-06 12:43:44";"103"
"D 4464";"103857";NULL;NULL;"2023-09-06 12:43:44";"2023-09-06 12:43:44";"103"
"D 467";"103858";NULL;NULL;"2023-09-06 12:43:44";"2023-09-06 12:43:44";"103"
"D 468";"103859";NULL;NULL;"2023-09-06 12:43:44";"2023-09-06 12:43:44";"103"
"D 471";"103860";NULL;NULL;"2023-09-06 12:43:44";"2023-09-06 12:43:44";"103"
"D 478";"103861";NULL;NULL;"2023-09-06 12:43:44";"2023-09-06 12:43:44";"103"
"D 5024";"103862";NULL;NULL;"2023-09-06 12:43:44";"2023-09-06 12:43:44";"103"
"D 5071";"103863";NULL;NULL;"2023-09-06 12:43:44";"2023-09-06 12:43:44";"103"
"D 5072";"103864";NULL;NULL;"2023-09-06 12:43:44";"2023-09-06 12:43:44";"103"
"D 5075";"103865";NULL;NULL;"2023-09-06 12:43:44";"2023-09-06 12:43:44";"103"
"D 5076";"103866";NULL;NULL;"2023-09-06 12:43:44";"2023-09-06 12:43:44";"103"
"D 525";"103867";NULL;NULL;"2023-09-06 12:43:44";"2023-09-06 12:43:44";"103"
"D 526";"103868";NULL;NULL;"2023-09-06 12:43:44";"2023-09-06 12:43:44";"103"
"D 533";"103869";NULL;NULL;"2023-09-06 12:43:44";"2023-09-06 12:43:44";"103"
"D 5502 ORG";"103870";NULL;NULL;"2023-09-06 12:43:44";"2023-09-06 12:43:44";"103"
"D 553";"103871";NULL;NULL;"2023-09-06 12:43:44";"2023-09-06 12:43:44";"103"
"D 560";"103872";NULL;NULL;"2023-09-06 12:43:44";"2023-09-06 12:43:44";"103"
"D 562";"103873";NULL;NULL;"2023-09-06 12:43:44";"2023-09-06 12:43:44";"103"
"D 564";"103874";NULL;NULL;"2023-09-06 12:43:44";"2023-09-06 12:43:44";"103"
"D 565";"103875";NULL;NULL;"2023-09-06 12:43:44";"2023-09-06 12:43:44";"103"
"D 5702";"103876";NULL;NULL;"2023-09-06 12:43:44";"2023-09-06 12:43:44";"103"
"D 5703";"103877";NULL;NULL;"2023-09-06 12:43:44";"2023-09-06 12:43:44";"103"
"D 571";"103878";NULL;NULL;"2023-09-06 12:43:44";"2023-09-06 12:43:44";"103"
"D 572";"103879";NULL;NULL;"2023-09-06 12:43:44";"2023-09-06 12:43:44";"103"
"D 588";"1031096";NULL;NULL;"2023-12-12 03:21:21";"2023-12-12 03:21:21";"103"
"D 5882";"103880";NULL;NULL;"2023-09-06 12:43:44";"2023-09-06 12:43:44";"103"
"D 592";"103881";NULL;NULL;"2023-09-06 12:43:44";"2023-09-06 12:43:44";"103"
"D 5971";"103882";NULL;NULL;"2023-09-06 12:43:44";"2023-09-06 12:43:44";"103"
"D 600";"103883";NULL;NULL;"2023-09-06 12:43:44";"2023-09-06 12:43:44";"103"
"D 612";"103884";NULL;NULL;"2023-09-06 12:43:44";"2023-09-06 12:43:44";"103"
"D 613";"103885";NULL;NULL;"2023-09-06 12:43:44";"2023-09-06 12:43:44";"103"
"D 630";"103373";NULL;NULL;"2023-09-06 12:43:22";"2023-09-06 12:43:22";"103"
"D 636";"103886";NULL;NULL;"2023-09-06 12:43:44";"2023-09-06 12:43:44";"103"
"D 649";"103887";NULL;NULL;"2023-09-06 12:43:44";"2023-09-06 12:43:44";"103"
"D 667";"103374";NULL;NULL;"2023-09-06 12:43:22";"2023-09-06 12:43:22";"103"
"D 669";"103888";NULL;NULL;"2023-09-06 12:43:44";"2023-09-06 12:43:44";"103"
"D 686";"103889";NULL;NULL;"2023-09-06 12:43:44";"2023-09-06 12:43:44";"103"
"D 687";"103890";NULL;NULL;"2023-09-06 12:43:44";"2023-09-06 12:43:44";"103"
"D 688 OCAS";"1031097";NULL;NULL;"2023-12-12 03:21:21";"2023-12-12 03:21:21";"103"
"D 688 ORD";"103892";NULL;NULL;"2023-09-06 12:43:44";"2023-09-06 12:43:44";"103"
"D 688 ORG";"103891";NULL;NULL;"2023-09-06 12:43:44";"2023-09-06 12:43:44";"103"
"D 716";"103893";NULL;NULL;"2023-09-06 12:43:44";"2023-09-06 12:43:44";"103"
"D 716 ORG";"103894";NULL;NULL;"2023-09-06 12:43:44";"2023-09-06 12:43:44";"103"
"D 718";"103895";NULL;NULL;"2023-09-06 12:43:44";"2023-09-06 12:43:44";"103"
"D 718 ORG";"103896";NULL;NULL;"2023-09-06 12:43:44";"2023-09-06 12:43:44";"103"
"D 726";"103897";NULL;NULL;"2023-09-06 12:43:44";"2023-09-06 12:43:44";"103"
"D 734";"103898";NULL;NULL;"2023-09-06 12:43:44";"2023-09-06 12:43:44";"103"
"D 772";"103899";NULL;NULL;"2023-09-06 12:43:44";"2023-09-06 12:43:44";"103"
"D 774";"103900";NULL;NULL;"2023-09-06 12:43:44";"2023-09-06 12:43:44";"103"
"D 786";"103901";NULL;NULL;"2023-09-06 12:43:44";"2023-09-06 12:43:44";"103"
"D 788";"103902";NULL;NULL;"2023-09-06 12:43:44";"2023-09-06 12:43:44";"103"
"D 789";"103903";NULL;NULL;"2023-09-06 12:43:44";"2023-09-06 12:43:44";"103"
"D 794";"103904";NULL;NULL;"2023-09-06 12:43:44";"2023-09-06 12:43:44";"103"
"D 817";"103905";NULL;NULL;"2023-09-06 12:43:45";"2023-09-06 12:43:45";"103"
"D 820";"103906";NULL;NULL;"2023-09-06 12:43:45";"2023-09-06 12:43:45";"103"
"D 836";"103907";NULL;NULL;"2023-09-06 12:43:45";"2023-09-06 12:43:45";"103"
"D 837";"103908";NULL;NULL;"2023-09-06 12:43:45";"2023-09-06 12:43:45";"103"
"D 858";"103909";NULL;NULL;"2023-09-06 12:43:45";"2023-09-06 12:43:45";"103"
"D 863";"103910";NULL;NULL;"2023-09-06 12:43:45";"2023-09-06 12:43:45";"103"
"D 866";"103911";NULL;NULL;"2023-09-06 12:43:45";"2023-09-06 12:43:45";"103"
"D 868";"103912";NULL;NULL;"2023-09-06 12:43:45";"2023-09-06 12:43:45";"103"
"D 869";"103913";NULL;NULL;"2023-09-06 12:43:45";"2023-09-06 12:43:45";"103"
"D 870";"103914";NULL;NULL;"2023-09-06 12:43:45";"2023-09-06 12:43:45";"103"
"D 871";"103915";NULL;NULL;"2023-09-06 12:43:45";"2023-09-06 12:43:45";"103"
"D 880";"103916";NULL;NULL;"2023-09-06 12:43:45";"2023-09-06 12:43:45";"103"
"D 882";"103917";NULL;NULL;"2023-09-06 12:43:45";"2023-09-06 12:43:45";"103"
"D 892";"103918";NULL;NULL;"2023-09-06 12:43:45";"2023-09-06 12:43:45";"103"
"D 898";"103919";NULL;NULL;"2023-09-06 12:43:45";"2023-09-06 12:43:45";"103"
"D 900";"103920";NULL;NULL;"2023-09-06 12:43:45";"2023-09-06 12:43:45";"103"
"D 920";"103921";NULL;NULL;"2023-09-06 12:43:45";"2023-09-06 12:43:45";"103"
"D 965";"103922";NULL;NULL;"2023-09-06 12:43:45";"2023-09-06 12:43:45";"103"
"DBL 1032";"102159";NULL;NULL;"2023-09-06 12:43:39";"2023-09-06 12:43:39";"102"
"DBL 2044";"102160";NULL;NULL;"2023-09-06 12:43:39";"2023-09-06 12:43:39";"102"
"DECODEUR DIGISAT 2200 + 2TELECOMANDE ";"215193";NULL;NULL;"2023-09-06 12:44:46";"2023-09-06 12:44:46";"215"
"DECODEUR DIGISAT 5500";"215031";NULL;NULL;"2023-09-06 12:43:39";"2023-09-06 12:43:39";"215"
"DECODEUR DIGISAT 5555";"215029";NULL;NULL;"2023-09-06 12:43:39";"2023-09-06 12:43:39";"215"
"DECODEUR DIGISAT 777";"215030";NULL;NULL;"2023-09-06 12:43:39";"2023-09-06 12:43:39";"215"
"DECODEUR DIGISAT 888";"215032";NULL;NULL;"2023-09-06 12:43:39";"2023-09-06 12:43:39";"215"
"DECODEUR MINI SG 600HD";"215033";NULL;NULL;"2023-09-06 12:43:39";"2023-09-06 12:43:39";"215"
"DECODEUR SG 1300HD";"215034";NULL;NULL;"2023-09-06 12:43:39";"2023-09-06 12:43:39";"215"
"DECODEUR STARGOLD DG-640HD MINI";"215036";NULL;NULL;"2023-09-06 12:43:39";"2023-09-06 12:43:39";"215"
"DECODEUR STARGOLD MINI SG 6999HD";"215035";NULL;NULL;"2023-09-06 12:43:39";"2023-09-06 12:43:39";"215"
"DECODEUR STARSAT";"215037";NULL;NULL;"2023-09-06 12:43:39";"2023-09-06 12:43:39";"215"
"DECODEUR TOKYOSAT TS-X600HD USB";"215038";NULL;NULL;"2023-09-06 12:43:39";"2023-09-06 12:43:39";"215"
"DEDORANT CIEN 200ML";"501028";NULL;NULL;"2023-09-06 14:58:54";"2023-09-06 14:58:54";"501"
"DETECTEUR DE FAUX BILLET";"215040";NULL;NULL;"2023-09-06 12:43:39";"2023-09-06 12:43:39";"215"
"DETECTEUR DE FUMEE";"215041";NULL;NULL;"2023-09-06 12:43:39";"2023-09-06 12:43:39";"215"
"DETECTEUR DE PASSAGE + SONERIE GUEST V-20R";"215039";NULL;NULL;"2023-09-06 12:43:39";"2023-09-06 12:43:39";"215"
"DETERGENT 5KG";"501038";NULL;NULL;"2023-09-06 14:58:54";"2023-09-06 14:58:54";"501"
"DETERGENT 7 KG";"501037";NULL;NULL;"2023-09-06 14:58:54";"2023-09-06 14:58:54";"501"
"DH 321";"102161";NULL;NULL;"2023-09-06 12:43:39";"2023-09-06 12:43:39";"102"
"DIAC 32";"110001";NULL;NULL;"2023-09-06 12:43:39";"2023-09-06 12:43:39";"110"
"DIODE AMPLI KENWOOD 2FILS";"111001";NULL;NULL;"2023-09-06 12:43:39";"2023-09-06 12:43:39";"111"
"DIODE AMPLI KENWOOD SANS FIL GM";"111002";NULL;NULL;"2023-09-06 12:43:39";"2023-09-06 12:43:39";"111"
"DIODE AMPLI KENWOOD SANS FIL PM";"111003";NULL;NULL;"2023-09-06 12:43:40";"2023-09-06 12:43:40";"111"
"DIODE EL (LED) BLANC";"111006";NULL;NULL;"2023-09-06 12:43:40";"2023-09-06 12:43:40";"111"
"DIODE EL (LED) ORANGE";"111007";NULL;NULL;"2023-09-06 12:43:40";"2023-09-06 12:43:40";"111"
"DIODE EL (LED) VERT";"111008";NULL;NULL;"2023-09-06 12:43:40";"2023-09-06 12:43:40";"111"
"DIODE INDUSTRIEL 20A";"111009";NULL;NULL;"2023-09-06 12:43:40";"2023-09-06 12:43:40";"111"
"DIODE IR EMETEUR GM";"111010";NULL;NULL;"2023-09-06 12:43:40";"2023-09-06 12:43:40";"111"
"DIODE IR EMETEUR PM";"111011";NULL;NULL;"2023-09-06 12:43:40";"2023-09-06 12:43:40";"111"
"DIODE IR PM";"111012";NULL;NULL;"2023-09-06 12:43:40";"2023-09-06 12:43:40";"111"
"DIODE IR RECEPTEUR DS1838";"111013";NULL;NULL;"2023-09-06 12:43:40";"2023-09-06 12:43:40";"111"
"DIODE IR RECEPTEUR GM";"111014";NULL;NULL;"2023-09-06 12:43:40";"2023-09-06 12:43:40";"111"
"DIODE R2M 103V 3W";"111015";NULL;NULL;"2023-09-06 12:43:40";"2023-09-06 12:43:40";"111"
"DIODE REDRES 10A10";"111004";NULL;NULL;"2023-09-06 12:43:40";"2023-09-06 12:43:40";"111"
"DIODE REDRES 1N4001";"111016";NULL;NULL;"2023-09-06 12:43:40";"2023-09-06 12:43:40";"111"
"DIODE REDRES 1N4002";"111017";NULL;NULL;"2023-09-06 12:43:40";"2023-09-06 12:43:40";"111"
"DIODE REDRES 1N4004";"111018";NULL;NULL;"2023-09-06 12:43:40";"2023-09-06 12:43:40";"111"
"DIODE REDRES 1N4007";"111019";NULL;NULL;"2023-09-06 12:43:40";"2023-09-06 12:43:40";"111"
"DIODE REDRES 1N4804";"111020";NULL;NULL;"2023-09-06 12:43:40";"2023-09-06 12:43:40";"111"
"DIODE REDRES 1N5392";"111021";NULL;NULL;"2023-09-06 12:43:40";"2023-09-06 12:43:40";"111"
"DIODE REDRES 1N5404";"111022";NULL;NULL;"2023-09-06 12:43:40";"2023-09-06 12:43:40";"111"
"DIODE REDRES 1N5408";"111023";NULL;NULL;"2023-09-06 12:43:40";"2023-09-06 12:43:40";"111"
"DIODE REDRES 6A10";"111005";NULL;NULL;"2023-09-06 12:43:40";"2023-09-06 12:43:40";"111"
"DIODE RGB";"111024";NULL;NULL;"2023-09-06 12:43:40";"2023-09-06 12:43:40";"111"
"DIODE RU2 110V 3W";"111025";NULL;NULL;"2023-09-06 12:43:40";"2023-09-06 12:43:40";"111"
"DIODE SIGNAL 1N4148";"111026";NULL;NULL;"2023-09-06 12:43:40";"2023-09-06 12:43:40";"111"
"DIODE ZENER 1/2W 10V";"111027";NULL;NULL;"2023-09-06 12:43:40";"2023-09-06 12:43:40";"111"
"DIODE ZENER 1/2W 11V";"111028";NULL;NULL;"2023-09-06 12:43:40";"2023-09-06 12:43:40";"111"
"DIODE ZENER 1/2W 12V";"111029";NULL;NULL;"2023-09-06 12:43:40";"2023-09-06 12:43:40";"111"
"DIODE ZENER 1/2W 13V";"111030";NULL;NULL;"2023-09-06 12:43:40";"2023-09-06 12:43:40";"111"
"DIODE ZENER 1/2W 14V";"111031";NULL;NULL;"2023-09-06 12:43:40";"2023-09-06 12:43:40";"111"
"DIODE ZENER 1/2W 15V";"111032";NULL;NULL;"2023-09-06 12:43:40";"2023-09-06 12:43:40";"111"
"DIODE ZENER 1/2W 16V";"111033";NULL;NULL;"2023-09-06 12:43:40";"2023-09-06 12:43:40";"111"
"DIODE ZENER 1/2W 18V";"111034";NULL;NULL;"2023-09-06 12:43:40";"2023-09-06 12:43:40";"111"
"DIODE ZENER 1/2W 2.2V";"111035";NULL;NULL;"2023-09-06 12:43:40";"2023-09-06 12:43:40";"111"
"DIODE ZENER 1/2W 2.4V";"111036";NULL;NULL;"2023-09-06 12:43:40";"2023-09-06 12:43:40";"111"
"DIODE ZENER 1/2W 2.7V";"111037";NULL;NULL;"2023-09-06 12:43:40";"2023-09-06 12:43:40";"111"
"DIODE ZENER 1/2W 20V";"111038";NULL;NULL;"2023-09-06 12:43:40";"2023-09-06 12:43:40";"111"
"DIODE ZENER 1/2W 22V";"111039";NULL;NULL;"2023-09-06 12:43:40";"2023-09-06 12:43:40";"111"
"DIODE ZENER 1/2W 24V";"111040";NULL;NULL;"2023-09-06 12:43:40";"2023-09-06 12:43:40";"111"
"DIODE ZENER 1/2W 27V";"111041";NULL;NULL;"2023-09-06 12:43:40";"2023-09-06 12:43:40";"111"
"DIODE ZENER 1/2W 2V";"111042";NULL;NULL;"2023-09-06 12:43:40";"2023-09-06 12:43:40";"111"
"DIODE ZENER 1/2W 3.6V";"111043";NULL;NULL;"2023-09-06 12:43:40";"2023-09-06 12:43:40";"111"
"DIODE ZENER 1/2W 30V";"111044";NULL;NULL;"2023-09-06 12:43:40";"2023-09-06 12:43:40";"111"
"DIODE ZENER 1/2W 33V";"111045";NULL;NULL;"2023-09-06 12:43:40";"2023-09-06 12:43:40";"111"
"DIODE ZENER 1/2W 35V";"111046";NULL;NULL;"2023-09-06 12:43:40";"2023-09-06 12:43:40";"111"
"DIODE ZENER 1/2W 36V";"111047";NULL;NULL;"2023-09-06 12:43:40";"2023-09-06 12:43:40";"111"
"DIODE ZENER 1/2W 39V";"111048";NULL;NULL;"2023-09-06 12:43:40";"2023-09-06 12:43:40";"111"
"DIODE ZENER 1/2W 3V";"111049";NULL;NULL;"2023-09-06 12:43:40";"2023-09-06 12:43:40";"111"
"DIODE ZENER 1/2W 4.3V";"111050";NULL;NULL;"2023-09-06 12:43:40";"2023-09-06 12:43:40";"111"
"DIODE ZENER 1/2W 43V";"111051";NULL;NULL;"2023-09-06 12:43:40";"2023-09-06 12:43:40";"111"
"DIODE ZENER 1/2W 47V";"111052";NULL;NULL;"2023-09-06 12:43:40";"2023-09-06 12:43:40";"111"
"DIODE ZENER 1/2W 4V";"111053";NULL;NULL;"2023-09-06 12:43:40";"2023-09-06 12:43:40";"111"
"DIODE ZENER 1/2W 5.6V";"111054";NULL;NULL;"2023-09-06 12:43:40";"2023-09-06 12:43:40";"111"
"DIODE ZENER 1/2W 5V";"111055";NULL;NULL;"2023-09-06 12:43:40";"2023-09-06 12:43:40";"111"
"DIODE ZENER 1/2W 6.2V";"111056";NULL;NULL;"2023-09-06 12:43:40";"2023-09-06 12:43:40";"111"
"DIODE ZENER 1/2W 6.6V";"111057";NULL;NULL;"2023-09-06 12:43:40";"2023-09-06 12:43:40";"111"
"DIODE ZENER 1/2W 6.8V";"111058";NULL;NULL;"2023-09-06 12:43:40";"2023-09-06 12:43:40";"111"
"DIODE ZENER 1/2W 7.1V";"111059";NULL;NULL;"2023-09-06 12:43:40";"2023-09-06 12:43:40";"111"
"DIODE ZENER 1/2W 7.5V";"111062";NULL;NULL;"2023-09-06 12:43:40";"2023-09-06 12:43:40";"111"
"DIODE ZENER 1/2W 7V";"111060";NULL;NULL;"2023-09-06 12:43:40";"2023-09-06 12:43:40";"111"
"DIODE ZENER 1/2W 8.2V";"111061";NULL;NULL;"2023-09-06 12:43:40";"2023-09-06 12:43:40";"111"
"DIODE ZENER 1/2W 9V";"111063";NULL;NULL;"2023-09-06 12:43:40";"2023-09-06 12:43:40";"111"
"DIODE ZENER 1/4W 103V";"111075";NULL;NULL;"2023-09-06 12:43:41";"2023-09-06 12:43:41";"111"
"DIODE ZENER 1/4W 12V";"111064";NULL;NULL;"2023-09-06 12:43:41";"2023-09-06 12:43:41";"111"
"DIODE ZENER 1/4W 13V";"111065";NULL;NULL;"2023-09-06 12:43:41";"2023-09-06 12:43:41";"111"
"DIODE ZENER 1/4W 2.7V";"111066";NULL;NULL;"2023-09-06 12:43:41";"2023-09-06 12:43:41";"111"
"DIODE ZENER 1/4W 24V";"111067";NULL;NULL;"2023-09-06 12:43:41";"2023-09-06 12:43:41";"111"
"DIODE ZENER 1/4W 3.3V";"111068";NULL;NULL;"2023-09-06 12:43:41";"2023-09-06 12:43:41";"111"
"DIODE ZENER 1/4W 3.6V";"111069";NULL;NULL;"2023-09-06 12:43:41";"2023-09-06 12:43:41";"111"
"DIODE ZENER 1/4W 3.9V";"111070";NULL;NULL;"2023-09-06 12:43:41";"2023-09-06 12:43:41";"111"
"DIODE ZENER 1/4W 33V";"111071";NULL;NULL;"2023-09-06 12:43:41";"2023-09-06 12:43:41";"111"
"DIODE ZENER 1/4W 4.3V";"111072";NULL;NULL;"2023-09-06 12:43:41";"2023-09-06 12:43:41";"111"
"DIODE ZENER 1/4W 6V";"111073";NULL;NULL;"2023-09-06 12:43:41";"2023-09-06 12:43:41";"111"
"DIODE ZENER 1/4W 8.2V";"111074";NULL;NULL;"2023-09-06 12:43:41";"2023-09-06 12:43:41";"111"
"DIODE ZENER 1W 10V";"111076";NULL;NULL;"2023-09-06 12:43:41";"2023-09-06 12:43:41";"111"
"DIODE ZENER 1W 12V";"111077";NULL;NULL;"2023-09-06 12:43:41";"2023-09-06 12:43:41";"111"
"DIODE ZENER 1W 15V";"111078";NULL;NULL;"2023-09-06 12:43:41";"2023-09-06 12:43:41";"111"
"DIODE ZENER 1W 16V";"111079";NULL;NULL;"2023-09-06 12:43:41";"2023-09-06 12:43:41";"111"
"DIODE ZENER 1W 18V";"111080";NULL;NULL;"2023-09-06 12:43:41";"2023-09-06 12:43:41";"111"
"DIODE ZENER 1W 2.2V";"111099";NULL;NULL;"2023-09-06 12:43:41";"2023-09-06 12:43:41";"111"
"DIODE ZENER 1W 2.4V";"111100";NULL;NULL;"2023-09-06 12:43:41";"2023-09-06 12:43:41";"111"
"DIODE ZENER 1W 24V";"111081";NULL;NULL;"2023-09-06 12:43:41";"2023-09-06 12:43:41";"111"
"DIODE ZENER 1W 27V";"111082";NULL;NULL;"2023-09-06 12:43:41";"2023-09-06 12:43:41";"111"
"DIODE ZENER 1W 3.6V";"111083";NULL;NULL;"2023-09-06 12:43:41";"2023-09-06 12:43:41";"111"
"DIODE ZENER 1W 3.9V";"111084";NULL;NULL;"2023-09-06 12:43:41";"2023-09-06 12:43:41";"111"
"DIODE ZENER 1W 30V";"111085";NULL;NULL;"2023-09-06 12:43:41";"2023-09-06 12:43:41";"111"
"DIODE ZENER 1W 33V";"111086";NULL;NULL;"2023-09-06 12:43:41";"2023-09-06 12:43:41";"111"
"DIODE ZENER 1W 36V";"111087";NULL;NULL;"2023-09-06 12:43:41";"2023-09-06 12:43:41";"111"
"DIODE ZENER 1W 4.7V";"111088";NULL;NULL;"2023-09-06 12:43:41";"2023-09-06 12:43:41";"111"
"DIODE ZENER 1W 40V";"111089";NULL;NULL;"2023-09-06 12:43:41";"2023-09-06 12:43:41";"111"
"DIODE ZENER 1W 5.1V";"111090";NULL;NULL;"2023-09-06 12:43:41";"2023-09-06 12:43:41";"111"
"DIODE ZENER 1W 5.6V";"111091";NULL;NULL;"2023-09-06 12:43:41";"2023-09-06 12:43:41";"111"
"DIODE ZENER 1W 50V";"111092";NULL;NULL;"2023-09-06 12:43:41";"2023-09-06 12:43:41";"111"
"DIODE ZENER 1W 5V";"111093";NULL;NULL;"2023-09-06 12:43:41";"2023-09-06 12:43:41";"111"
"DIODE ZENER 1W 6.2V";"111094";NULL;NULL;"2023-09-06 12:43:41";"2023-09-06 12:43:41";"111"
"DIODE ZENER 1W 6V";"111095";NULL;NULL;"2023-09-06 12:43:41";"2023-09-06 12:43:41";"111"
"DIODE ZENER 1W 7.5V";"111096";NULL;NULL;"2023-09-06 12:43:41";"2023-09-06 12:43:41";"111"
"DIODE ZENER 1W 8.2V";"111097";NULL;NULL;"2023-09-06 12:43:41";"2023-09-06 12:43:41";"111"
"DIODE ZENER 1W 9V";"111098";NULL;NULL;"2023-09-06 12:43:41";"2023-09-06 12:43:41";"111"
"DIODE ZENER 2W 6V";"111101";NULL;NULL;"2023-09-06 12:43:41";"2023-09-06 12:43:41";"111"
"DISJUNCTEUR BIPOLAIRE ORANGE ";"215264";NULL;NULL;"2023-09-06 12:44:47";"2023-09-06 12:44:47";"215"
"DISJUNCTEUR DPN SHEINEIDER ";"215342";NULL;NULL;"2023-12-12 03:21:43";"2023-12-12 03:21:43";"215"
"DISQUE DUR 1TERA";"215295";NULL;NULL;"2023-09-06 12:44:48";"2023-09-06 12:44:48";"215"
"DISQUE DUR 2TERA ";"215296";NULL;NULL;"2023-09-06 12:44:48";"2023-09-06 12:44:48";"215"
"DISQUE DUR 500Go";"215294";NULL;NULL;"2023-09-06 12:44:48";"2023-09-06 12:44:48";"215"
"DK 1203";"103705";NULL;NULL;"2023-09-06 12:43:41";"2023-09-06 12:43:41";"103"
"DM 1265";"103708";NULL;NULL;"2023-09-06 12:43:41";"2023-09-06 12:43:41";"103"
"DMO 565";"103706";NULL;NULL;"2023-09-06 12:43:41";"2023-09-06 12:43:41";"103"
"DMO 7652";"103707";NULL;NULL;"2023-09-06 12:43:41";"2023-09-06 12:43:41";"103"
"DOUILE 12 PAT SAMSUNG";"103709";NULL;NULL;"2023-09-06 12:43:41";"2023-09-06 12:43:41";"103"
"DOUILLE TV DOUBL FOCUS 9PAT GM";"103711";NULL;NULL;"2023-09-06 12:43:41";"2023-09-06 12:43:41";"103"
"DOUILLE TV DOUBLE FOCUS PM";"103710";NULL;NULL;"2023-09-06 12:43:41";"2023-09-06 12:43:41";"103"
"DOUILLE TV FIN 8PAT";"103714";NULL;NULL;"2023-09-06 12:43:41";"2023-09-06 12:43:41";"103"
"DOUILLE TV GOLDSTAR 10PAT";"103712";NULL;NULL;"2023-09-06 12:43:41";"2023-09-06 12:43:41";"103"
"DOUILLE TV SAMSUNG 12 PAT";"103715";NULL;NULL;"2023-09-06 12:43:41";"2023-09-06 12:43:41";"103"
"DOUILLE TV SAMSUNG 12PAT";"103713";NULL;NULL;"2023-09-06 12:43:41";"2023-09-06 12:43:41";"103"
"DOUILLE TV SAMSUNG OCAS";"103716";NULL;NULL;"2023-09-06 12:43:41";"2023-09-06 12:43:41";"103"
"EAU DE PARFUN";"501043";NULL;NULL;"2023-09-06 14:58:54";"2023-09-06 14:58:54";"501"
"ENSS 3 HP PHILLIP";"501013";NULL;NULL;"2023-09-06 14:58:52";"2023-09-06 14:58:52";"501"
"ENSS GEL ET DEO AXE 150ML";"501035";NULL;NULL;"2023-09-06 14:58:54";"2023-09-06 14:58:54";"501"
"ENSS GEL ET DOE 250ML";"501036";NULL;NULL;"2023-09-06 14:58:54";"2023-09-06 14:58:54";"501"
"ER 1103";"103924";NULL;NULL;"2023-09-06 12:43:45";"2023-09-06 12:43:45";"103"
"ER 1450";"103925";NULL;NULL;"2023-09-06 12:43:45";"2023-09-06 12:43:45";"103"
"ESCABOT DEUX MARCHE";"501093";NULL;NULL;"2023-09-06 14:58:55";"2023-09-06 14:58:55";"501"
"ESPRESSO A CAFE";"608003";NULL;NULL;"2023-09-06 14:58:56";"2023-09-06 14:58:56";"608"
"ETAGER GALAXY GM";"707013";NULL;NULL;"2023-09-06 14:58:58";"2023-09-06 14:58:58";"707"
"ETAGERE GALXY PM";"707014";NULL;NULL;"2023-09-06 14:58:58";"2023-09-06 14:58:58";"707"
"ETAIN BLANC ORG EN RLX 0.8MM 35G";"239002";NULL;NULL;"2023-09-06 12:43:45";"2023-09-06 12:43:45";"239"
"ETAIN EN DETAIL 0.8MM SOUER";"239021";NULL;NULL;"2023-09-06 12:43:45";"2023-09-06 12:43:45";"239"
"ETAIN EN DETAIL 2MM SOUER";"239022";NULL;NULL;"2023-09-06 12:43:45";"2023-09-06 12:43:45";"239"
"ETAIN EN RLX 100G 2MM FLUX";"239015";NULL;NULL;"2023-09-06 12:43:45";"2023-09-06 12:43:45";"239"
"ETAIN EN RLX 100G 2MM SOLDER";"239016";NULL;NULL;"2023-09-06 12:43:45";"2023-09-06 12:43:45";"239"
"ETAIN EN RLX 250G CJV";"239017";NULL;NULL;"2023-09-06 12:43:45";"2023-09-06 12:43:45";"239"
"ETAIN EN RLX 800G 0.8MM SOUER";"239019";NULL;NULL;"2023-09-06 12:43:45";"2023-09-06 12:43:45";"239"
"ETAIN EN RLX BLEU 35G 0.8MM VIGA";"239013";NULL;NULL;"2023-09-06 12:43:45";"2023-09-06 12:43:45";"239"
"ETAIN EN RLX ORG IMC 300G";"239018";NULL;NULL;"2023-09-06 12:43:45";"2023-09-06 12:43:45";"239"
"ETAIN EN TUBE 18G SUOER";"239020";NULL;NULL;"2023-09-06 12:43:45";"2023-09-06 12:43:45";"239"
"ETAIN IMC/ILB EN RLX 200G 0.8MM";"239003";NULL;NULL;"2023-09-06 12:43:45";"2023-09-06 12:43:45";"239"
"ETAIN JAUNE EN RLX OX 1.2MM ORG";"239005";NULL;NULL;"2023-09-06 12:43:45";"2023-09-06 12:43:45";"239"
"ETAIN JAUNE EN RLX OX SOLDER-IMC 350G 0.2MM ORD";"239004";NULL;NULL;"2023-09-06 12:43:45";"2023-09-06 12:43:45";"239"
"ETAIN JAUNE ORG EN RLX IMC SOLDER 350G 1.2MM";"239001";NULL;NULL;"2023-09-06 12:43:45";"2023-09-06 12:43:45";"239"
"ETAIN ORG EN RLX 100G 0.8MM SUOER";"239008";NULL;NULL;"2023-09-06 12:43:45";"2023-09-06 12:43:45";"239"
"ETAIN ORG EN RLX 100G 1.2MM SUOER";"239009";NULL;NULL;"2023-09-06 12:43:45";"2023-09-06 12:43:45";"239"
"ETAIN ORG EN RLX 100G 1MM SUOER";"239010";NULL;NULL;"2023-09-06 12:43:45";"2023-09-06 12:43:45";"239"
"ETAIN ORG EN RLX 100G GM HENG MING 0.8MM";"239006";NULL;NULL;"2023-09-06 12:43:45";"2023-09-06 12:43:45";"239"
"ETAIN ORG EN RLX 200G 0.8MM ANTEL";"239011";NULL;NULL;"2023-09-06 12:43:45";"2023-09-06 12:43:45";"239"
"ETAIN ORG EN RLX 200G 0.8MM SUOER";"239012";NULL;NULL;"2023-09-06 12:43:45";"2023-09-06 12:43:45";"239"
"ETAIN ORG EN RLX 50G 0.8MM SUOER PM/ SOLDER";"239007";NULL;NULL;"2023-09-06 12:43:45";"2023-09-06 12:43:45";"239"
"ETAIN ORG EN RLX EXPACT SOLDER 350G 1.2MM";"239014";NULL;NULL;"2023-09-06 12:43:45";"2023-09-06 12:43:45";"239"
"ETAIN SANKI 2mm";"215280";NULL;NULL;"2023-09-06 12:44:48";"2023-09-06 12:44:48";"215"
"EVIER CUISINE MM";"501072";NULL;NULL;"2023-09-06 14:58:55";"2023-09-06 14:58:55";"501"
"EVIER D CUISINE  PM";"501065";NULL;NULL;"2023-09-06 14:58:55";"2023-09-06 14:58:55";"501"
"F 9222";"102162";NULL;NULL;"2023-09-06 12:43:48";"2023-09-06 12:43:48";"102"
"F 9223";"102163";NULL;NULL;"2023-09-06 12:43:48";"2023-09-06 12:43:48";"102"
"FAN 7661";"103933";NULL;NULL;"2023-09-06 12:43:45";"2023-09-06 12:43:45";"103"
"FAN 7711";"103934";NULL;NULL;"2023-09-06 12:43:45";"2023-09-06 12:43:45";"103"
"FB 312";"103935";NULL;NULL;"2023-09-06 12:43:45";"2023-09-06 12:43:45";"103"
"FCHE SPEAKON FEM 4PAT CARRE";"241060";NULL;NULL;"2023-09-06 12:43:47";"2023-09-06 12:43:47";"241"
"FD 200";"103936";NULL;NULL;"2023-09-06 12:43:45";"2023-09-06 12:43:45";"103"
"FD 312";"103937";NULL;NULL;"2023-09-06 12:43:45";"2023-09-06 12:43:45";"103"
"FER A REPASSE GM";"614003";NULL;NULL;"2023-09-06 14:58:56";"2023-09-06 14:58:56";"614"
"FER A REPASSER BROCANTE";"614002";NULL;NULL;"2023-09-06 14:58:56";"2023-09-06 14:58:56";"614"
"FER A REPASSER IVINGS";"614001";NULL;NULL;"2023-09-06 14:58:56";"2023-09-06 14:58:56";"614"
"FER A SOUDER 100W ORG";"240018";NULL;NULL;"2023-12-12 03:21:33";"2023-12-12 03:21:33";"240"
"FER A SOUDER 100W SOUER";"240007";NULL;NULL;"2023-09-06 12:43:46";"2023-09-06 12:43:46";"240"
"FER A SOUDER 20W ORD";"240022";NULL;NULL;"2023-12-12 03:21:33";"2023-12-12 03:21:33";"240"
"FER A SOUDER 30W JVD";"215276";NULL;NULL;"2023-09-06 12:44:48";"2023-09-06 12:44:48";"215"
"FER A SOUDER 30W ORD";"240020";NULL;NULL;"2023-12-12 03:21:33";"2023-12-12 03:21:33";"240"
"FER A SOUDER 30W SOUER";"240001";NULL;NULL;"2023-09-06 12:43:45";"2023-09-06 12:43:45";"240"
"FER A SOUDER 40W ORD";"240019";NULL;NULL;"2023-12-12 03:21:33";"2023-12-12 03:21:33";"240"
"FER A SOUDER 40W ORG";"240021";NULL;NULL;"2023-12-12 03:21:33";"2023-12-12 03:21:33";"240"
"FER A SOUDER 40W SOUER";"240002";NULL;NULL;"2023-09-06 12:43:45";"2023-09-06 12:43:45";"240"
"FER A SOUDER 50W SOUER";"240003";NULL;NULL;"2023-09-06 12:43:46";"2023-09-06 12:43:46";"240"
"FER A SOUDER 60W BLEU SOUER";"240005";NULL;NULL;"2023-09-06 12:43:46";"2023-09-06 12:43:46";"240"
"FER A SOUDER 60W SOUER";"240004";NULL;NULL;"2023-09-06 12:43:46";"2023-09-06 12:43:46";"240"
"FER A SOUDER 80W";"240006";NULL;NULL;"2023-09-06 12:43:46";"2023-09-06 12:43:46";"240"
"FER A SOUDER HI-CLASS SP960 ";"215271";NULL;NULL;"2023-09-06 12:44:48";"2023-09-06 12:44:48";"215"
"FER A SOUDER REGLABLE 60W JVD";"215277";NULL;NULL;"2023-09-06 12:44:48";"2023-09-06 12:44:48";"215"
"FFRIGO 2B CB ZANUSSI MM";"616019";NULL;NULL;"2023-09-06 14:58:57";"2023-09-06 14:58:57";"616"
"FGPF 4536";"103938";NULL;NULL;"2023-09-06 12:43:46";"2023-09-06 12:43:46";"103"
"FGPF 4633";"103939";NULL;NULL;"2023-09-06 12:43:46";"2023-09-06 12:43:46";"103"
"FICH JK 3.5 ST M EN ARGENT";"241019";NULL;NULL;"2023-09-06 12:43:46";"2023-09-06 12:43:46";"241"
"FICH JK 3.5 ST M EN FER";"241020";NULL;NULL;"2023-09-06 12:43:46";"2023-09-06 12:43:46";"241"
"FICH JK 6.5 MNO MAL ORD";"241025";NULL;NULL;"2023-09-06 12:43:46";"2023-09-06 12:43:46";"241"
"FICHE 1 RCA + SOCLE DE FIXATION";"241016";NULL;NULL;"2023-09-06 12:43:46";"2023-09-06 12:43:46";"241"
"FICHE 2RCA FEM + SOCLE DE FIXATION";"241017";NULL;NULL;"2023-09-06 12:43:46";"2023-09-06 12:43:46";"241"
"FICHE BANANE FEM EN PAIRE";"241005";NULL;NULL;"2023-09-06 12:43:46";"2023-09-06 12:43:46";"241"
"FICHE BANANE FEM GM";"241002";NULL;NULL;"2023-09-06 12:43:46";"2023-09-06 12:43:46";"241"
"FICHE BANANE FEM MOY";"241003";NULL;NULL;"2023-09-06 12:43:46";"2023-09-06 12:43:46";"241"
"FICHE BANANE FEM PM";"241004";NULL;NULL;"2023-09-06 12:43:46";"2023-09-06 12:43:46";"241"
"FICHE BANANE MAL";"241006";NULL;NULL;"2023-09-06 12:43:46";"2023-09-06 12:43:46";"241"
"FICHE BNC LONG EN ARGENT";"241008";NULL;NULL;"2023-09-06 12:43:46";"2023-09-06 12:43:46";"241"
"FICHE BNC MAL EN OR";"241007";NULL;NULL;"2023-09-06 12:43:46";"2023-09-06 12:43:46";"241"
"FICHE BNC VISABLE";"241009";NULL;NULL;"2023-09-06 12:43:46";"2023-09-06 12:43:46";"241"
"FICHE CROCODILE GM";"241010";NULL;NULL;"2023-09-06 12:43:46";"2023-09-06 12:43:46";"241"
"FICHE CROCODILE PM";"241011";NULL;NULL;"2023-09-06 12:43:46";"2023-09-06 12:43:46";"241"
"FICHE DC A BORN PR CAMERA 12V";"241001";NULL;NULL;"2023-09-06 12:43:46";"2023-09-06 12:43:46";"241"
"FICHE DC FEM CAMERA";"241012";NULL;NULL;"2023-09-06 12:43:46";"2023-09-06 12:43:46";"241"
"FICHE DC MAL POUR CAMERA";"241013";NULL;NULL;"2023-09-06 12:43:46";"2023-09-06 12:43:46";"241"
"FICHE F ORIGINAL";"241014";NULL;NULL;"2023-09-06 12:43:46";"2023-09-06 12:43:46";"241"
"FICHE F RG11";"241015";NULL;NULL;"2023-09-06 12:43:46";"2023-09-06 12:43:46";"241"
"FICHE FEM 6 BROCHE";"241018";NULL;NULL;"2023-09-06 12:43:46";"2023-09-06 12:43:46";"241"
"FICHE JK 3.5 MNO EN PLASTIQ";"241026";NULL;NULL;"2023-09-06 12:43:46";"2023-09-06 12:43:46";"241"
"FICHE JK 3.5 ST MAL EN OR";"241027";NULL;NULL;"2023-09-06 12:43:46";"2023-09-06 12:43:46";"241"
"FICHE JK 3.5 ST MAL EN PLASTIQ";"241028";NULL;NULL;"2023-09-06 12:43:46";"2023-09-06 12:43:46";"241"
"FICHE JK 6.5 MNO FEM SOCLE DE FIXATION";"241029";NULL;NULL;"2023-09-06 12:43:46";"2023-09-06 12:43:46";"241"
"FICHE JK 6.5 MNO MAL COUDE FER/PLASTIQ";"241035";NULL;NULL;"2023-09-06 12:43:46";"2023-09-06 12:43:46";"241"
"FICHE JK 6.5 MNO MAL COULEUR";"241034";NULL;NULL;"2023-09-06 12:43:46";"2023-09-06 12:43:46";"241"
"FICHE JK 6.5 MNO MAL EN ARGENT";"241030";NULL;NULL;"2023-09-06 12:43:46";"2023-09-06 12:43:46";"241"
"FICHE JK 6.5 MNO MAL EN FER CHINE";"241033";NULL;NULL;"2023-09-06 12:43:46";"2023-09-06 12:43:46";"241"
"FICHE JK 6.5 MNO MAL EN FER ORD";"241032";NULL;NULL;"2023-09-06 12:43:46";"2023-09-06 12:43:46";"241"
"FICHE JK 6.5 MNO MAL EN PLASTIC";"241031";NULL;NULL;"2023-09-06 12:43:46";"2023-09-06 12:43:46";"241"
"FICHE JK 6.5 MNO MAL GROS NEUTRIK";"241037";NULL;NULL;"2023-09-06 12:43:46";"2023-09-06 12:43:46";"241"
"FICHE JK 6.5 MNO MAL LIDGE ORG";"241036";NULL;NULL;"2023-09-06 12:43:46";"2023-09-06 12:43:46";"241"
"FICHE JK 6.5 MNO MAL ORG";"241024";NULL;NULL;"2023-09-06 12:43:46";"2023-09-06 12:43:46";"241"
"FICHE JK 6.5 ST FEM EN FER";"241039";NULL;NULL;"2023-09-06 12:43:46";"2023-09-06 12:43:46";"241"
"FICHE JK 6.5 ST M EN FER ORD";"241023";NULL;NULL;"2023-09-06 12:43:46";"2023-09-06 12:43:46";"241"
"FICHE JK 6.5 ST M EN FER/PLASTIQ";"241021";NULL;NULL;"2023-09-06 12:43:46";"2023-09-06 12:43:46";"241"
"FICHE JK 6.5 ST M ORG/ JAUNE NOIR";"241022";NULL;NULL;"2023-09-06 12:43:46";"2023-09-06 12:43:46";"241"
"FICHE JK 6.5 ST MAL COURDE";"241038";NULL;NULL;"2023-09-06 12:43:46";"2023-09-06 12:43:46";"241"
"FICHE JK 6.5 ST MAL EN OR";"241040";NULL;NULL;"2023-09-06 12:43:46";"2023-09-06 12:43:46";"241"
"FICHE JK 6.5 ST MAL MON EN FER + RESSORT";"241041";NULL;NULL;"2023-09-06 12:43:46";"2023-09-06 12:43:46";"241"
"FICHE LAP AVEC BORN";"241042";NULL;NULL;"2023-09-06 12:43:46";"2023-09-06 12:43:46";"241"
"FICHE MAL D'ANTENNE TV NOIR";"241043";NULL;NULL;"2023-09-06 12:43:46";"2023-09-06 12:43:46";"241"
"FICHE MAL ORG";"241044";NULL;NULL;"2023-09-06 12:43:46";"2023-09-06 12:43:46";"241"
"FICHE MAL RCA EN FER VISSABLE";"241045";NULL;NULL;"2023-09-06 12:43:46";"2023-09-06 12:43:46";"241"
"FICHE MIC";"241046";NULL;NULL;"2023-09-06 12:43:46";"2023-09-06 12:43:46";"241"
"FICHE PHILIPS";"241047";NULL;NULL;"2023-09-06 12:43:46";"2023-09-06 12:43:46";"241"
"FICHE RCA EN OR";"241050";NULL;NULL;"2023-09-06 12:43:46";"2023-09-06 12:43:46";"241"
"FICHE RCA FEM EN PLASTIQ";"241051";NULL;NULL;"2023-09-06 12:43:46";"2023-09-06 12:43:46";"241"
"FICHE RCA FEM ORG EN FER";"241048";NULL;NULL;"2023-09-06 12:43:46";"2023-09-06 12:43:46";"241"
"FICHE RCA MAL EN FER";"241049";NULL;NULL;"2023-09-06 12:43:46";"2023-09-06 12:43:46";"241"
"FICHE RCA MAL EN PLASTIQ";"241052";NULL;NULL;"2023-09-06 12:43:46";"2023-09-06 12:43:46";"241"
"FICHE RCA MAL EN PLASTIQ ROUGE";"241054";NULL;NULL;"2023-09-06 12:43:47";"2023-09-06 12:43:47";"241"
"FICHE SECTEUR FEM";"241053";NULL;NULL;"2023-09-06 12:43:47";"2023-09-06 12:43:47";"241"
"FICHE SECTEUR MAL";"241055";NULL;NULL;"2023-09-06 12:43:47";"2023-09-06 12:43:47";"241"
"FICHE SECTEUR MULTI NUM 4 PRISE + 2 PAT";"241056";NULL;NULL;"2023-09-06 12:43:47";"2023-09-06 12:43:47";"241"
"FICHE SECTEUR MULTI NUM BLANC 2P";"241057";NULL;NULL;"2023-09-06 12:43:47";"2023-09-06 12:43:47";"241"
"FICHE SPEAKON 4 PAT";"241062";NULL;NULL;"2023-09-06 12:43:47";"2023-09-06 12:43:47";"241"
"FICHE SPEAKON DEM 4PAT ROND";"241061";NULL;NULL;"2023-09-06 12:43:47";"2023-09-06 12:43:47";"241"
"FICHE SPEAKON FEM 8PAT";"241058";NULL;NULL;"2023-09-06 12:43:47";"2023-09-06 12:43:47";"241"
"FICHE SPEAKON FEM BLEU NOIR GM";"241059";NULL;NULL;"2023-09-06 12:43:47";"2023-09-06 12:43:47";"241"
"FICHE SPEAKON MAL BLEU PM";"241063";NULL;NULL;"2023-09-06 12:43:47";"2023-09-06 12:43:47";"241"
"FICHE SPEAKON MAL ORG NEUTRIK";"241064";NULL;NULL;"2023-09-06 12:43:47";"2023-09-06 12:43:47";"241"
"FICHE SPEAKON ORG LIDGE";"241065";NULL;NULL;"2023-09-06 12:43:47";"2023-09-06 12:43:47";"241"
"FICHE TV EN FER VISSABLE";"241068";NULL;NULL;"2023-09-06 12:43:47";"2023-09-06 12:43:47";"241"
"FICHE TV FEM BLEU/BLANC EN PAQUET";"241066";NULL;NULL;"2023-09-06 12:43:47";"2023-09-06 12:43:47";"241"
"FICHE TV FEM COULEUR";"241067";NULL;NULL;"2023-09-06 12:43:47";"2023-09-06 12:43:47";"241"
"FICHE TV MAL COULEUR";"241069";NULL;NULL;"2023-09-06 12:43:47";"2023-09-06 12:43:47";"241"
"FICHE TV MAL NOIR";"241070";NULL;NULL;"2023-09-06 12:43:47";"2023-09-06 12:43:47";"241"
"FICHE TV MAL PLASTIQ COUDE";"241071";NULL;NULL;"2023-09-06 12:43:47";"2023-09-06 12:43:47";"241"
"FICHE XRL FEM COSS";"241072";NULL;NULL;"2023-09-06 12:43:47";"2023-09-06 12:43:47";"241"
"FICHE XRL FEM ORD";"241073";NULL;NULL;"2023-09-06 12:43:47";"2023-09-06 12:43:47";"241"
"FICHE XRL FEM ORG";"241074";NULL;NULL;"2023-09-06 12:43:47";"2023-09-06 12:43:47";"241"
"FICHE XRL LIDGE ORG FEM";"241075";NULL;NULL;"2023-09-06 12:43:47";"2023-09-06 12:43:47";"241"
"FICHE XRL LIDGE ORG MAL";"241076";NULL;NULL;"2023-09-06 12:43:47";"2023-09-06 12:43:47";"241"
"FICHE XRL MAL ORD";"241078";NULL;NULL;"2023-09-06 12:43:47";"2023-09-06 12:43:47";"241"
"FICHE XRL MAL ORG";"241077";NULL;NULL;"2023-09-06 12:43:47";"2023-09-06 12:43:47";"241"
"FIGO 2B CB BEKO GRIS  MM";"616043";NULL;NULL;"2023-09-06 14:58:57";"2023-09-06 14:58:57";"616"
"FIL CABLAGE 0.1MM";"215042";NULL;NULL;"2023-09-06 12:43:47";"2023-09-06 12:43:47";"215"
"FIL DE REBOBINAGE 0.8MM";"215043";NULL;NULL;"2023-09-06 12:43:47";"2023-09-06 12:43:47";"215"
"FILE DE CABLAGE 1MM";"215261";NULL;NULL;"2023-09-06 12:44:47";"2023-09-06 12:44:47";"215"
"FIN DE COURSE GM 2PAT";"215046";NULL;NULL;"2023-09-06 12:43:47";"2023-09-06 12:43:47";"215"
"FIN DE COURSE GM 3PAT";"215045";NULL;NULL;"2023-09-06 12:43:47";"2023-09-06 12:43:47";"215"
"FIN DE COURSE PM 3PAT";"215044";NULL;NULL;"2023-09-06 12:43:47";"2023-09-06 12:43:47";"215"
"FN 1016";"103940";NULL;NULL;"2023-09-06 12:43:47";"2023-09-06 12:43:47";"103"
"FOLIO";"501064";NULL;NULL;"2023-09-06 14:58:55";"2023-09-06 14:58:55";"501"
"FOUCHETTE INOX JEU 6";"501229";NULL;NULL;"2023-09-06 14:59:04";"2023-09-06 14:59:04";"501"
"FOUCHETTE MANCHE EN BOIS JEUX D 6";"501214";NULL;NULL;"2023-09-06 14:59:04";"2023-09-06 14:59:04";"501"
"FP 1016";"103941";NULL;NULL;"2023-09-06 12:43:47";"2023-09-06 12:43:47";"103"
"FRIG 2B CB BEKO GM";"616036";NULL;NULL;"2023-09-06 14:58:57";"2023-09-06 14:58:57";"616"
"FRIG 2B CB BOCH PM";"616040";NULL;NULL;"2023-09-06 14:58:57";"2023-09-06 14:58:57";"616"
"FRIG 2B CB BUSCH MM";"616006";NULL;NULL;"2023-09-06 14:58:56";"2023-09-06 14:58:56";"616"
"FRIG 2B CB HOOVER  GM";"616004";NULL;NULL;"2023-09-06 14:58:56";"2023-09-06 14:58:56";"616"
"FRIG 2B CB HOTPPOINT  GM";"616005";NULL;NULL;"2023-09-06 14:58:56";"2023-09-06 14:58:56";"616"
"FRIG 2B CH AE";"616011";NULL;NULL;"2023-09-06 14:58:56";"2023-09-06 14:58:56";"616"
"FRIGO 2B CB A CLASS PM";"616058";NULL;NULL;"2023-09-06 14:58:57";"2023-09-06 14:58:57";"616"
"FRIGO 2B CB AEG";"616018";NULL;NULL;"2023-09-06 14:58:57";"2023-09-06 14:58:57";"616"
"FRIGO 2B CB BAUKNEIHT GM";"616024";NULL;NULL;"2023-09-06 14:58:57";"2023-09-06 14:58:57";"616"
"FRIGO 2B CB BEKO MM";"616038";NULL;NULL;"2023-09-06 14:58:57";"2023-09-06 14:58:57";"616"
"FRIGO 2B CB BUSCH GM";"616056";NULL;NULL;"2023-09-06 14:58:57";"2023-09-06 14:58:57";"616"
"FRIGO 2B CB DEAWOOD MM";"616045";NULL;NULL;"2023-09-06 14:58:57";"2023-09-06 14:58:57";"616"
"FRIGO 2B CB ELECTRA PM";"616037";NULL;NULL;"2023-09-06 14:58:57";"2023-09-06 14:58:57";"616"
"FRIGO 2B CB ESSENTIELE MM";"616039";NULL;NULL;"2023-09-06 14:58:57";"2023-09-06 14:58:57";"616"
"FRIGO 2B CB EXQUISIT PM";"616048";NULL;NULL;"2023-09-06 14:58:57";"2023-09-06 14:58:57";"616"
"FRIGO 2B CB FRIGIDAIRE BLC MM";"616051";NULL;NULL;"2023-09-06 14:58:57";"2023-09-06 14:58:57";"616"
"FRIGO 2B CB FRIGIDAIRE PM";"616017";NULL;NULL;"2023-09-06 14:58:56";"2023-09-06 14:58:56";"616"
"FRIGO 2B CB HISENSE";"616010";NULL;NULL;"2023-09-06 14:58:56";"2023-09-06 14:58:56";"616"
"FRIGO 2B CB HOOVER B MM";"616007";NULL;NULL;"2023-09-06 14:58:56";"2023-09-06 14:58:56";"616"
"FRIGO 2B CB HOTPOINT MM";"616001";NULL;NULL;"2023-09-06 14:58:56";"2023-09-06 14:58:56";"616"
"FRIGO 2B CB INDESIT GM";"616049";NULL;NULL;"2023-09-06 14:58:57";"2023-09-06 14:58:57";"616"
"FRIGO 2B CB KENWOOD";"616042";NULL;NULL;"2023-09-06 14:58:57";"2023-09-06 14:58:57";"616"
"FRIGO 2B CB LIEBHEER MM";"616046";NULL;NULL;"2023-09-06 14:58:57";"2023-09-06 14:58:57";"616"
"FRIGO 2B CB LIEBHERR PM";"616054";NULL;NULL;"2023-09-06 14:58:57";"2023-09-06 14:58:57";"616"
"FRIGO 2B CB PRIMA BLC GM";"616050";NULL;NULL;"2023-09-06 14:58:57";"2023-09-06 14:58:57";"616"
"FRIGO 2B CB PRIVILLEGE";"616047";NULL;NULL;"2023-09-06 14:58:57";"2023-09-06 14:58:57";"616"
"FRIGO 2B CB SAMSUNG GRIS GM";"616003";NULL;NULL;"2023-09-06 14:58:56";"2023-09-06 14:58:56";"616"
"FRIGO 2B CB SANS MARQUE";"616012";NULL;NULL;"2023-09-06 14:58:56";"2023-09-06 14:58:56";"616"
"FRIGO 2B CB SERVICE";"616013";NULL;NULL;"2023-09-06 14:58:56";"2023-09-06 14:58:56";"616"
"FRIGO 2B CB SERVICE   BLC";"616052";NULL;NULL;"2023-09-06 14:58:57";"2023-09-06 14:58:57";"616"
"FRIGO 2B CB SR GRIS GM C""";"616023";NULL;NULL;"2023-09-06 14:58:57";"2023-09-06 14:58:57";"616"
"FRIGO 2B CB ZANUSSI PM";"616041";NULL;NULL;"2023-09-06 14:58:57";"2023-09-06 14:58:57";"616"
"FRIGO 2B CH AMERICAINE BLC GM a""";"616002";NULL;NULL;"2023-09-06 14:58:56";"2023-09-06 14:58:56";"616"
"FRIGO 2B CH CANDY PM";"616055";NULL;NULL;"2023-09-06 14:58:57";"2023-09-06 14:58:57";"616"
"FRIGO 2B CH DAKO MM";"616020";NULL;NULL;"2023-09-06 14:58:57";"2023-09-06 14:58:57";"616"
"FRIGO 2B CH ELECTROLUX";"616016";NULL;NULL;"2023-09-06 14:58:56";"2023-09-06 14:58:56";"616"
"FRIGO 2B CH LG MM";"616028";NULL;NULL;"2023-09-06 14:58:57";"2023-09-06 14:58:57";"616"
"FRIGO 2B CH PM LG";"616030";NULL;NULL;"2023-09-06 14:58:57";"2023-09-06 14:58:57";"616"
"FRIGO 2B CH WHIRPOOL PM";"616026";NULL;NULL;"2023-09-06 14:58:57";"2023-09-06 14:58:57";"616"
"FRIGO AMERICAIN GORENJE";"616059";NULL;NULL;"2023-09-06 14:58:57";"2023-09-06 14:58:57";"616"
"FRIGO BOMAN CB PM";"616060";NULL;NULL;"2023-09-06 14:58:57";"2023-09-06 14:58:57";"616"
"FRIGO CB AMICA";"616065";NULL;NULL;"2023-09-06 14:58:57";"2023-09-06 14:58:57";"616"
"FRIGO CB BRANDIT GM";"616015";NULL;NULL;"2023-09-06 14:58:56";"2023-09-06 14:58:56";"616"
"FRIGO CB CANDY MM";"616071";NULL;NULL;"2023-09-06 14:58:58";"2023-09-06 14:58:58";"616"
"FRIGO CB EQUISIT GM";"616014";NULL;NULL;"2023-09-06 14:58:56";"2023-09-06 14:58:56";"616"
"FRIGO CB HOOVER GM";"616069";NULL;NULL;"2023-09-06 14:58:58";"2023-09-06 14:58:58";"616"
"FRIGO CB IHEA MM";"616063";NULL;NULL;"2023-09-06 14:58:57";"2023-09-06 14:58:57";"616"
"FRIGO CB LG";"616070";NULL;NULL;"2023-09-06 14:58:58";"2023-09-06 14:58:58";"616"
"FRIGO CB SIEMENS MM";"616067";NULL;NULL;"2023-09-06 14:58:58";"2023-09-06 14:58:58";"616"
"FRIGO CB SIEMENS PM";"616066";NULL;NULL;"2023-09-06 14:58:57";"2023-09-06 14:58:57";"616"
"FRIGO CB WHIPOOL GM";"616064";NULL;NULL;"2023-09-06 14:58:57";"2023-09-06 14:58:57";"616"
"FRIGO CB WHITE FROST GM";"616062";NULL;NULL;"2023-09-06 14:58:57";"2023-09-06 14:58:57";"616"
"FRIGO CH SIEMENS GM";"616068";NULL;NULL;"2023-09-06 14:58:58";"2023-09-06 14:58:58";"616"
"FRIGO CHAMBBRE HOPTOINT";"616009";NULL;NULL;"2023-09-06 14:58:56";"2023-09-06 14:58:56";"616"
"FRIGO CHAMBRE 2B CH SAMSUMG";"616025";NULL;NULL;"2023-09-06 14:58:57";"2023-09-06 14:58:57";"616"
"FRIGO CHAMBRE INDESITE";"616044";NULL;NULL;"2023-09-06 14:58:57";"2023-09-06 14:58:57";"616"
"FRIGO CONTINENTAL CB GM";"616061";NULL;NULL;"2023-09-06 14:58:57";"2023-09-06 14:58:57";"616"
"FRIGO DE  CHAMBRE";"616008";NULL;NULL;"2023-09-06 14:58:56";"2023-09-06 14:58:56";"616"
"FRIGO DE BUREAU";"616022";NULL;NULL;"2023-09-06 14:58:57";"2023-09-06 14:58:57";"616"
"FRIGO DE BUREAU DAEWOOD";"616021";NULL;NULL;"2023-09-06 14:58:57";"2023-09-06 14:58:57";"616"
"FRIGO DE CHAMBRE 2B CH DEAWOO";"616029";NULL;NULL;"2023-09-06 14:58:57";"2023-09-06 14:58:57";"616"
"FRIGO DE CHAMBRE 2B CH HISENE";"616027";NULL;NULL;"2023-09-06 14:58:57";"2023-09-06 14:58:57";"616"
"FRIGO DE CHAMBRE 2B CH LG";"616057";NULL;NULL;"2023-09-06 14:58:57";"2023-09-06 14:58:57";"616"
"FRIGO DE CHAMBRE LEC";"616031";NULL;NULL;"2023-09-06 14:58:57";"2023-09-06 14:58:57";"616"
"FRIGO DE CHAMBRE ME";"616034";NULL;NULL;"2023-09-06 14:58:57";"2023-09-06 14:58:57";"616"
"FRIGO DE CHAMBRE PRIVILEGE";"616053";NULL;NULL;"2023-09-06 14:58:57";"2023-09-06 14:58:57";"616"
"FRIGO DE CHAMBRE PROLINE GM";"616033";NULL;NULL;"2023-09-06 14:58:57";"2023-09-06 14:58:57";"616"
"FRITEUSE BROC";"612001";NULL;NULL;"2023-09-06 14:58:56";"2023-09-06 14:58:56";"612"
"FRITEUSE SILVER CREST";"612002";NULL;NULL;"2023-09-06 14:58:56";"2023-09-06 14:58:56";"612"
"FUSIBLE 0.5A PM";"112014";NULL;NULL;"2023-09-06 12:43:47";"2023-09-06 12:43:47";"112"
"FUSIBLE 0.6A PM";"112015";NULL;NULL;"2023-09-06 12:43:47";"2023-09-06 12:43:47";"112"
"FUSIBLE 0.8A PM";"112016";NULL;NULL;"2023-09-06 12:43:47";"2023-09-06 12:43:47";"112"
"FUSIBLE 1.5A GM";"112017";NULL;NULL;"2023-09-06 12:43:47";"2023-09-06 12:43:47";"112"
"FUSIBLE 1.5A PM";"112018";NULL;NULL;"2023-09-06 12:43:47";"2023-09-06 12:43:47";"112"
"FUSIBLE 1.6A PM";"112019";NULL;NULL;"2023-09-06 12:43:47";"2023-09-06 12:43:47";"112"
"FUSIBLE 10A GM";"112020";NULL;NULL;"2023-09-06 12:43:47";"2023-09-06 12:43:47";"112"
"FUSIBLE 10A PM";"112021";NULL;NULL;"2023-09-06 12:43:47";"2023-09-06 12:43:47";"112"
"FUSIBLE 12A GM";"112022";NULL;NULL;"2023-09-06 12:43:47";"2023-09-06 12:43:47";"112"
"FUSIBLE 12A PM";"112023";NULL;NULL;"2023-09-06 12:43:47";"2023-09-06 12:43:47";"112"
"FUSIBLE 13A GM";"112024";NULL;NULL;"2023-09-06 12:43:47";"2023-09-06 12:43:47";"112"
"FUSIBLE 13A PM";"112025";NULL;NULL;"2023-09-06 12:43:47";"2023-09-06 12:43:47";"112"
"FUSIBLE 14A GM";"112026";NULL;NULL;"2023-09-06 12:43:48";"2023-09-06 12:43:48";"112"
"FUSIBLE 14A PM";"112027";NULL;NULL;"2023-09-06 12:43:48";"2023-09-06 12:43:48";"112"
"FUSIBLE 15A GM";"112028";NULL;NULL;"2023-09-06 12:43:48";"2023-09-06 12:43:48";"112"
"FUSIBLE 15A PM";"112029";NULL;NULL;"2023-09-06 12:43:48";"2023-09-06 12:43:48";"112"
"FUSIBLE 16A PM";"112030";NULL;NULL;"2023-09-06 12:43:48";"2023-09-06 12:43:48";"112"
"FUSIBLE 17A PM";"112031";NULL;NULL;"2023-09-06 12:43:48";"2023-09-06 12:43:48";"112"
"FUSIBLE 18A PM";"112032";NULL;NULL;"2023-09-06 12:43:48";"2023-09-06 12:43:48";"112"
"FUSIBLE 1A GM";"112033";NULL;NULL;"2023-09-06 12:43:48";"2023-09-06 12:43:48";"112"
"FUSIBLE 1A PM";"112034";NULL;NULL;"2023-09-06 12:43:48";"2023-09-06 12:43:48";"112"
"FUSIBLE 2.5A GM";"112035";NULL;NULL;"2023-09-06 12:43:48";"2023-09-06 12:43:48";"112"
"FUSIBLE 2.5A PM";"112036";NULL;NULL;"2023-09-06 12:43:48";"2023-09-06 12:43:48";"112"
"FUSIBLE 20A GM";"112037";NULL;NULL;"2023-09-06 12:43:48";"2023-09-06 12:43:48";"112"
"FUSIBLE 20A PM";"112038";NULL;NULL;"2023-09-06 12:43:48";"2023-09-06 12:43:48";"112"
"FUSIBLE 2A GM";"112039";NULL;NULL;"2023-09-06 12:43:48";"2023-09-06 12:43:48";"112"
"FUSIBLE 2A PM";"112040";NULL;NULL;"2023-09-06 12:43:48";"2023-09-06 12:43:48";"112"
"FUSIBLE 3.15A GM";"112041";NULL;NULL;"2023-09-06 12:43:48";"2023-09-06 12:43:48";"112"
"FUSIBLE 3.15A PM";"112042";NULL;NULL;"2023-09-06 12:43:48";"2023-09-06 12:43:48";"112"
"FUSIBLE 3.5A GM";"112043";NULL;NULL;"2023-09-06 12:43:48";"2023-09-06 12:43:48";"112"
"FUSIBLE 3.5A PM";"112044";NULL;NULL;"2023-09-06 12:43:48";"2023-09-06 12:43:48";"112"
"FUSIBLE 30A GM";"112046";NULL;NULL;"2023-09-06 12:43:48";"2023-09-06 12:43:48";"112"
"FUSIBLE 30A PM";"112045";NULL;NULL;"2023-09-06 12:43:48";"2023-09-06 12:43:48";"112"
"FUSIBLE 3A GM";"112047";NULL;NULL;"2023-09-06 12:43:48";"2023-09-06 12:43:48";"112"
"FUSIBLE 3A PM";"112048";NULL;NULL;"2023-09-06 12:43:48";"2023-09-06 12:43:48";"112"
"FUSIBLE 4A GM";"112049";NULL;NULL;"2023-09-06 12:43:48";"2023-09-06 12:43:48";"112"
"FUSIBLE 4A PM";"112050";NULL;NULL;"2023-09-06 12:43:48";"2023-09-06 12:43:48";"112"
"FUSIBLE 5A GM";"112051";NULL;NULL;"2023-09-06 12:43:48";"2023-09-06 12:43:48";"112"
"FUSIBLE 5A PM";"112052";NULL;NULL;"2023-09-06 12:43:48";"2023-09-06 12:43:48";"112"
"FUSIBLE 6.3A GM";"112053";NULL;NULL;"2023-09-06 12:43:48";"2023-09-06 12:43:48";"112"
"FUSIBLE 6A GM";"112054";NULL;NULL;"2023-09-06 12:43:48";"2023-09-06 12:43:48";"112"
"FUSIBLE 6A PM";"112055";NULL;NULL;"2023-09-06 12:43:48";"2023-09-06 12:43:48";"112"
"FUSIBLE 7A GM";"112056";NULL;NULL;"2023-09-06 12:43:48";"2023-09-06 12:43:48";"112"
"FUSIBLE 7A PM";"112057";NULL;NULL;"2023-09-06 12:43:48";"2023-09-06 12:43:48";"112"
"FUSIBLE 8A GM";"112058";NULL;NULL;"2023-09-06 12:43:48";"2023-09-06 12:43:48";"112"
"FUSIBLE 8A PM";"112059";NULL;NULL;"2023-09-06 12:43:48";"2023-09-06 12:43:48";"112"
"FUSIBLE 9A GM";"112060";NULL;NULL;"2023-09-06 12:43:48";"2023-09-06 12:43:48";"112"
"FUSIBLE 9A PM";"112061";NULL;NULL;"2023-09-06 12:43:48";"2023-09-06 12:43:48";"112"
"FUSIBLE BLANC 13A";"112062";NULL;NULL;"2023-09-06 12:43:48";"2023-09-06 12:43:48";"112"
"FUSIBLE BLANC 13A MOY";"112063";NULL;NULL;"2023-09-06 12:43:48";"2023-09-06 12:43:48";"112"
"FUSIBLE BLANC 5A";"112064";NULL;NULL;"2023-09-06 12:43:48";"2023-09-06 12:43:48";"112"
"FUSIBLE THERM F102?C 250V-15A";"112001";NULL;NULL;"2023-09-06 12:43:47";"2023-09-06 12:43:47";"112"
"FUSIBLE THERM F142?C 250V-15A";"112002";NULL;NULL;"2023-09-06 12:43:47";"2023-09-06 12:43:47";"112"
"FUSIBLE THERM F170?C 250V-15A";"112003";NULL;NULL;"2023-09-06 12:43:47";"2023-09-06 12:43:47";"112"
"FUSIBLE THERM F185?C 250V-15A";"112004";NULL;NULL;"2023-09-06 12:43:47";"2023-09-06 12:43:47";"112"
"FUSIBLE THERM KSD105?C 250V-10A";"112005";NULL;NULL;"2023-09-06 12:43:47";"2023-09-06 12:43:47";"112"
"FUSIBLE THERM KSD110?C 250V-10A";"112006";NULL;NULL;"2023-09-06 12:43:47";"2023-09-06 12:43:47";"112"
"FUSIBLE THERM KSD55?C 250V-10A";"112007";NULL;NULL;"2023-09-06 12:43:47";"2023-09-06 12:43:47";"112"
"FUSIBLE THERM KSD80?C 250V-10A";"112008";NULL;NULL;"2023-09-06 12:43:47";"2023-09-06 12:43:47";"112"
"FUSIBLE THERM KSD85?C 250V-10A";"112009";NULL;NULL;"2023-09-06 12:43:47";"2023-09-06 12:43:47";"112"
"FUSIBLE THERM KSD90?C 250V-10A";"112010";NULL;NULL;"2023-09-06 12:43:47";"2023-09-06 12:43:47";"112"
"FUSIBLE THERM KSD95?C 250V-10A";"112011";NULL;NULL;"2023-09-06 12:43:47";"2023-09-06 12:43:47";"112"
"FUSIBLE THERM RF185?C 250V-10A";"112012";NULL;NULL;"2023-09-06 12:43:47";"2023-09-06 12:43:47";"112"
"FUSIBLE THERM RF188?C 250V-10A";"112013";NULL;NULL;"2023-09-06 12:43:47";"2023-09-06 12:43:47";"112"
"GAMELE GM";"501073";NULL;NULL;"2023-09-06 14:58:55";"2023-09-06 14:58:55";"501"
"GAMELLE JEU DE 4";"501062";NULL;NULL;"2023-09-06 14:58:55";"2023-09-06 14:58:55";"501"
"GAMELLE JEUX 5";"501074";NULL;NULL;"2023-09-06 14:58:55";"2023-09-06 14:58:55";"501"
"GEL DE DOUCHE 1L";"501040";NULL;NULL;"2023-09-06 14:58:54";"2023-09-06 14:58:54";"501"
"GEL DE DOUCHE 300ML";"501031";NULL;NULL;"2023-09-06 14:58:54";"2023-09-06 14:58:54";"501"
"GEL DE DOUCHE CIEN 3 EN 1";"501030";NULL;NULL;"2023-09-06 14:58:54";"2023-09-06 14:58:54";"501"
"GEL DOUCHE 500ML";"501034";NULL;NULL;"2023-09-06 14:58:54";"2023-09-06 14:58:54";"501"
"GEURRIDON BROC GM OR";"707021";NULL;NULL;"2023-09-06 14:58:58";"2023-09-06 14:58:58";"707"
"GLACIER";"501274";NULL;NULL;"2023-09-06 15:12:49";"2023-09-06 15:12:49";"501"
"GLACIRE";"501063";NULL;NULL;"2023-09-06 14:58:55";"2023-09-06 14:58:55";"501"
"GOUFFRIE";"501110";NULL;NULL;"2023-09-06 14:58:56";"2023-09-06 14:58:56";"501"
"GRAISSE A DESOUDE 150G";"215048";NULL;NULL;"2023-09-06 12:43:48";"2023-09-06 12:43:48";"215"
"GRAISSE A DESOUDE 80G GM";"215049";NULL;NULL;"2023-09-06 12:43:48";"2023-09-06 12:43:48";"215"
"GRAISSE A DESOUDER 50G";"215047";NULL;NULL;"2023-09-06 12:43:48";"2023-09-06 12:43:48";"215"
"GRIL PAIN";"501061";NULL;NULL;"2023-09-06 14:58:55";"2023-09-06 14:58:55";"501"
"GRILLAGE BAFLE 15P(1M X 0.5M)";"215304";NULL;NULL;"2023-12-12 03:21:23";"2023-12-12 03:21:23";"215"
"GRILLAGE BAFLE 18P(1.2M X 0.5M)";"215305";NULL;NULL;"2023-12-12 03:21:23";"2023-12-12 03:21:23";"215"
"GRILLAGE HP 10P EN FER";"215050";NULL;NULL;"2023-09-06 12:43:48";"2023-09-06 12:43:48";"215"
"GRILLAGE HP 15""";"215303";NULL;NULL;"2023-12-12 03:21:23";"2023-12-12 03:21:23";"215"
"GRILLAGE HP BAFLE 15P(1M X 0.5M)";"215052";NULL;NULL;"2023-09-06 12:43:48";"2023-09-06 12:43:48";"215"
"GRILLAGE HP BAFLE 18P(1.2M X 0.5M)";"215053";NULL;NULL;"2023-09-06 12:43:48";"2023-09-06 12:43:48";"215"
"GRILLAGE HP BAFLE G12";"215051";NULL;NULL;"2023-09-06 12:43:48";"2023-09-06 12:43:48";"215"
"GRILLE HP 12P + VIS";"215054";NULL;NULL;"2023-09-06 12:43:48";"2023-09-06 12:43:48";"215"
"GRILLE HP 15P + VIS";"215055";NULL;NULL;"2023-09-06 12:43:48";"2023-09-06 12:43:48";"215"
"GRILLE HP 5P";"215056";NULL;NULL;"2023-09-06 12:43:48";"2023-09-06 12:43:48";"215"
"GRILLE HP 6P";"215057";NULL;NULL;"2023-09-06 12:43:48";"2023-09-06 12:43:48";"215"
"GRILLE HP 8P";"215058";NULL;NULL;"2023-09-06 12:43:48";"2023-09-06 12:43:48";"215"
"GROUPE ELECTROGENE 4050 WATT";"501080";NULL;NULL;"2023-09-06 14:58:55";"2023-09-06 14:58:55";"501"
"GSM SIM 900A";"305001";NULL;NULL;"2023-09-06 12:43:22";"2023-09-06 12:43:22";"305"
"GUERIDON TV BLANCH";"707025";NULL;NULL;"2023-09-06 14:58:58";"2023-09-06 14:58:58";"707"
"H 1015";"103983";NULL;NULL;"2023-09-06 12:43:51";"2023-09-06 12:43:51";"103"
"H 669";"103984";NULL;NULL;"2023-09-06 12:43:51";"2023-09-06 12:43:51";"103"
"HA 1061";"103942";NULL;NULL;"2023-09-06 12:43:48";"2023-09-06 12:43:48";"103"
"HA 112026";"103943";NULL;NULL;"2023-09-06 12:43:49";"2023-09-06 12:43:49";"103"
"HA 11226";"103944";NULL;NULL;"2023-09-06 12:43:49";"2023-09-06 12:43:49";"103"
"HA 11235";"103945";NULL;NULL;"2023-09-06 12:43:49";"2023-09-06 12:43:49";"103"
"HA 1125";"103946";NULL;NULL;"2023-09-06 12:43:49";"2023-09-06 12:43:49";"103"
"HA 11251";"103947";NULL;NULL;"2023-09-06 12:43:49";"2023-09-06 12:43:49";"103"
"HA 11414";"103948";NULL;NULL;"2023-09-06 12:43:49";"2023-09-06 12:43:49";"103"
"HA 11423";"103949";NULL;NULL;"2023-09-06 12:43:49";"2023-09-06 12:43:49";"103"
"HA 11440";"103950";NULL;NULL;"2023-09-06 12:43:49";"2023-09-06 12:43:49";"103"
"HA 11494";"103951";NULL;NULL;"2023-09-06 12:43:49";"2023-09-06 12:43:49";"103"
"HA 11498";"103952";NULL;NULL;"2023-09-06 12:43:49";"2023-09-06 12:43:49";"103"
"HA 1156";"103953";NULL;NULL;"2023-09-06 12:43:49";"2023-09-06 12:43:49";"103"
"HA 11714";"103954";NULL;NULL;"2023-09-06 12:43:49";"2023-09-06 12:43:49";"103"
"HA 12002";"103955";NULL;NULL;"2023-09-06 12:43:49";"2023-09-06 12:43:49";"103"
"HA 1225";"103956";NULL;NULL;"2023-09-06 12:43:49";"2023-09-06 12:43:49";"103"
"HA 12413";"103957";NULL;NULL;"2023-09-06 12:43:49";"2023-09-06 12:43:49";"103"
"HA 13001";"103958";NULL;NULL;"2023-09-06 12:43:49";"2023-09-06 12:43:49";"103"
"HA 1306";"103959";NULL;NULL;"2023-09-06 12:43:49";"2023-09-06 12:43:49";"103"
"HA 13117";"103960";NULL;NULL;"2023-09-06 12:43:49";"2023-09-06 12:43:49";"103"
"HA 13118";"103961";NULL;NULL;"2023-09-06 12:43:49";"2023-09-06 12:43:49";"103"
"HA 13119";"103962";NULL;NULL;"2023-09-06 12:43:49";"2023-09-06 12:43:49";"103"
"HA 13151";"103963";NULL;NULL;"2023-09-06 12:43:49";"2023-09-06 12:43:49";"103"
"HA 13177";"103964";NULL;NULL;"2023-09-06 12:43:49";"2023-09-06 12:43:49";"103"
"HA 1322";"103965";NULL;NULL;"2023-09-06 12:43:49";"2023-09-06 12:43:49";"103"
"HA 13403";"103966";NULL;NULL;"2023-09-06 12:43:49";"2023-09-06 12:43:49";"103"
"HA 1350";"103967";NULL;NULL;"2023-09-06 12:43:49";"2023-09-06 12:43:49";"103"
"HA 1372";"103968";NULL;NULL;"2023-09-06 12:43:49";"2023-09-06 12:43:49";"103"
"HA 1377";"103969";NULL;NULL;"2023-09-06 12:43:49";"2023-09-06 12:43:49";"103"
"HA 1384";"103970";NULL;NULL;"2023-09-06 12:43:49";"2023-09-06 12:43:49";"103"
"HA 1390";"103971";NULL;NULL;"2023-09-06 12:43:49";"2023-09-06 12:43:49";"103"
"HA 1392";"103972";NULL;NULL;"2023-09-06 12:43:49";"2023-09-06 12:43:49";"103"
"HA 1394";"103973";NULL;NULL;"2023-09-06 12:43:49";"2023-09-06 12:43:49";"103"
"HA 1397";"103974";NULL;NULL;"2023-09-06 12:43:49";"2023-09-06 12:43:49";"103"
"HA 1398";"103975";NULL;NULL;"2023-09-06 12:43:49";"2023-09-06 12:43:49";"103"
"HA 1457";"103976";NULL;NULL;"2023-09-06 12:43:49";"2023-09-06 12:43:49";"103"
"HA 17324";"103977";NULL;NULL;"2023-09-06 12:43:49";"2023-09-06 12:43:49";"103"
"HA 17324S";"103978";NULL;NULL;"2023-09-06 12:43:49";"2023-09-06 12:43:49";"103"
"HA 17655";"103979";NULL;NULL;"2023-09-06 12:43:49";"2023-09-06 12:43:49";"103"
"HA 17741";"103980";NULL;NULL;"2023-09-06 12:43:49";"2023-09-06 12:43:49";"103"
"HA 97";"103981";NULL;NULL;"2023-09-06 12:43:49";"2023-09-06 12:43:49";"103"
"HAUT  PARLEUR PANASONIC PM";"602016";NULL;NULL;"2023-09-06 14:58:52";"2023-09-06 14:58:52";"602"
"HAUT PARLEUR CANTON";"602006";NULL;NULL;"2023-09-06 14:58:52";"2023-09-06 14:58:52";"602"
"HAUT PARLEUR ORDINATEUR D7";"215219";NULL;NULL;"2023-09-06 12:44:46";"2023-09-06 12:44:46";"215"
"HAUT PARLEUR ORDINATEUR HN-88";"215220";NULL;NULL;"2023-09-06 12:44:46";"2023-09-06 12:44:46";"215"
"HAUT PARLEUR ORDINATEUR HT-165";"215221";NULL;NULL;"2023-09-06 12:44:47";"2023-09-06 12:44:47";"215"
"HAUT PARLEUR ORDINATEUR HT-208";"215222";NULL;NULL;"2023-09-06 12:44:47";"2023-09-06 12:44:47";"215"
"HAUT PARLEUR SONY PM";"602017";NULL;NULL;"2023-09-06 14:58:52";"2023-09-06 14:58:52";"602"
"HC_528";"103982";NULL;NULL;"2023-09-06 12:43:49";"2023-09-06 12:43:49";"103"
"HOME CINEMA DK";"605004";NULL;NULL;"2023-09-06 14:58:52";"2023-09-06 14:58:52";"605"
"HOME CINEMA PANASONIC A340";"605002";NULL;NULL;"2023-09-06 14:58:52";"2023-09-06 14:58:52";"605"
"HOME CINEMA PANASONIC SB W545";"605005";NULL;NULL;"2023-09-06 14:58:52";"2023-09-06 14:58:52";"605"
"HOME CINEMA SANYO";"605003";NULL;NULL;"2023-09-06 14:58:52";"2023-09-06 14:58:52";"605"
"HP + AUTO TWEETER 5P CX502";"242122";NULL;NULL;"2023-09-06 12:43:51";"2023-09-06 12:43:51";"242"
"HP + TWEETER AUTO 5P SILTRON LF-502-2";"242002";NULL;NULL;"2023-09-06 12:43:49";"2023-09-06 12:43:49";"242"
"HP + TWEETER SP-DE-220";"242003";NULL;NULL;"2023-09-06 12:43:49";"2023-09-06 12:43:49";"242"
"HP 10P GROS AIMANT/ BOOCHMAN YW-110";"242004";NULL;NULL;"2023-09-06 12:43:49";"2023-09-06 12:43:49";"242"
"HP 10P/LF-S1001";"242005";NULL;NULL;"2023-09-06 12:43:49";"2023-09-06 12:43:49";"242"
"HP 12P PETIT AIMENT";"242006";NULL;NULL;"2023-09-06 12:43:49";"2023-09-06 12:43:49";"242"
"HP 15"" GROS AIMANT";"242127";NULL;NULL;"2023-12-12 03:21:24";"2023-12-12 03:21:24";"242"
"HP 15P 1553 ROYAL LINK";"242007";NULL;NULL;"2023-09-06 12:43:49";"2023-09-06 12:43:49";"242"
"HP 15P CROWN GK 15-60 600W-8R";"242008";NULL;NULL;"2023-09-06 12:43:49";"2023-09-06 12:43:49";"242"
"HP 15P GROS AIMANT IMC 15-180";"242009";NULL;NULL;"2023-09-06 12:43:49";"2023-09-06 12:43:49";"242"
"HP 15P IMC 15-110";"242010";NULL;NULL;"2023-09-06 12:43:49";"2023-09-06 12:43:49";"242"
"HP 15P LF-S1501/ BR- 15156";"242011";NULL;NULL;"2023-09-06 12:43:49";"2023-09-06 12:43:49";"242"
"HP 15P OCEANIC CW 15-200W-8R";"242012";NULL;NULL;"2023-09-06 12:43:49";"2023-09-06 12:43:49";"242"
"HP 15P SEMTONI GK385 1000W-8R";"242013";NULL;NULL;"2023-09-06 12:43:49";"2023-09-06 12:43:49";"242"
"HP 18P 18240/18280/18220";"242014";NULL;NULL;"2023-09-06 12:43:49";"2023-09-06 12:43:49";"242"
"HP 18P A77 418P PROFESSION";"242015";NULL;NULL;"2023-09-06 12:43:49";"2023-09-06 12:43:49";"242"
"HP 2P 6R";"242016";NULL;NULL;"2023-09-06 12:43:49";"2023-09-06 12:43:49";"242"
"HP 2P CT 6R-10W";"242017";NULL;NULL;"2023-09-06 12:43:49";"2023-09-06 12:43:49";"242"
"HP 3 SR+FIXATION";"242028";NULL;NULL;"2023-09-06 12:43:50";"2023-09-06 12:43:50";"242"
"HP 3.4P 6R 10W";"242018";NULL;NULL;"2023-09-06 12:43:49";"2023-09-06 12:43:49";"242"
"HP 3.5P AUTO PAIRE CP-3002 800W-4R";"242019";NULL;NULL;"2023-09-06 12:43:49";"2023-09-06 12:43:49";"242"
"HP 3.5P AUTO TOYOTA";"242020";NULL;NULL;"2023-09-06 12:43:50";"2023-09-06 12:43:50";"242"
"HP 3.5P SP-DE200";"242021";NULL;NULL;"2023-09-06 12:43:50";"2023-09-06 12:43:50";"242"
"HP 3P AIMANT COUVERT CARRE";"242022";NULL;NULL;"2023-09-06 12:43:50";"2023-09-06 12:43:50";"242"
"HP 3P DOUBLE AIMANT";"242124";NULL;NULL;"2023-12-12 03:21:23";"2023-12-12 03:21:23";"242"
"HP 3P DOUBLE AIMENT";"242024";NULL;NULL;"2023-09-06 12:43:50";"2023-09-06 12:43:50";"242"
"HP 3P PETIT AIMANT";"242123";NULL;NULL;"2023-12-12 03:21:23";"2023-12-12 03:21:23";"242"
"HP 3P PETIT AIMENT";"242023";NULL;NULL;"2023-09-06 12:43:50";"2023-09-06 12:43:50";"242"
"HP 3P SANS COUVERT";"242025";NULL;NULL;"2023-09-06 12:43:50";"2023-09-06 12:43:50";"242"
"HP 3P SANS FIXATION";"242026";NULL;NULL;"2023-09-06 12:43:50";"2023-09-06 12:43:50";"242"
"HP 3P SQ0325";"242027";NULL;NULL;"2023-09-06 12:43:50";"2023-09-06 12:43:50";"242"
"HP 4.5P TD 120-1B";"242029";NULL;NULL;"2023-09-06 12:43:50";"2023-09-06 12:43:50";"242"
"HP 4P + FIXATION";"242032";NULL;NULL;"2023-09-06 12:43:50";"2023-09-06 12:43:50";"242"
"HP 4P + TWEETER + COUVEERT SP-DE-240 DELED";"242044";NULL;NULL;"2023-09-06 12:43:50";"2023-09-06 12:43:50";"242"
"HP 4P 4R 8W-15W";"242033";NULL;NULL;"2023-09-06 12:43:50";"2023-09-06 12:43:50";"242"
"HP 4P 81 30W C2976B";"242034";NULL;NULL;"2023-09-06 12:43:50";"2023-09-06 12:43:50";"242"
"HP 4P BALI-Y 4015";"242030";NULL;NULL;"2023-09-06 12:43:50";"2023-09-06 12:43:50";"242"
"HP 4P C2976B";"242035";NULL;NULL;"2023-09-06 12:43:50";"2023-09-06 12:43:50";"242"
"HP 4P CARRE 6R 20W AIMENT COUVERT";"242036";NULL;NULL;"2023-09-06 12:43:50";"2023-09-06 12:43:50";"242"
"HP 4P DUAL";"242031";NULL;NULL;"2023-09-06 12:43:50";"2023-09-06 12:43:50";"242"
"HP 4P MOY AIMANT NOIR";"242037";NULL;NULL;"2023-09-06 12:43:50";"2023-09-06 12:43:50";"242"
"HP 4P PIONER";"242038";NULL;NULL;"2023-09-06 12:43:50";"2023-09-06 12:43:50";"242"
"HP 4P SANS KTERISTIK GROS AIMENT";"242039";NULL;NULL;"2023-09-06 12:43:50";"2023-09-06 12:43:50";"242"
"HP 4P SANS KTERISTIK PETIT AIMANT";"242040";NULL;NULL;"2023-09-06 12:43:50";"2023-09-06 12:43:50";"242"
"HP 4P SEMTONI 30W-4R";"242041";NULL;NULL;"2023-09-06 12:43:50";"2023-09-06 12:43:50";"242"
"HP 4P SHARP AW-403";"242042";NULL;NULL;"2023-09-06 12:43:50";"2023-09-06 12:43:50";"242"
"HP 4P SILTRON PS1310 50W-4R";"242043";NULL;NULL;"2023-09-06 12:43:50";"2023-09-06 12:43:50";"242"
"HP 5.5P 2236 MALAYSIA";"242045";NULL;NULL;"2023-09-06 12:43:50";"2023-09-06 12:43:50";"242"
"HP 5.5P AIMANT COUVERT";"242125";NULL;NULL;"2023-12-12 03:21:23";"2023-12-12 03:21:23";"242"
"HP 5.5P AIMENT COUVERT";"242046";NULL;NULL;"2023-09-06 12:43:50";"2023-09-06 12:43:50";"242"
"HP 5.5P DOUBLE AIMANT DY 30W-4R";"242047";NULL;NULL;"2023-09-06 12:43:50";"2023-09-06 12:43:50";"242"
"HP 5.5P GK00901 20W 8R";"242048";NULL;NULL;"2023-09-06 12:43:50";"2023-09-06 12:43:50";"242"
"HP 5P KINGWOOD KW-501";"242049";NULL;NULL;"2023-09-06 12:43:50";"2023-09-06 12:43:50";"242"
"HP 5P SEMTONY CX-501";"242050";NULL;NULL;"2023-09-06 12:43:50";"2023-09-06 12:43:50";"242"
"HP 6.5P DOUBLE AIMENT OBA BEST";"242051";NULL;NULL;"2023-09-06 12:43:50";"2023-09-06 12:43:50";"242"
"HP 6.5P KW 1611";"242052";NULL;NULL;"2023-09-06 12:43:50";"2023-09-06 12:43:50";"242"
"HP 6.5P PETIT AIMENT";"242053";NULL;NULL;"2023-09-06 12:43:50";"2023-09-06 12:43:50";"242"
"HP 6P LF0666B";"242054";NULL;NULL;"2023-09-06 12:43:50";"2023-09-06 12:43:50";"242"
"HP 6P RADIO CONION";"242055";NULL;NULL;"2023-09-06 12:43:50";"2023-09-06 12:43:50";"242"
"HP 6P SPER BLASTER MS6-200P";"242056";NULL;NULL;"2023-09-06 12:43:50";"2023-09-06 12:43:50";"242"
"HP 8P";"242057";NULL;NULL;"2023-09-06 12:43:50";"2023-09-06 12:43:50";"242"
"HP 8P WOOFER GK-8 SEMTONI";"242058";NULL;NULL;"2023-09-06 12:43:50";"2023-09-06 12:43:50";"242"
"HP AUTO 6.5P";"242059";NULL;NULL;"2023-09-06 12:43:50";"2023-09-06 12:43:50";"242"
"HP AUTO 9P X 6P";"242060";NULL;NULL;"2023-09-06 12:43:50";"2023-09-06 12:43:50";"242"
"HP AUTO SILTRON LF 4400 650W";"242061";NULL;NULL;"2023-09-06 12:43:50";"2023-09-06 12:43:50";"242"
"HP BLUETOOTH MINI";"242126";NULL;NULL;"2023-12-12 03:21:23";"2023-12-12 03:21:23";"242"
"HP CD 4.5P COUVERT CARRE";"242063";NULL;NULL;"2023-09-06 12:43:50";"2023-09-06 12:43:50";"242"
"HP CD 4P DOUBLE  AIMANT CARRE";"242064";NULL;NULL;"2023-09-06 12:43:50";"2023-09-06 12:43:50";"242"
"HP CD 4P ROND";"242065";NULL;NULL;"2023-09-06 12:43:50";"2023-09-06 12:43:50";"242"
"HP CD 5P COUVERT CARRE";"242066";NULL;NULL;"2023-09-06 12:43:50";"2023-09-06 12:43:50";"242"
"HP CD 6.5P AWAL";"242067";NULL;NULL;"2023-09-06 12:43:50";"2023-09-06 12:43:50";"242"
"HP CD 6P SONY";"242068";NULL;NULL;"2023-09-06 12:43:50";"2023-09-06 12:43:50";"242"
"HP DIGITAL 6 POUCES DA706";"242069";NULL;NULL;"2023-09-06 12:43:50";"2023-09-06 12:43:50";"242"
"HP ENCASTRE PLAF ALTRONIX 4W-8R";"242070";NULL;NULL;"2023-09-06 12:43:50";"2023-09-06 12:43:50";"242"
"HP G-12 100";"242071";NULL;NULL;"2023-09-06 12:43:50";"2023-09-06 12:43:50";"242"
"HP G-12 200";"242072";NULL;NULL;"2023-09-06 12:43:50";"2023-09-06 12:43:50";"242"
"HP G-12 80";"242073";NULL;NULL;"2023-09-06 12:43:50";"2023-09-06 12:43:50";"242"
"HP G-15 GROS AIMANT";"242074";NULL;NULL;"2023-09-06 12:43:50";"2023-09-06 12:43:50";"242"
"HP LAP 1.5P";"242075";NULL;NULL;"2023-09-06 12:43:50";"2023-09-06 12:43:50";"242"
"HP LAP 1.8P";"242076";NULL;NULL;"2023-09-06 12:43:50";"2023-09-06 12:43:50";"242"
"HP LAPTOP 1.5P";"242128";NULL;NULL;"2023-12-12 03:21:24";"2023-12-12 03:21:24";"242"
"HP LAPTOP 1.8P";"242129";NULL;NULL;"2023-12-12 03:21:24";"2023-12-12 03:21:24";"242"
"HP LCD SONY 50P 16.5 X 7 CM";"242077";NULL;NULL;"2023-09-06 12:43:50";"2023-09-06 12:43:50";"242"
"HP MEDIUM 2P";"242080";NULL;NULL;"2023-09-06 12:43:51";"2023-09-06 12:43:51";"242"
"HP MEDIUM 2P SIMPLE DE-195";"242079";NULL;NULL;"2023-09-06 12:43:51";"2023-09-06 12:43:51";"242"
"HP MEDIUM DOUBLE AIMANT 2.5P ";"242130";NULL;NULL;"2023-12-12 03:21:24";"2023-12-12 03:21:24";"242"
"HP MEDIUM DOUBLE AIMANT 2.5P DE-700";"242078";NULL;NULL;"2023-09-06 12:43:50";"2023-09-06 12:43:50";"242"
"HP ORDINATEUR D7";"215320";NULL;NULL;"2023-12-12 03:21:43";"2023-12-12 03:21:43";"215"
"HP ORDINATEUR HN-88";"215321";NULL;NULL;"2023-12-12 03:21:43";"2023-12-12 03:21:43";"215"
"HP ORDINATEUR HT-165";"215322";NULL;NULL;"2023-12-12 03:21:43";"2023-12-12 03:21:43";"215"
"HP ORDINATEUR HT-208";"215323";NULL;NULL;"2023-12-12 03:21:43";"2023-12-12 03:21:43";"215"
"HP PLAFOND 6P JAAN ALTRONIX SP-AT6615";"242001";NULL;NULL;"2023-09-06 12:43:49";"2023-09-06 12:43:49";"242"
"HP SKY MASTER";"242081";NULL;NULL;"2023-09-06 12:43:51";"2023-09-06 12:43:51";"242"
"HP TROMPETTE AHUJA P110";"242082";NULL;NULL;"2023-09-06 12:43:51";"2023-09-06 12:43:51";"242"
"HP TROMPETTE AHUJA SUH 25";"242083";NULL;NULL;"2023-09-06 12:43:51";"2023-09-06 12:43:51";"242"
"HP TV 10CM X 3CM 5W 8R";"242085";NULL;NULL;"2023-09-06 12:43:51";"2023-09-06 12:43:51";"242"
"HP TV 10CM X 3CM 8R 10W";"242086";NULL;NULL;"2023-09-06 12:43:51";"2023-09-06 12:43:51";"242"
"HP TV 10CM X 5CM";"242087";NULL;NULL;"2023-09-06 12:43:51";"2023-09-06 12:43:51";"242"
"HP TV 11.5CM X 2CM";"242088";NULL;NULL;"2023-09-06 12:43:51";"2023-09-06 12:43:51";"242"
"HP TV 11CM X 3CM";"242089";NULL;NULL;"2023-09-06 12:43:51";"2023-09-06 12:43:51";"242"
"HP TV 11CM X 4CM";"242090";NULL;NULL;"2023-09-06 12:43:51";"2023-09-06 12:43:51";"242"
"HP TV 11CM X 5CM 8R 10W";"242091";NULL;NULL;"2023-09-06 12:43:51";"2023-09-06 12:43:51";"242"
"HP TV 12.5CM X 5.5CM";"242092";NULL;NULL;"2023-09-06 12:43:51";"2023-09-06 12:43:51";"242"
"HP TV 12.5CM X 5.8CM 16R 10W";"242093";NULL;NULL;"2023-09-06 12:43:51";"2023-09-06 12:43:51";"242"
"HP TV 12.5CM X 6CM 8R 3W";"242094";NULL;NULL;"2023-09-06 12:43:51";"2023-09-06 12:43:51";"242"
"HP TV 12CM X 4CM";"242095";NULL;NULL;"2023-09-06 12:43:51";"2023-09-06 12:43:51";"242"
"HP TV 12CM X 5CM 8R 5W";"242096";NULL;NULL;"2023-09-06 12:43:51";"2023-09-06 12:43:51";"242"
"HP TV 13CM X 3CM";"242097";NULL;NULL;"2023-09-06 12:43:51";"2023-09-06 12:43:51";"242"
"HP TV 13CM X 4.5CM 8R 10W";"242098";NULL;NULL;"2023-09-06 12:43:51";"2023-09-06 12:43:51";"242"
"HP TV 13CM X 5CM";"242099";NULL;NULL;"2023-09-06 12:43:51";"2023-09-06 12:43:51";"242"
"HP TV 13CM X 6CM";"242101";NULL;NULL;"2023-09-06 12:43:51";"2023-09-06 12:43:51";"242"
"HP TV 15CM X 3CM 8R 10W";"242100";NULL;NULL;"2023-09-06 12:43:51";"2023-09-06 12:43:51";"242"
"HP TV 15CM X 4CM 8R 10W";"242102";NULL;NULL;"2023-09-06 12:43:51";"2023-09-06 12:43:51";"242"
"HP TV 15CM X 9CM  8R 100W";"242103";NULL;NULL;"2023-09-06 12:43:51";"2023-09-06 12:43:51";"242"
"HP TV 16CM X 5.8CM 8R 15W";"242104";NULL;NULL;"2023-09-06 12:43:51";"2023-09-06 12:43:51";"242"
"HP TV 17CM X 4CM";"242105";NULL;NULL;"2023-09-06 12:43:51";"2023-09-06 12:43:51";"242"
"HP TV 2.5P EN ALU";"242106";NULL;NULL;"2023-09-06 12:43:51";"2023-09-06 12:43:51";"242"
"HP TV 20CM X 3CM";"242107";NULL;NULL;"2023-09-06 12:43:51";"2023-09-06 12:43:51";"242"
"HP TV 21CM X 14 CM";"242108";NULL;NULL;"2023-09-06 12:43:51";"2023-09-06 12:43:51";"242"
"HP TV 3P A-78-70 8R 5W";"242109";NULL;NULL;"2023-09-06 12:43:51";"2023-09-06 12:43:51";"242"
"HP TV 3P DOUBLE AIMANT";"242110";NULL;NULL;"2023-09-06 12:43:51";"2023-09-06 12:43:51";"242"
"HP TV 3P GROS AIMENT DYNAMIC 4R 12W";"242111";NULL;NULL;"2023-09-06 12:43:51";"2023-09-06 12:43:51";"242"
"HP TV 4X7CM AIMANT COUVERT";"242084";NULL;NULL;"2023-09-06 12:43:51";"2023-09-06 12:43:51";"242"
"HP TV 5.8CM X 2CM";"242112";NULL;NULL;"2023-09-06 12:43:51";"2023-09-06 12:43:51";"242"
"HP TV 7CM X 4CM";"242114";NULL;NULL;"2023-09-06 12:43:51";"2023-09-06 12:43:51";"242"
"HP TV 7CM X 5CM";"242113";NULL;NULL;"2023-09-06 12:43:51";"2023-09-06 12:43:51";"242"
"HP TV 8CM X 2.5CM";"242115";NULL;NULL;"2023-09-06 12:43:51";"2023-09-06 12:43:51";"242"
"HP TV 8CM X 3.5CM";"242116";NULL;NULL;"2023-09-06 12:43:51";"2023-09-06 12:43:51";"242"
"HP TV 8CM X 5CM";"242117";NULL;NULL;"2023-09-06 12:43:51";"2023-09-06 12:43:51";"242"
"HP TV 9CM X 5CM 8R 5W";"242118";NULL;NULL;"2023-09-06 12:43:51";"2023-09-06 12:43:51";"242"
"HP TV LCD 13.5CM X 4CM";"242119";NULL;NULL;"2023-09-06 12:43:51";"2023-09-06 12:43:51";"242"
"HP TV LCD 9CM X 5CM 8R 5W";"242120";NULL;NULL;"2023-09-06 12:43:51";"2023-09-06 12:43:51";"242"
"HP TV OVALE";"242121";NULL;NULL;"2023-09-06 12:43:51";"2023-09-06 12:43:51";"242"
"ICE 1Q301";"102164";NULL;NULL;"2023-09-06 12:43:51";"2023-09-06 12:43:51";"102"
"ICE 1Q501";"102165";NULL;NULL;"2023-09-06 12:43:51";"2023-09-06 12:43:51";"102"
"ICE 1Q502";"102166";NULL;NULL;"2023-09-06 12:43:51";"2023-09-06 12:43:51";"102"
"ICE 2A501";"102167";NULL;NULL;"2023-09-06 12:43:51";"2023-09-06 12:43:51";"102"
"ICE 2Q503";"102168";NULL;NULL;"2023-09-06 12:43:51";"2023-09-06 12:43:51";"102"
"ICE 2QS01";"101020";NULL;NULL;"2023-09-06 12:37:12";"2023-09-06 12:37:12";"101"
"ICE 2QS03";"101021";NULL;NULL;"2023-09-06 12:37:12";"2023-09-06 12:37:12";"101"
"ICE 3BR0565";"102169";NULL;NULL;"2023-09-06 12:43:51";"2023-09-06 12:43:51";"102"
"ICE 3BR1765";"102170";NULL;NULL;"2023-09-06 12:43:51";"2023-09-06 12:43:51";"102"
"ICE 3BR4763";"102171";NULL;NULL;"2023-09-06 12:43:51";"2023-09-06 12:43:51";"102"
"INT  ON/OFF TRIPLE ALUMAGE 9PAT";"243043";NULL;NULL;"2023-09-06 12:43:52";"2023-09-06 12:43:52";"243"
"INT ON/OFF 3PAT 3 POS PM";"243005";NULL;NULL;"2023-09-06 12:43:52";"2023-09-06 12:43:52";"243"
"INT ON/OFF 4PAT NOIR PM";"243004";NULL;NULL;"2023-09-06 12:43:51";"2023-09-06 12:43:51";"243"
"INT ON/OFF 6PAT 3POS GM";"243003";NULL;NULL;"2023-09-06 12:43:51";"2023-09-06 12:43:51";"243"
"INT ON/OFF LEVIE 2PAT 2POS MOY";"243006";NULL;NULL;"2023-09-06 12:43:52";"2023-09-06 12:43:52";"243"
"INT ON/OFF LEVIE 3PAT 2POS GM";"243007";NULL;NULL;"2023-09-06 12:43:52";"2023-09-06 12:43:52";"243"
"INT ON/OFF LEVIE 3PAT 2POS VERT PM";"243008";NULL;NULL;"2023-09-06 12:43:52";"2023-09-06 12:43:52";"243"
"INT ON/OFF LEVIE 4P";"243024";NULL;NULL;"2023-09-06 12:43:52";"2023-09-06 12:43:52";"243"
"INT ON/OFF LEVIE 4PAT 2POS PM";"243025";NULL;NULL;"2023-09-06 12:43:52";"2023-09-06 12:43:52";"243"
"INT ON/OFF LEVIE 6PAT 2POS 15A GM";"243009";NULL;NULL;"2023-09-06 12:43:52";"2023-09-06 12:43:52";"243"
"INT ON/OFF LEVIE 6PAT 2POS PM";"243010";NULL;NULL;"2023-09-06 12:43:52";"2023-09-06 12:43:52";"243"
"INT ON/OFF LEVIE 6PAT 3POS GM";"243011";NULL;NULL;"2023-09-06 12:43:52";"2023-09-06 12:43:52";"243"
"INT ON/OFF LEVIER 2PAT 2POS MOY";"243051";NULL;NULL;"2023-12-12 03:21:24";"2023-12-12 03:21:24";"243"
"INT ON/OFF LEVIER 3PAT 2POS GM";"243052";NULL;NULL;"2023-12-12 03:21:24";"2023-12-12 03:21:24";"243"
"INT ON/OFF LEVIER 3PAT 2POS VERT PM";"243053";NULL;NULL;"2023-12-12 03:21:24";"2023-12-12 03:21:24";"243"
"INT ON/OFF LEVIER 4P";"243057";NULL;NULL;"2023-12-12 03:21:24";"2023-12-12 03:21:24";"243"
"INT ON/OFF LEVIER 4PAT 2POS PM";"243058";NULL;NULL;"2023-12-12 03:21:24";"2023-12-12 03:21:24";"243"
"INT ON/OFF LEVIER 6PAT 2POS 15A GM";"243054";NULL;NULL;"2023-12-12 03:21:24";"2023-12-12 03:21:24";"243"
"INT ON/OFF LEVIER 6PAT 2POS PM";"243055";NULL;NULL;"2023-12-12 03:21:24";"2023-12-12 03:21:24";"243"
"INT ON/OFF LEVIER 6PAT 3POS GM";"243056";NULL;NULL;"2023-12-12 03:21:24";"2023-12-12 03:21:24";"243"
"INT ON/OFF LUM 3 TETE 9 PATTES";"243026";NULL;NULL;"2023-09-06 12:43:52";"2023-09-06 12:43:52";"243"
"INT ON/OFF LUM 3PAT 2POS MOY";"243014";NULL;NULL;"2023-09-06 12:43:52";"2023-09-06 12:43:52";"243"
"INT ON/OFF LUM 4PAT 2POS GM";"243015";NULL;NULL;"2023-09-06 12:43:52";"2023-09-06 12:43:52";"243"
"INT ON/OFF LUM 4PAT PM";"243027";NULL;NULL;"2023-09-06 12:43:52";"2023-09-06 12:43:52";"243"
"INT ON/OFF LUM 6PAT 2POS GM";"243013";NULL;NULL;"2023-09-06 12:43:52";"2023-09-06 12:43:52";"243"
"INT ON/OFF LUM PM";"243012";NULL;NULL;"2023-09-06 12:43:52";"2023-09-06 12:43:52";"243"
"INT ON/OFF LUM POMP EAU 2 POS GM";"243002";NULL;NULL;"2023-09-06 12:43:51";"2023-09-06 12:43:51";"243"
"INT ON/OFF LUM ROND 3PAT 2POS MOY";"243016";NULL;NULL;"2023-09-06 12:43:52";"2023-09-06 12:43:52";"243"
"INT ON/OFF NOIR 2PAT 2POS MINIATURE";"243017";NULL;NULL;"2023-09-06 12:43:52";"2023-09-06 12:43:52";"243"
"INT ON/OFF NOIR 2PAT PM";"243020";NULL;NULL;"2023-09-06 12:43:52";"2023-09-06 12:43:52";"243"
"INT ON/OFF NOIR 3PAT";"243022";NULL;NULL;"2023-09-06 12:43:52";"2023-09-06 12:43:52";"243"
"INT ON/OFF NOIR 3PAT PM";"243023";NULL;NULL;"2023-09-06 12:43:52";"2023-09-06 12:43:52";"243"
"INT ON/OFF NOIR 4PAT 2POS MOY";"243018";NULL;NULL;"2023-09-06 12:43:52";"2023-09-06 12:43:52";"243"
"INT ON/OFF NOIR 6PAT 2POS";"243019";NULL;NULL;"2023-09-06 12:43:52";"2023-09-06 12:43:52";"243"
"INT ON/OFF ROUGE 3PAT 2POS";"243021";NULL;NULL;"2023-09-06 12:43:52";"2023-09-06 12:43:52";"243"
"INT POUS 3PAT TIGE COURT";"243030";NULL;NULL;"2023-09-06 12:43:52";"2023-09-06 12:43:52";"243"
"INT POUS 3PAT TIGE LONG";"243032";NULL;NULL;"2023-09-06 12:43:52";"2023-09-06 12:43:52";"243"
"INT POUS 4PAT GM 16A/ 125-250V";"243039";NULL;NULL;"2023-09-06 12:43:52";"2023-09-06 12:43:52";"243"
"INT POUS 4PAT TIGE COURT";"243031";NULL;NULL;"2023-09-06 12:43:52";"2023-09-06 12:43:52";"243"
"INT POUS 4PAT TIGE LONG";"243033";NULL;NULL;"2023-09-06 12:43:52";"2023-09-06 12:43:52";"243"
"INT POUS 4PAT TIGE MOY";"243034";NULL;NULL;"2023-09-06 12:43:52";"2023-09-06 12:43:52";"243"
"INT POUS 6PAT 2POS";"243041";NULL;NULL;"2023-09-06 12:43:52";"2023-09-06 12:43:52";"243"
"INT POUS 6PAT 3POS";"243042";NULL;NULL;"2023-09-06 12:43:52";"2023-09-06 12:43:52";"243"
"INT POUS 6PAT PM";"243035";NULL;NULL;"2023-09-06 12:43:52";"2023-09-06 12:43:52";"243"
"INT POUS BLANC/ BLEU 6PAT PM";"243036";NULL;NULL;"2023-09-06 12:43:52";"2023-09-06 12:43:52";"243"
"INT POUS BLANC/BLEU 6PAT GM";"243037";NULL;NULL;"2023-09-06 12:43:52";"2023-09-06 12:43:52";"243"
"INT POUS COULEUR 2PAT + ECROU";"243038";NULL;NULL;"2023-09-06 12:43:52";"2023-09-06 12:43:52";"243"
"INT POUS LONG 3.58CM 2PAT";"243040";NULL;NULL;"2023-09-06 12:43:52";"2023-09-06 12:43:52";"243"
"INT POUS TV 12PAT";"243059";NULL;NULL;"2023-12-12 03:21:24";"2023-12-12 03:21:24";"243"
"INT POUS TV 6PAT";"243060";NULL;NULL;"2023-12-12 03:21:24";"2023-12-12 03:21:24";"243"
"INT POUS XTOR 12PAT";"243028";NULL;NULL;"2023-09-06 12:43:52";"2023-09-06 12:43:52";"243"
"INT POUS XTOR 6PAT";"243029";NULL;NULL;"2023-09-06 12:43:52";"2023-09-06 12:43:52";"243"
"INT TV + STAND-BY 6PAT";"243050";NULL;NULL;"2023-09-06 12:43:52";"2023-09-06 12:43:52";"243"
"INT TV 4 PAT + SOCLE FIXATION";"243045";NULL;NULL;"2023-09-06 12:43:52";"2023-09-06 12:43:52";"243"
"INT TV 4 PAT BLEU";"243044";NULL;NULL;"2023-09-06 12:43:52";"2023-09-06 12:43:52";"243"
"INT TV 4 PAT NOIR";"243046";NULL;NULL;"2023-09-06 12:43:52";"2023-09-06 12:43:52";"243"
"INT TV 6 PAT STAND BY";"243047";NULL;NULL;"2023-09-06 12:43:52";"2023-09-06 12:43:52";"243"
"INT TV CARTE CHINOIS";"243001";NULL;NULL;"2023-09-06 12:43:51";"2023-09-06 12:43:51";"243"
"INT TV LG NOIR 2PAT";"243048";NULL;NULL;"2023-09-06 12:43:52";"2023-09-06 12:43:52";"243"
"INT TV SANS STAND-BY 4PAT";"243049";NULL;NULL;"2023-09-06 12:43:52";"2023-09-06 12:43:52";"243"
"INTER LEVIER 3 PAT 2 POSITION";"215338";NULL;NULL;"2023-12-12 03:21:43";"2023-12-12 03:21:43";"215"
"INTERPHONE AUDIO 1 POSTE";"215059";NULL;NULL;"2023-09-06 12:43:52";"2023-09-06 12:43:52";"215"
"INTERUPETEUR A LEVIER 3 PATTES 2 POSITION";"215255";NULL;NULL;"2023-09-06 12:44:47";"2023-09-06 12:44:47";"215"
"INTERUPTEUR VV APP 1020";"215343";NULL;NULL;"2023-12-12 03:21:43";"2023-12-12 03:21:43";"215"
"INTERUPTEUR VV APP 2020";"215344";NULL;NULL;"2023-12-12 03:21:43";"2023-12-12 03:21:43";"215"
"INTERUPTEUR VV APPARENT 1020";"215265";NULL;NULL;"2023-09-06 12:44:47";"2023-09-06 12:44:47";"215"
"INTERUPTEUR VV APPARENT 2020";"215266";NULL;NULL;"2023-09-06 12:44:47";"2023-09-06 12:44:47";"215"
"INVERSEUR MECANIQUE 100A";"215243";NULL;NULL;"2023-09-06 12:44:47";"2023-09-06 12:44:47";"215"
"INVERSEUR MECANIQUE 63A";"215244";NULL;NULL;"2023-09-06 12:44:47";"2023-09-06 12:44:47";"215"
"IR 2109";"103985";NULL;NULL;"2023-09-06 12:43:53";"2023-09-06 12:43:53";"103"
"IR 2110";"103986";NULL;NULL;"2023-09-06 12:43:53";"2023-09-06 12:43:53";"103"
"IR 2112";"103987";NULL;NULL;"2023-09-06 12:43:53";"2023-09-06 12:43:53";"103"
"IR 2120";"103988";NULL;NULL;"2023-09-06 12:43:54";"2023-09-06 12:43:54";"103"
"IR 2153";"103989";NULL;NULL;"2023-09-06 12:43:54";"2023-09-06 12:43:54";"103"
"IRF 1010";"101101";NULL;NULL;"2023-09-06 12:43:52";"2023-09-06 12:43:52";"101"
"IRF 1237";"101102";NULL;NULL;"2023-09-06 12:43:52";"2023-09-06 12:43:52";"101"
"IRF 1404";"101103";NULL;NULL;"2023-09-06 12:43:52";"2023-09-06 12:43:52";"101"
"IRF 150N";"101104";NULL;NULL;"2023-09-06 12:43:52";"2023-09-06 12:43:52";"101"
"IRF 230";"101105";NULL;NULL;"2023-09-06 12:43:52";"2023-09-06 12:43:52";"101"
"IRF 240";"101106";NULL;NULL;"2023-09-06 12:43:52";"2023-09-06 12:43:52";"101"
"IRF 246";"101107";NULL;NULL;"2023-09-06 12:43:52";"2023-09-06 12:43:52";"101"
"IRF 248";"101108";NULL;NULL;"2023-09-06 12:43:53";"2023-09-06 12:43:53";"101"
"IRF 250";"101109";NULL;NULL;"2023-09-06 12:43:53";"2023-09-06 12:43:53";"101"
"IRF 260 ORG";"101110";NULL;NULL;"2023-09-06 12:43:53";"2023-09-06 12:43:53";"101"
"IRF 260N";"101111";NULL;NULL;"2023-09-06 12:43:53";"2023-09-06 12:43:53";"101"
"IRF 3205";"101112";NULL;NULL;"2023-09-06 12:43:53";"2023-09-06 12:43:53";"101"
"IRF 3205 ORG";"101113";NULL;NULL;"2023-09-06 12:43:53";"2023-09-06 12:43:53";"101"
"IRF 3207";"101114";NULL;NULL;"2023-09-06 12:43:53";"2023-09-06 12:43:53";"101"
"IRF 3210";"101115";NULL;NULL;"2023-09-06 12:43:53";"2023-09-06 12:43:53";"101"
"IRF 34";"101116";NULL;NULL;"2023-09-06 12:43:53";"2023-09-06 12:43:53";"101"
"IRF 3710";"101117";NULL;NULL;"2023-09-06 12:43:53";"2023-09-06 12:43:53";"101"
"IRF 4110 OCAS";"101118";NULL;NULL;"2023-09-06 12:43:53";"2023-09-06 12:43:53";"101"
"IRF 4110 ORG";"101119";NULL;NULL;"2023-09-06 12:43:53";"2023-09-06 12:43:53";"101"
"IRF 440";"101120";NULL;NULL;"2023-09-06 12:43:53";"2023-09-06 12:43:53";"101"
"IRF 450";"101121";NULL;NULL;"2023-09-06 12:43:53";"2023-09-06 12:43:53";"101"
"IRF 460";"101122";NULL;NULL;"2023-09-06 12:43:53";"2023-09-06 12:43:53";"101"
"IRF 46N";"101123";NULL;NULL;"2023-09-06 12:43:53";"2023-09-06 12:43:53";"101"
"IRF 5210";"101124";NULL;NULL;"2023-09-06 12:43:53";"2023-09-06 12:43:53";"101"
"IRF 530";"101125";NULL;NULL;"2023-09-06 12:43:53";"2023-09-06 12:43:53";"101"
"IRF 540";"101126";NULL;NULL;"2023-09-06 12:43:53";"2023-09-06 12:43:53";"101"
"IRF 630";"101127";NULL;NULL;"2023-09-06 12:43:53";"2023-09-06 12:43:53";"101"
"IRF 640";"101128";NULL;NULL;"2023-09-06 12:43:53";"2023-09-06 12:43:53";"101"
"IRF 730";"101129";NULL;NULL;"2023-09-06 12:43:53";"2023-09-06 12:43:53";"101"
"IRF 740";"101130";NULL;NULL;"2023-09-06 12:43:53";"2023-09-06 12:43:53";"101"
"IRF 822";"101131";NULL;NULL;"2023-09-06 12:43:53";"2023-09-06 12:43:53";"101"
"IRF 830";"101132";NULL;NULL;"2023-09-06 12:43:53";"2023-09-06 12:43:53";"101"
"IRF 832";"101133";NULL;NULL;"2023-09-06 12:43:53";"2023-09-06 12:43:53";"101"
"IRF 840";"101134";NULL;NULL;"2023-09-06 12:43:53";"2023-09-06 12:43:53";"101"
"IRF 850";"101135";NULL;NULL;"2023-09-06 12:43:53";"2023-09-06 12:43:53";"101"
"IRF 9240 ORG";"101136";NULL;NULL;"2023-09-06 12:43:53";"2023-09-06 12:43:53";"101"
"IRF 9530";"101137";NULL;NULL;"2023-09-06 12:43:53";"2023-09-06 12:43:53";"101"
"IRF 9540";"101138";NULL;NULL;"2023-09-06 12:43:53";"2023-09-06 12:43:53";"101"
"IRF BC30";"101139";NULL;NULL;"2023-09-06 12:43:53";"2023-09-06 12:43:53";"101"
"IRF BC40";"101140";NULL;NULL;"2023-09-06 12:43:53";"2023-09-06 12:43:53";"101"
"IRF P250";"101141";NULL;NULL;"2023-09-06 12:43:53";"2023-09-06 12:43:53";"101"
"IRF P260";"101142";NULL;NULL;"2023-09-06 12:43:53";"2023-09-06 12:43:53";"101"
"IRF P3205";"101143";NULL;NULL;"2023-09-06 12:43:53";"2023-09-06 12:43:53";"101"
"IRF P460";"101144";NULL;NULL;"2023-09-06 12:43:53";"2023-09-06 12:43:53";"101"
"IRF P822";"101145";NULL;NULL;"2023-09-06 12:43:53";"2023-09-06 12:43:53";"101"
"IRF P830";"101146";NULL;NULL;"2023-09-06 12:43:53";"2023-09-06 12:43:53";"101"
"IRF P850";"101147";NULL;NULL;"2023-09-06 12:43:53";"2023-09-06 12:43:53";"101"
"IRF P9240";"101148";NULL;NULL;"2023-09-06 12:43:53";"2023-09-06 12:43:53";"101"
"IRF Z34N";"101149";NULL;NULL;"2023-09-06 12:43:53";"2023-09-06 12:43:53";"101"
"IRF Z44 ORG";"101150";NULL;NULL;"2023-09-06 12:43:53";"2023-09-06 12:43:53";"101"
"IRF Z44N";"101151";NULL;NULL;"2023-09-06 12:43:53";"2023-09-06 12:43:53";"101"
"IRF Z46 PM";"101152";NULL;NULL;"2023-09-06 12:43:53";"2023-09-06 12:43:53";"101"
"IRF Z46N";"101153";NULL;NULL;"2023-09-06 12:43:53";"2023-09-06 12:43:53";"101"
"IRF Z48N";"101154";NULL;NULL;"2023-09-06 12:43:53";"2023-09-06 12:43:53";"101"
"IRF Z740";"101155";NULL;NULL;"2023-09-06 12:43:53";"2023-09-06 12:43:53";"101"
"IRFP 1407";"101098";NULL;NULL;"2023-09-06 12:43:52";"2023-09-06 12:43:52";"101"
"IRFP 150";"101099";NULL;NULL;"2023-09-06 12:43:52";"2023-09-06 12:43:52";"101"
"IRFP 4066";"101159";NULL;NULL;"2023-09-06 12:43:53";"2023-09-06 12:43:53";"101"
"IRFP 9140";"101100";NULL;NULL;"2023-09-06 12:43:52";"2023-09-06 12:43:52";"101"
"IRG 4086";"101157";NULL;NULL;"2023-09-06 12:43:53";"2023-09-06 12:43:53";"101"
"IRG 4PC 40W";"101156";NULL;NULL;"2023-09-06 12:43:53";"2023-09-06 12:43:53";"101"
"IRG 71C";"101160";NULL;NULL;"2023-09-06 12:43:53";"2023-09-06 12:43:53";"101"
"IRGP 4063";"101158";NULL;NULL;"2023-09-06 12:43:53";"2023-09-06 12:43:53";"101"
"ISOLANT A 1943";"124001";NULL;NULL;"2023-09-06 12:43:54";"2023-09-06 12:43:54";"124"
"ISOLANT A 940";"124008";NULL;NULL;"2023-09-06 12:43:54";"2023-09-06 12:43:54";"124"
"ISOLANT BU 508 A";"124002";NULL;NULL;"2023-09-06 12:43:54";"2023-09-06 12:43:54";"124"
"ISOLANT BU EN PLASITIQ";"124003";NULL;NULL;"2023-09-06 12:43:54";"2023-09-06 12:43:54";"124"
"ISOLANT DE VIS";"124004";NULL;NULL;"2023-09-06 12:43:54";"2023-09-06 12:43:54";"124"
"ISOLANT OVALE";"124005";NULL;NULL;"2023-09-06 12:43:54";"2023-09-06 12:43:54";"124"
"ISOLANT STR 50103";"124006";NULL;NULL;"2023-09-06 12:43:54";"2023-09-06 12:43:54";"124"
"ISOLANT STR 5412";"124007";NULL;NULL;"2023-09-06 12:43:54";"2023-09-06 12:43:54";"124"
"J 161";"103990";NULL;NULL;"2023-09-06 12:43:54";"2023-09-06 12:43:54";"103"
"J 162";"103991";NULL;NULL;"2023-09-06 12:43:54";"2023-09-06 12:43:54";"103"
"J 6820 GM";"103992";NULL;NULL;"2023-09-06 12:43:54";"2023-09-06 12:43:54";"103"
"J 6820 PM";"103993";NULL;NULL;"2023-09-06 12:43:54";"2023-09-06 12:43:54";"103"
"J 6910";"103994";NULL;NULL;"2023-09-06 12:43:54";"2023-09-06 12:43:54";"103"
"J 6920 GM";"103995";NULL;NULL;"2023-09-06 12:43:54";"2023-09-06 12:43:54";"103"
"J 6990";"103996";NULL;NULL;"2023-09-06 12:43:54";"2023-09-06 12:43:54";"103"
"JEU DE 6 PTI FOUCHETTE ET FOUCHETTE INOX";"501228";NULL;NULL;"2023-09-06 14:59:04";"2023-09-06 14:59:04";"501"
"JEUX DE 4 OBJET KICHENWARE";"501215";NULL;NULL;"2023-09-06 14:59:04";"2023-09-06 14:59:04";"501"
"JEUX DE TORUNEVICE BK8-8600";"215242";NULL;NULL;"2023-09-06 12:44:47";"2023-09-06 12:44:47";"215"
"JEUX DE TOURN PM PENGFA 7339";"215314";NULL;NULL;"2023-12-12 03:21:42";"2023-12-12 03:21:42";"215"
"JEUX DE TOURNEVISSE ELECTRONICIEN PENGFA 7339";"215179";NULL;NULL;"2023-09-06 12:44:46";"2023-09-06 12:44:46";"215"
"JRC 1565";"102172";NULL;NULL;"2023-09-06 12:43:54";"2023-09-06 12:43:54";"102"
"JRC 2068";"102173";NULL;NULL;"2023-09-06 12:43:54";"2023-09-06 12:43:54";"102"
"JRC 2073";"102174";NULL;NULL;"2023-09-06 12:43:54";"2023-09-06 12:43:54";"102"
"JRC 4086";"102184";NULL;NULL;"2023-09-06 12:43:54";"2023-09-06 12:43:54";"102"
"JRC 4358";"102175";NULL;NULL;"2023-09-06 12:43:54";"2023-09-06 12:43:54";"102"
"JRC 4556";"102176";NULL;NULL;"2023-09-06 12:43:54";"2023-09-06 12:43:54";"102"
"JRC 4558";"102177";NULL;NULL;"2023-09-06 12:43:54";"2023-09-06 12:43:54";"102"
"JRC 4558 ORG";"102178";NULL;NULL;"2023-09-06 12:43:54";"2023-09-06 12:43:54";"102"
"JRC 4580";"102180";NULL;NULL;"2023-09-06 12:43:54";"2023-09-06 12:43:54";"102"
"JRC 4580 PM";"102179";NULL;NULL;"2023-09-06 12:43:54";"2023-09-06 12:43:54";"102"
"JRC 4582";"102181";NULL;NULL;"2023-09-06 12:43:54";"2023-09-06 12:43:54";"102"
"JRC 5532";"102182";NULL;NULL;"2023-09-06 12:43:54";"2023-09-06 12:43:54";"102"
"JRC 5707";"102183";NULL;NULL;"2023-09-06 12:43:54";"2023-09-06 12:43:54";"102"
"JUO 026";"102185";NULL;NULL;"2023-09-06 12:43:54";"2023-09-06 12:43:54";"102"
"JUO 027";"102186";NULL;NULL;"2023-09-06 12:43:54";"2023-09-06 12:43:54";"102"
"K 1058";"102258";NULL;NULL;"2023-09-06 12:43:55";"2023-09-06 12:43:55";"102"
"K 10A60";"102259";NULL;NULL;"2023-09-06 12:43:55";"2023-09-06 12:43:55";"102"
"K 1117";"102260";NULL;NULL;"2023-09-06 12:43:55";"2023-09-06 12:43:55";"102"
"K 1118";"102261";NULL;NULL;"2023-09-06 12:43:55";"2023-09-06 12:43:55";"102"
"K 1120";"102262";NULL;NULL;"2023-09-06 12:43:55";"2023-09-06 12:43:55";"102"
"K 1358";"102263";NULL;NULL;"2023-09-06 12:43:55";"2023-09-06 12:43:55";"102"
"K 13A60";"102264";NULL;NULL;"2023-09-06 12:43:55";"2023-09-06 12:43:55";"102"
"K 15A50";"102265";NULL;NULL;"2023-09-06 12:43:56";"2023-09-06 12:43:56";"102"
"K 15A60";"102266";NULL;NULL;"2023-09-06 12:43:56";"2023-09-06 12:43:56";"102"
"K 1611";"102267";NULL;NULL;"2023-09-06 12:43:56";"2023-09-06 12:43:56";"102"
"K 1758";"102268";NULL;NULL;"2023-09-06 12:43:56";"2023-09-06 12:43:56";"102"
"K 1833";"102269";NULL;NULL;"2023-09-06 12:43:56";"2023-09-06 12:43:56";"102"
"K 2043";"102270";NULL;NULL;"2023-09-06 12:43:56";"2023-09-06 12:43:56";"102"
"K 2212";"102271";NULL;NULL;"2023-09-06 12:43:56";"2023-09-06 12:43:56";"102"
"K 246";"102272";NULL;NULL;"2023-09-06 12:43:56";"2023-09-06 12:43:56";"102"
"K 254";"102273";NULL;NULL;"2023-09-06 12:43:56";"2023-09-06 12:43:56";"102"
"K 2545";"102274";NULL;NULL;"2023-09-06 12:43:56";"2023-09-06 12:43:56";"102"
"K 2605";"102275";NULL;NULL;"2023-09-06 12:43:56";"2023-09-06 12:43:56";"102"
"K 2611";"102276";NULL;NULL;"2023-09-06 12:43:56";"2023-09-06 12:43:56";"102"
"K 2644";"102277";NULL;NULL;"2023-09-06 12:43:56";"2023-09-06 12:43:56";"102"
"K 2645";"102278";NULL;NULL;"2023-09-06 12:43:56";"2023-09-06 12:43:56";"102"
"K 2647";"102279";NULL;NULL;"2023-09-06 12:43:56";"2023-09-06 12:43:56";"102"
"K 2718";"102280";NULL;NULL;"2023-09-06 12:43:56";"2023-09-06 12:43:56";"102"
"K 2750";"102281";NULL;NULL;"2023-09-06 12:43:56";"2023-09-06 12:43:56";"102"
"K 2760";"102282";NULL;NULL;"2023-09-06 12:43:56";"2023-09-06 12:43:56";"102"
"K 2848";"102283";NULL;NULL;"2023-09-06 12:43:56";"2023-09-06 12:43:56";"102"
"K 2996";"102284";NULL;NULL;"2023-09-06 12:43:56";"2023-09-06 12:43:56";"102"
"K 30A60";"102285";NULL;NULL;"2023-09-06 12:43:56";"2023-09-06 12:43:56";"102"
"K 3114";"102286";NULL;NULL;"2023-09-06 12:43:56";"2023-09-06 12:43:56";"102"
"K 3562";"102287";NULL;NULL;"2023-09-06 12:43:56";"2023-09-06 12:43:56";"102"
"K 3567";"102288";NULL;NULL;"2023-09-06 12:43:56";"2023-09-06 12:43:56";"102"
"K 3568";"102289";NULL;NULL;"2023-09-06 12:43:56";"2023-09-06 12:43:56";"102"
"K 3569";"102290";NULL;NULL;"2023-09-06 12:43:56";"2023-09-06 12:43:56";"102"
"K 3868";"102291";NULL;NULL;"2023-09-06 12:43:56";"2023-09-06 12:43:56";"102"
"K 3A60";"102292";NULL;NULL;"2023-09-06 12:43:56";"2023-09-06 12:43:56";"102"
"K 4145";"102293";NULL;NULL;"2023-09-06 12:43:56";"2023-09-06 12:43:56";"102"
"K 4A60";"102294";NULL;NULL;"2023-09-06 12:43:56";"2023-09-06 12:43:56";"102"
"K 5A60";"102295";NULL;NULL;"2023-09-06 12:43:56";"2023-09-06 12:43:56";"102"
"K 6A60";"102296";NULL;NULL;"2023-09-06 12:43:56";"2023-09-06 12:43:56";"102"
"K 727";"102297";NULL;NULL;"2023-09-06 12:43:56";"2023-09-06 12:43:56";"102"
"K 8A50";"102298";NULL;NULL;"2023-09-06 12:43:56";"2023-09-06 12:43:56";"102"
"K 8A60";"102299";NULL;NULL;"2023-09-06 12:43:56";"2023-09-06 12:43:56";"102"
"K 903";"102300";NULL;NULL;"2023-09-06 12:43:56";"2023-09-06 12:43:56";"102"
"KA 1222";"102187";NULL;NULL;"2023-09-06 12:43:54";"2023-09-06 12:43:54";"102"
"KA 2101";"102188";NULL;NULL;"2023-09-06 12:43:54";"2023-09-06 12:43:54";"102"
"KA 2102";"102189";NULL;NULL;"2023-09-06 12:43:54";"2023-09-06 12:43:54";"102"
"KA 2130";"102190";NULL;NULL;"2023-09-06 12:43:54";"2023-09-06 12:43:54";"102"
"KA 2131";"102191";NULL;NULL;"2023-09-06 12:43:54";"2023-09-06 12:43:54";"102"
"KA 2133";"102192";NULL;NULL;"2023-09-06 12:43:54";"2023-09-06 12:43:54";"102"
"KA 2142";"102193";NULL;NULL;"2023-09-06 12:43:54";"2023-09-06 12:43:54";"102"
"KA 2154";"102194";NULL;NULL;"2023-09-06 12:43:54";"2023-09-06 12:43:54";"102"
"KA 2201";"102195";NULL;NULL;"2023-09-06 12:43:54";"2023-09-06 12:43:54";"102"
"KA 2206";"102196";NULL;NULL;"2023-09-06 12:43:54";"2023-09-06 12:43:54";"102"
"KA 22062";"102197";NULL;NULL;"2023-09-06 12:43:54";"2023-09-06 12:43:54";"102"
"KA 22065";"102198";NULL;NULL;"2023-09-06 12:43:54";"2023-09-06 12:43:54";"102"
"KA 22066";"102199";NULL;NULL;"2023-09-06 12:43:54";"2023-09-06 12:43:54";"102"
"KA 2214";"102200";NULL;NULL;"2023-09-06 12:43:54";"2023-09-06 12:43:54";"102"
"KA 2220";"102201";NULL;NULL;"2023-09-06 12:43:54";"2023-09-06 12:43:54";"102"
"KA 2221";"102202";NULL;NULL;"2023-09-06 12:43:54";"2023-09-06 12:43:54";"102"
"KA 22233";"102203";NULL;NULL;"2023-09-06 12:43:54";"2023-09-06 12:43:54";"102"
"KA 2224";"102204";NULL;NULL;"2023-09-06 12:43:54";"2023-09-06 12:43:54";"102"
"KA 22241";"102205";NULL;NULL;"2023-09-06 12:43:54";"2023-09-06 12:43:54";"102"
"KA 22291";"102206";NULL;NULL;"2023-09-06 12:43:54";"2023-09-06 12:43:54";"102"
"KA 22425";"102207";NULL;NULL;"2023-09-06 12:43:54";"2023-09-06 12:43:54";"102"
"KA 22426";"102208";NULL;NULL;"2023-09-06 12:43:54";"2023-09-06 12:43:54";"102"
"KA 22427";"102209";NULL;NULL;"2023-09-06 12:43:54";"2023-09-06 12:43:54";"102"
"KA 2247";"102210";NULL;NULL;"2023-09-06 12:43:54";"2023-09-06 12:43:54";"102"
"KA 22471";"102211";NULL;NULL;"2023-09-06 12:43:54";"2023-09-06 12:43:54";"102"
"KA 2261";"102212";NULL;NULL;"2023-09-06 12:43:55";"2023-09-06 12:43:55";"102"
"KA 2269";"102213";NULL;NULL;"2023-09-06 12:43:55";"2023-09-06 12:43:55";"102"
"KA 2281";"102214";NULL;NULL;"2023-09-06 12:43:55";"2023-09-06 12:43:55";"102"
"KA 2297";"102215";NULL;NULL;"2023-09-06 12:43:55";"2023-09-06 12:43:55";"102"
"KA 2407";"102216";NULL;NULL;"2023-09-06 12:43:55";"2023-09-06 12:43:55";"102"
"KA 246";"102217";NULL;NULL;"2023-09-06 12:43:55";"2023-09-06 12:43:55";"102"
"KA 267";"215340";NULL;NULL;"2023-12-12 03:21:43";"2023-12-12 03:21:43";"215"
"KA 2911";"102218";NULL;NULL;"2023-09-06 12:43:55";"2023-09-06 12:43:55";"102"
"KA 2912";"102219";NULL;NULL;"2023-09-06 12:43:55";"2023-09-06 12:43:55";"102"
"KA 2913";"102220";NULL;NULL;"2023-09-06 12:43:55";"2023-09-06 12:43:55";"102"
"KA 2914";"102221";NULL;NULL;"2023-09-06 12:43:55";"2023-09-06 12:43:55";"102"
"KA 2915";"102222";NULL;NULL;"2023-09-06 12:43:55";"2023-09-06 12:43:55";"102"
"KA 2919";"102223";NULL;NULL;"2023-09-06 12:43:55";"2023-09-06 12:43:55";"102"
"KA 3403";"102224";NULL;NULL;"2023-09-06 12:43:55";"2023-09-06 12:43:55";"102"
"KA 3525";"102225";NULL;NULL;"2023-09-06 12:43:55";"2023-09-06 12:43:55";"102"
"KA 386";"102226";NULL;NULL;"2023-09-06 12:43:55";"2023-09-06 12:43:55";"102"
"KA 431";"102227";NULL;NULL;"2023-09-06 12:43:55";"2023-09-06 12:43:55";"102"
"KA 4466";"102228";NULL;NULL;"2023-09-06 12:43:55";"2023-09-06 12:43:55";"102"
"KA 6040";"102229";NULL;NULL;"2023-09-06 12:43:55";"2023-09-06 12:43:55";"102"
"KA 7500";"102230";NULL;NULL;"2023-09-06 12:43:55";"2023-09-06 12:43:55";"102"
"KA 7552";"102231";NULL;NULL;"2023-09-06 12:43:55";"2023-09-06 12:43:55";"102"
"KA 7630";"102232";NULL;NULL;"2023-09-06 12:43:55";"2023-09-06 12:43:55";"102"
"KA 7632";"102233";NULL;NULL;"2023-09-06 12:43:55";"2023-09-06 12:43:55";"102"
"KA 8301";"102234";NULL;NULL;"2023-09-06 12:43:55";"2023-09-06 12:43:55";"102"
"KA 8304";"102235";NULL;NULL;"2023-09-06 12:43:55";"2023-09-06 12:43:55";"102"
"KA 9256";"102236";NULL;NULL;"2023-09-06 12:43:55";"2023-09-06 12:43:55";"102"
"KA 9258";"102237";NULL;NULL;"2023-09-06 12:43:55";"2023-09-06 12:43:55";"102"
"KA 9259";"102238";NULL;NULL;"2023-09-06 12:43:55";"2023-09-06 12:43:55";"102"
"KA267";"215260";NULL;NULL;"2023-09-06 12:44:47";"2023-09-06 12:44:47";"215"
"KACHER 221";"501095";NULL;NULL;"2023-09-06 14:58:55";"2023-09-06 14:58:55";"501"
"KARCHER K236";"501094";NULL;NULL;"2023-09-06 14:58:55";"2023-09-06 14:58:55";"501"
"KIA 2206";"102239";NULL;NULL;"2023-09-06 12:43:55";"2023-09-06 12:43:55";"102"
"KIA 2209";"102240";NULL;NULL;"2023-09-06 12:43:55";"2023-09-06 12:43:55";"102"
"KIA 22241";"102241";NULL;NULL;"2023-09-06 12:43:55";"2023-09-06 12:43:55";"102"
"KIA 22425";"102242";NULL;NULL;"2023-09-06 12:43:55";"2023-09-06 12:43:55";"102"
"KIA 22426";"102243";NULL;NULL;"2023-09-06 12:43:55";"2023-09-06 12:43:55";"102"
"KIA 22471";"102244";NULL;NULL;"2023-09-06 12:43:55";"2023-09-06 12:43:55";"102"
"KIA 4043";"102245";NULL;NULL;"2023-09-06 12:43:55";"2023-09-06 12:43:55";"102"
"KIA 431";"102246";NULL;NULL;"2023-09-06 12:43:55";"2023-09-06 12:43:55";"102"
"KIA 4558";"102247";NULL;NULL;"2023-09-06 12:43:55";"2023-09-06 12:43:55";"102"
"KIA 6040";"102248";NULL;NULL;"2023-09-06 12:43:55";"2023-09-06 12:43:55";"102"
"KIA 6043";"102249";NULL;NULL;"2023-09-06 12:43:55";"2023-09-06 12:43:55";"102"
"KIA 6269";"102250";NULL;NULL;"2023-09-06 12:43:55";"2023-09-06 12:43:55";"102"
"KIA 6282";"102251";NULL;NULL;"2023-09-06 12:43:55";"2023-09-06 12:43:55";"102"
"KIA 6283";"102252";NULL;NULL;"2023-09-06 12:43:55";"2023-09-06 12:43:55";"102"
"KIA 7006";"102253";NULL;NULL;"2023-09-06 12:43:55";"2023-09-06 12:43:55";"102"
"KIA 7137";"102254";NULL;NULL;"2023-09-06 12:43:55";"2023-09-06 12:43:55";"102"
"KIA 7282";"102255";NULL;NULL;"2023-09-06 12:43:55";"2023-09-06 12:43:55";"102"
"KIA 7335";"102256";NULL;NULL;"2023-09-06 12:43:55";"2023-09-06 12:43:55";"102"
"KIT 4 CAMERA + DVR";"215177";NULL;NULL;"2023-09-06 12:44:46";"2023-09-06 12:44:46";"215"
"KIT 8 CAMERA + DVR";"215178";NULL;NULL;"2023-09-06 12:44:46";"2023-09-06 12:44:46";"215"
"KIT ARDUINO 105LET + CD";"309003";NULL;NULL;"2023-09-06 12:43:55";"2023-09-06 12:43:55";"309"
"KIT ARDUINO BASIC GD75";"309002";NULL;NULL;"2023-09-06 12:43:55";"2023-09-06 12:43:55";"309"
"KIT ARDUINO UNO";"309001";NULL;NULL;"2023-09-06 12:43:55";"2023-09-06 12:43:55";"309"
"KOB_2310";"102257";NULL;NULL;"2023-09-06 12:43:55";"2023-09-06 12:43:55";"102"
"L 200";"102511";NULL;NULL;"2023-09-06 12:44:01";"2023-09-06 12:44:01";"102"
"L 2053";"102512";NULL;NULL;"2023-09-06 12:44:01";"2023-09-06 12:44:01";"102"
"L 293";"102513";NULL;NULL;"2023-09-06 12:44:01";"2023-09-06 12:44:01";"102"
"L 298";"102514";NULL;NULL;"2023-09-06 12:44:01";"2023-09-06 12:44:01";"102"
"L 455";"102515";NULL;NULL;"2023-09-06 12:44:01";"2023-09-06 12:44:01";"102"
"L 6565";"102516";NULL;NULL;"2023-09-06 12:44:01";"2023-09-06 12:44:01";"102"
"L 6598";"102517";NULL;NULL;"2023-09-06 12:44:01";"2023-09-06 12:44:01";"102"
"L 7808";"125001";NULL;NULL;"2023-09-06 12:44:01";"2023-09-06 12:44:01";"125"
"L 7812";"125002";NULL;NULL;"2023-09-06 12:44:01";"2023-09-06 12:44:01";"125"
"LA 1140";"102301";NULL;NULL;"2023-09-06 12:43:56";"2023-09-06 12:43:56";"102"
"LA 1185";"102302";NULL;NULL;"2023-09-06 12:43:56";"2023-09-06 12:43:56";"102"
"LA 1186";"102303";NULL;NULL;"2023-09-06 12:43:56";"2023-09-06 12:43:56";"102"
"LA 11876";"102304";NULL;NULL;"2023-09-06 12:43:56";"2023-09-06 12:43:56";"102"
"LA 1201";"102305";NULL;NULL;"2023-09-06 12:43:56";"2023-09-06 12:43:56";"102"
"LA 1260";"102306";NULL;NULL;"2023-09-06 12:43:56";"2023-09-06 12:43:56";"102"
"LA 1265";"102307";NULL;NULL;"2023-09-06 12:43:56";"2023-09-06 12:43:56";"102"
"LA 1266";"102308";NULL;NULL;"2023-09-06 12:43:56";"2023-09-06 12:43:56";"102"
"LA 1285";"102309";NULL;NULL;"2023-09-06 12:43:56";"2023-09-06 12:43:56";"102"
"LA 1357";"102310";NULL;NULL;"2023-09-06 12:43:56";"2023-09-06 12:43:56";"102"
"LA 1363";"102311";NULL;NULL;"2023-09-06 12:43:56";"2023-09-06 12:43:56";"102"
"LA 1385";"102312";NULL;NULL;"2023-09-06 12:43:56";"2023-09-06 12:43:56";"102"
"LA 1460";"102313";NULL;NULL;"2023-09-06 12:43:56";"2023-09-06 12:43:56";"102"
"LA 1620";"102405";NULL;NULL;"2023-09-06 12:43:58";"2023-09-06 12:43:58";"102"
"LA 1640";"102407";NULL;NULL;"2023-09-06 12:43:58";"2023-09-06 12:43:58";"102"
"LA 1641";"102314";NULL;NULL;"2023-09-06 12:43:56";"2023-09-06 12:43:56";"102"
"LA 1642";"102408";NULL;NULL;"2023-09-06 12:43:58";"2023-09-06 12:43:58";"102"
"LA 1646";"102315";NULL;NULL;"2023-09-06 12:43:56";"2023-09-06 12:43:56";"102"
"LA 1805";"102316";NULL;NULL;"2023-09-06 12:43:56";"2023-09-06 12:43:56";"102"
"LA 1810";"102317";NULL;NULL;"2023-09-06 12:43:56";"2023-09-06 12:43:56";"102"
"LA 3160";"102318";NULL;NULL;"2023-09-06 12:43:56";"2023-09-06 12:43:56";"102"
"LA 3220";"102319";NULL;NULL;"2023-09-06 12:43:56";"2023-09-06 12:43:56";"102"
"LA 3300";"102320";NULL;NULL;"2023-09-06 12:43:56";"2023-09-06 12:43:56";"102"
"LA 3350";"102321";NULL;NULL;"2023-09-06 12:43:56";"2023-09-06 12:43:56";"102"
"LA 3361";"102322";NULL;NULL;"2023-09-06 12:43:56";"2023-09-06 12:43:56";"102"
"LA 3365";"102323";NULL;NULL;"2023-09-06 12:43:56";"2023-09-06 12:43:56";"102"
"LA 3600";"102324";NULL;NULL;"2023-09-06 12:43:57";"2023-09-06 12:43:57";"102"
"LA 3605";"102325";NULL;NULL;"2023-09-06 12:43:57";"2023-09-06 12:43:57";"102"
"LA 3607";"102326";NULL;NULL;"2023-09-06 12:43:57";"2023-09-06 12:43:57";"102"
"LA 3665";"102327";NULL;NULL;"2023-09-06 12:43:57";"2023-09-06 12:43:57";"102"
"LA 40102";"102328";NULL;NULL;"2023-09-06 12:43:57";"2023-09-06 12:43:57";"102"
"LA 4100";"102329";NULL;NULL;"2023-09-06 12:43:57";"2023-09-06 12:43:57";"102"
"LA 4101";"102330";NULL;NULL;"2023-09-06 12:43:57";"2023-09-06 12:43:57";"102"
"LA 4108";"102331";NULL;NULL;"2023-09-06 12:43:57";"2023-09-06 12:43:57";"102"
"LA 4112";"102332";NULL;NULL;"2023-09-06 12:43:57";"2023-09-06 12:43:57";"102"
"LA 4125";"102333";NULL;NULL;"2023-09-06 12:43:57";"2023-09-06 12:43:57";"102"
"LA 4137";"102334";NULL;NULL;"2023-09-06 12:43:57";"2023-09-06 12:43:57";"102"
"LA 4138";"102335";NULL;NULL;"2023-09-06 12:43:57";"2023-09-06 12:43:57";"102"
"LA 4140";"102336";NULL;NULL;"2023-09-06 12:43:57";"2023-09-06 12:43:57";"102"
"LA 4145";"102337";NULL;NULL;"2023-09-06 12:43:57";"2023-09-06 12:43:57";"102"
"LA 4160";"102338";NULL;NULL;"2023-09-06 12:43:57";"2023-09-06 12:43:57";"102"
"LA 4162";"102339";NULL;NULL;"2023-09-06 12:43:57";"2023-09-06 12:43:57";"102"
"LA 4182";"102340";NULL;NULL;"2023-09-06 12:43:57";"2023-09-06 12:43:57";"102"
"LA 4183";"102341";NULL;NULL;"2023-09-06 12:43:57";"2023-09-06 12:43:57";"102"
"LA 4185";"102342";NULL;NULL;"2023-09-06 12:43:57";"2023-09-06 12:43:57";"102"
"LA 4188";"102343";NULL;NULL;"2023-09-06 12:43:57";"2023-09-06 12:43:57";"102"
"LA 4190";"102344";NULL;NULL;"2023-09-06 12:43:57";"2023-09-06 12:43:57";"102"
"LA 4192";"102345";NULL;NULL;"2023-09-06 12:43:57";"2023-09-06 12:43:57";"102"
"LA 42102";"102346";NULL;NULL;"2023-09-06 12:43:57";"2023-09-06 12:43:57";"102"
"LA 42152";"102347";NULL;NULL;"2023-09-06 12:43:57";"2023-09-06 12:43:57";"102"
"LA 4225";"102348";NULL;NULL;"2023-09-06 12:43:57";"2023-09-06 12:43:57";"102"
"LA 4227";"102467";NULL;NULL;"2023-09-06 12:43:59";"2023-09-06 12:43:59";"102"
"LA 4260";"102349";NULL;NULL;"2023-09-06 12:43:57";"2023-09-06 12:43:57";"102"
"LA 4261";"102350";NULL;NULL;"2023-09-06 12:43:57";"2023-09-06 12:43:57";"102"
"LA 4270";"102351";NULL;NULL;"2023-09-06 12:43:57";"2023-09-06 12:43:57";"102"
"LA 4275";"102352";NULL;NULL;"2023-09-06 12:43:57";"2023-09-06 12:43:57";"102"
"LA 4280";"102353";NULL;NULL;"2023-09-06 12:43:57";"2023-09-06 12:43:57";"102"
"LA 4282";"102354";NULL;NULL;"2023-09-06 12:43:57";"2023-09-06 12:43:57";"102"
"LA 4285";"102355";NULL;NULL;"2023-09-06 12:43:57";"2023-09-06 12:43:57";"102"
"LA 4289";"102356";NULL;NULL;"2023-09-06 12:43:57";"2023-09-06 12:43:57";"102"
"LA 4420";"102357";NULL;NULL;"2023-09-06 12:43:57";"2023-09-06 12:43:57";"102"
"LA 4422";"102358";NULL;NULL;"2023-09-06 12:43:57";"2023-09-06 12:43:57";"102"
"LA 4425";"102359";NULL;NULL;"2023-09-06 12:43:57";"2023-09-06 12:43:57";"102"
"LA 4430";"102360";NULL;NULL;"2023-09-06 12:43:57";"2023-09-06 12:43:57";"102"
"LA 4440";"102361";NULL;NULL;"2023-09-06 12:43:57";"2023-09-06 12:43:57";"102"
"LA 4445";"102362";NULL;NULL;"2023-09-06 12:43:57";"2023-09-06 12:43:57";"102"
"LA 4446";"102363";NULL;NULL;"2023-09-06 12:43:57";"2023-09-06 12:43:57";"102"
"LA 4450";"102364";NULL;NULL;"2023-09-06 12:43:57";"2023-09-06 12:43:57";"102"
"LA 4451";"102365";NULL;NULL;"2023-09-06 12:43:57";"2023-09-06 12:43:57";"102"
"LA 4460";"102366";NULL;NULL;"2023-09-06 12:43:57";"2023-09-06 12:43:57";"102"
"LA 4461";"102367";NULL;NULL;"2023-09-06 12:43:57";"2023-09-06 12:43:57";"102"
"LA 4465";"102368";NULL;NULL;"2023-09-06 12:43:57";"2023-09-06 12:43:57";"102"
"LA 4467";"102369";NULL;NULL;"2023-09-06 12:43:57";"2023-09-06 12:43:57";"102"
"LA 4470";"102370";NULL;NULL;"2023-09-06 12:43:57";"2023-09-06 12:43:57";"102"
"LA 4485";"102371";NULL;NULL;"2023-09-06 12:43:57";"2023-09-06 12:43:57";"102"
"LA 4490";"102372";NULL;NULL;"2023-09-06 12:43:57";"2023-09-06 12:43:57";"102"
"LA 4491";"102373";NULL;NULL;"2023-09-06 12:43:57";"2023-09-06 12:43:57";"102"
"LA 4495";"102374";NULL;NULL;"2023-09-06 12:43:57";"2023-09-06 12:43:57";"102"
"LA 4496";"102375";NULL;NULL;"2023-09-06 12:43:57";"2023-09-06 12:43:57";"102"
"LA 4500";"102376";NULL;NULL;"2023-09-06 12:43:57";"2023-09-06 12:43:57";"102"
"LA 4505";"102377";NULL;NULL;"2023-09-06 12:43:57";"2023-09-06 12:43:57";"102"
"LA 4506";"102378";NULL;NULL;"2023-09-06 12:43:57";"2023-09-06 12:43:57";"102"
"LA 4508";"102379";NULL;NULL;"2023-09-06 12:43:57";"2023-09-06 12:43:57";"102"
"LA 4550";"102380";NULL;NULL;"2023-09-06 12:43:57";"2023-09-06 12:43:57";"102"
"LA 4555";"102381";NULL;NULL;"2023-09-06 12:43:57";"2023-09-06 12:43:57";"102"
"LA 4557";"102382";NULL;NULL;"2023-09-06 12:43:58";"2023-09-06 12:43:58";"102"
"LA 4558";"102383";NULL;NULL;"2023-09-06 12:43:58";"2023-09-06 12:43:58";"102"
"LA 4570";"102384";NULL;NULL;"2023-09-06 12:43:58";"2023-09-06 12:43:58";"102"
"LA 4597";"102385";NULL;NULL;"2023-09-06 12:43:58";"2023-09-06 12:43:58";"102"
"LA 4598";"102386";NULL;NULL;"2023-09-06 12:43:58";"2023-09-06 12:43:58";"102"
"LA 4600";"102387";NULL;NULL;"2023-09-06 12:43:58";"2023-09-06 12:43:58";"102"
"LA 4611";"102388";NULL;NULL;"2023-09-06 12:43:58";"2023-09-06 12:43:58";"102"
"LA 4630";"102389";NULL;NULL;"2023-09-06 12:43:58";"2023-09-06 12:43:58";"102"
"LA 4636";"102390";NULL;NULL;"2023-09-06 12:43:58";"2023-09-06 12:43:58";"102"
"LA 4663";"102391";NULL;NULL;"2023-09-06 12:43:58";"2023-09-06 12:43:58";"102"
"LA 4698";"102392";NULL;NULL;"2023-09-06 12:43:58";"2023-09-06 12:43:58";"102"
"LA 4700";"102393";NULL;NULL;"2023-09-06 12:43:58";"2023-09-06 12:43:58";"102"
"LA 4705";"102394";NULL;NULL;"2023-09-06 12:43:58";"2023-09-06 12:43:58";"102"
"LA 4706";"102395";NULL;NULL;"2023-09-06 12:43:58";"2023-09-06 12:43:58";"102"
"LA 4725";"102396";NULL;NULL;"2023-09-06 12:43:58";"2023-09-06 12:43:58";"102"
"LA 5110";"102398";NULL;NULL;"2023-09-06 12:43:58";"2023-09-06 12:43:58";"102"
"LA 5112";"102399";NULL;NULL;"2023-09-06 12:43:58";"2023-09-06 12:43:58";"102"
"LA 5224";"102400";NULL;NULL;"2023-09-06 12:43:58";"2023-09-06 12:43:58";"102"
"LA 5603";"102401";NULL;NULL;"2023-09-06 12:43:58";"2023-09-06 12:43:58";"102"
"LA 5611";"102402";NULL;NULL;"2023-09-06 12:43:58";"2023-09-06 12:43:58";"102"
"LA 5617";"102403";NULL;NULL;"2023-09-06 12:43:58";"2023-09-06 12:43:58";"102"
"LA 5668";"102404";NULL;NULL;"2023-09-06 12:43:58";"2023-09-06 12:43:58";"102"
"LA 6324";"102406";NULL;NULL;"2023-09-06 12:43:58";"2023-09-06 12:43:58";"102"
"LA 6510";"102409";NULL;NULL;"2023-09-06 12:43:58";"2023-09-06 12:43:58";"102"
"LA 6520";"102410";NULL;NULL;"2023-09-06 12:43:58";"2023-09-06 12:43:58";"102"
"LA 6524";"102411";NULL;NULL;"2023-09-06 12:43:58";"2023-09-06 12:43:58";"102"
"LA 6541";"102412";NULL;NULL;"2023-09-06 12:43:58";"2023-09-06 12:43:58";"102"
"LA 7210";"102413";NULL;NULL;"2023-09-06 12:43:58";"2023-09-06 12:43:58";"102"
"LA 7220";"102414";NULL;NULL;"2023-09-06 12:43:58";"2023-09-06 12:43:58";"102"
"LA 7222";"102415";NULL;NULL;"2023-09-06 12:43:58";"2023-09-06 12:43:58";"102"
"LA 72730";"102416";NULL;NULL;"2023-09-06 12:43:58";"2023-09-06 12:43:58";"102"
"LA 7292";"102417";NULL;NULL;"2023-09-06 12:43:58";"2023-09-06 12:43:58";"102"
"LA 7297";"102418";NULL;NULL;"2023-09-06 12:43:58";"2023-09-06 12:43:58";"102"
"LA 7326";"102419";NULL;NULL;"2023-09-06 12:43:58";"2023-09-06 12:43:58";"102"
"LA 7340";"102420";NULL;NULL;"2023-09-06 12:43:58";"2023-09-06 12:43:58";"102"
"LA 7390";"102421";NULL;NULL;"2023-09-06 12:43:58";"2023-09-06 12:43:58";"102"
"LA 7391";"102422";NULL;NULL;"2023-09-06 12:43:58";"2023-09-06 12:43:58";"102"
"LA 7442";"102423";NULL;NULL;"2023-09-06 12:43:58";"2023-09-06 12:43:58";"102"
"LA 7520";"102424";NULL;NULL;"2023-09-06 12:43:58";"2023-09-06 12:43:58";"102"
"LA 75455";"102425";NULL;NULL;"2023-09-06 12:43:58";"2023-09-06 12:43:58";"102"
"LA 7550";"102426";NULL;NULL;"2023-09-06 12:43:58";"2023-09-06 12:43:58";"102"
"LA 7555";"102427";NULL;NULL;"2023-09-06 12:43:58";"2023-09-06 12:43:58";"102"
"LA 7557";"102428";NULL;NULL;"2023-09-06 12:43:58";"2023-09-06 12:43:58";"102"
"LA 7620";"102429";NULL;NULL;"2023-09-06 12:43:58";"2023-09-06 12:43:58";"102"
"LA 76223";"102430";NULL;NULL;"2023-09-06 12:43:58";"2023-09-06 12:43:58";"102"
"LA 7632";"102431";NULL;NULL;"2023-09-06 12:43:58";"2023-09-06 12:43:58";"102"
"LA 7640";"102432";NULL;NULL;"2023-09-06 12:43:58";"2023-09-06 12:43:58";"102"
"LA 7642";"102433";NULL;NULL;"2023-09-06 12:43:58";"2023-09-06 12:43:58";"102"
"LA 7680";"102434";NULL;NULL;"2023-09-06 12:43:58";"2023-09-06 12:43:58";"102"
"LA 7681";"102435";NULL;NULL;"2023-09-06 12:43:58";"2023-09-06 12:43:58";"102"
"LA 76810";"102436";NULL;NULL;"2023-09-06 12:43:58";"2023-09-06 12:43:58";"102"
"LA 76817";"102437";NULL;NULL;"2023-09-06 12:43:58";"2023-09-06 12:43:58";"102"
"LA 76818";"102438";NULL;NULL;"2023-09-06 12:43:59";"2023-09-06 12:43:59";"102"
"LA 76931";"102439";NULL;NULL;"2023-09-06 12:43:59";"2023-09-06 12:43:59";"102"
"LA 76936";"102440";NULL;NULL;"2023-09-06 12:43:59";"2023-09-06 12:43:59";"102"
"LA 7800";"102441";NULL;NULL;"2023-09-06 12:43:59";"2023-09-06 12:43:59";"102"
"LA 78040";"102442";NULL;NULL;"2023-09-06 12:43:59";"2023-09-06 12:43:59";"102"
"LA 78041";"102443";NULL;NULL;"2023-09-06 12:43:59";"2023-09-06 12:43:59";"102"
"LA 78045";"102444";NULL;NULL;"2023-09-06 12:43:59";"2023-09-06 12:43:59";"102"
"LA 7806";"102445";NULL;NULL;"2023-09-06 12:43:59";"2023-09-06 12:43:59";"102"
"LA 7809";"102446";NULL;NULL;"2023-09-06 12:43:59";"2023-09-06 12:43:59";"102"
"LA 78141";"102447";NULL;NULL;"2023-09-06 12:43:59";"2023-09-06 12:43:59";"102"
"LA 78145";"102397";NULL;NULL;"2023-09-06 12:43:58";"2023-09-06 12:43:58";"102"
"LA 7824";"102448";NULL;NULL;"2023-09-06 12:43:59";"2023-09-06 12:43:59";"102"
"LA 7830";"102449";NULL;NULL;"2023-09-06 12:43:59";"2023-09-06 12:43:59";"102"
"LA 7831";"102450";NULL;NULL;"2023-09-06 12:43:59";"2023-09-06 12:43:59";"102"
"LA 7832";"102451";NULL;NULL;"2023-09-06 12:43:59";"2023-09-06 12:43:59";"102"
"LA 7833";"102452";NULL;NULL;"2023-09-06 12:43:59";"2023-09-06 12:43:59";"102"
"LA 7835";"102453";NULL;NULL;"2023-09-06 12:43:59";"2023-09-06 12:43:59";"102"
"LA 7837";"102454";NULL;NULL;"2023-09-06 12:43:59";"2023-09-06 12:43:59";"102"
"LA 7838";"102455";NULL;NULL;"2023-09-06 12:43:59";"2023-09-06 12:43:59";"102"
"LA 7840";"102456";NULL;NULL;"2023-09-06 12:43:59";"2023-09-06 12:43:59";"102"
"LA 7841";"102457";NULL;NULL;"2023-09-06 12:43:59";"2023-09-06 12:43:59";"102"
"LA 7845";"102458";NULL;NULL;"2023-09-06 12:43:59";"2023-09-06 12:43:59";"102"
"LA 7846";"102459";NULL;NULL;"2023-09-06 12:43:59";"2023-09-06 12:43:59";"102"
"LA 7848";"102460";NULL;NULL;"2023-09-06 12:43:59";"2023-09-06 12:43:59";"102"
"LA 7880";"102461";NULL;NULL;"2023-09-06 12:43:59";"2023-09-06 12:43:59";"102"
"LA 7910";"102462";NULL;NULL;"2023-09-06 12:43:59";"2023-09-06 12:43:59";"102"
"LA 7913";"102463";NULL;NULL;"2023-09-06 12:43:59";"2023-09-06 12:43:59";"102"
"LA 7930";"102464";NULL;NULL;"2023-09-06 12:43:59";"2023-09-06 12:43:59";"102"
"LA 7950";"102465";NULL;NULL;"2023-09-06 12:43:59";"2023-09-06 12:43:59";"102"
"LA 8040";"102466";NULL;NULL;"2023-09-06 12:43:59";"2023-09-06 12:43:59";"102"
"LAIT DE TOILLET 500mL";"501032";NULL;NULL;"2023-09-06 14:58:54";"2023-09-06 14:58:54";"501"
"LAMPE ETAGE 25WATT + 10M CABLE";"501071";NULL;NULL;"2023-09-06 14:58:55";"2023-09-06 14:58:55";"501"
"LAVE LECIVE 1 L";"501041";NULL;NULL;"2023-09-06 14:58:54";"2023-09-06 14:58:54";"501"
"LAVE MAIN 500ML";"501039";NULL;NULL;"2023-09-06 14:58:54";"2023-09-06 14:58:54";"501"
"LAVE MAIN EN PORCELLIN PLUS ROBINET";"501087";NULL;NULL;"2023-09-06 14:58:55";"2023-09-06 14:58:55";"501"
"LAVE VESAILLE 1 L";"501033";NULL;NULL;"2023-09-06 14:58:54";"2023-09-06 14:58:54";"501"
"LC 1641";"102468";NULL;NULL;"2023-09-06 12:43:59";"2023-09-06 12:43:59";"102"
"LC 1645";"102469";NULL;NULL;"2023-09-06 12:43:59";"2023-09-06 12:43:59";"102"
"LC 1646";"102470";NULL;NULL;"2023-09-06 12:43:59";"2023-09-06 12:43:59";"102"
"LC 76931";"102471";NULL;NULL;"2023-09-06 12:43:59";"2023-09-06 12:43:59";"102"
"LC 7818";"102472";NULL;NULL;"2023-09-06 12:43:59";"2023-09-06 12:43:59";"102"
"LC 7821";"102473";NULL;NULL;"2023-09-06 12:43:59";"2023-09-06 12:43:59";"102"
"LC 7880";"102474";NULL;NULL;"2023-09-06 12:43:59";"2023-09-06 12:43:59";"102"
"LC 863220";"102475";NULL;NULL;"2023-09-06 12:43:59";"2023-09-06 12:43:59";"102"
"LC 863320";"102476";NULL;NULL;"2023-09-06 12:43:59";"2023-09-06 12:43:59";"102"
"LC 863332";"102477";NULL;NULL;"2023-09-06 12:43:59";"2023-09-06 12:43:59";"102"
"LCD SAMSUNG LCD VESTEL SANYO 32"" OCAS";"215125";NULL;NULL;"2023-09-06 12:44:09";"2023-09-06 12:44:09";"215"
"LECTEUR AMPLIFIER PHILLIP";"604001";NULL;NULL;"2023-09-06 14:58:52";"2023-09-06 14:58:52";"604"
"LECTEUR AMPLIFIER SONY";"604004";NULL;NULL;"2023-09-06 14:58:53";"2023-09-06 14:58:53";"604"
"LECTEUR AMPLIFIER TEAC";"604003";NULL;NULL;"2023-09-06 14:58:52";"2023-09-06 14:58:52";"604"
"LECTEUR ANDROID 7"" UNIVERSEL AT2618";"215199";NULL;NULL;"2023-09-06 12:44:46";"2023-09-06 12:44:46";"215"
"LECTEUR ANDROID IRA BRAVO 10""";"215196";NULL;NULL;"2023-09-06 12:44:46";"2023-09-06 12:44:46";"215"
"LECTEUR ANDROID MIRROIR 7"" MP5";"215198";NULL;NULL;"2023-09-06 12:44:46";"2023-09-06 12:44:46";"215"
"LECTEUR ANDROID MP5 7""(TOYOTA) MP-7023";"215197";NULL;NULL;"2023-09-06 12:44:46";"2023-09-06 12:44:46";"215"
"LECTEUR AUTO CAR F17";"215214";NULL;NULL;"2023-09-06 12:44:46";"2023-09-06 12:44:46";"215"
"LECTEUR AUTO CAR F18";"215215";NULL;NULL;"2023-09-06 12:44:46";"2023-09-06 12:44:46";"215"
"LECTEUR AUTO CAR G7";"215217";NULL;NULL;"2023-09-06 12:44:46";"2023-09-06 12:44:46";"215"
"LECTEUR AUTO CAR S8";"215206";NULL;NULL;"2023-09-06 12:44:46";"2023-09-06 12:44:46";"215"
"LECTEUR AUTO CAR S9";"215207";NULL;NULL;"2023-09-06 12:44:46";"2023-09-06 12:44:46";"215"
"LECTEUR AUTO KCB 928";"215218";NULL;NULL;"2023-09-06 12:44:46";"2023-09-06 12:44:46";"215"
"LECTEUR AUTO MP3";"215060";NULL;NULL;"2023-09-06 12:43:59";"2023-09-06 12:43:59";"215"
"LECTEUR AUTO MP3 SIMPLE";"215195";NULL;NULL;"2023-09-06 12:44:46";"2023-09-06 12:44:46";"215"
"LECTEUR DVD";"604002";NULL;NULL;"2023-09-06 14:58:52";"2023-09-06 14:58:52";"604"
"LECTEUR DVD EJ S3";"215061";NULL;NULL;"2023-09-06 12:43:59";"2023-09-06 12:43:59";"215"
"LECTEUR DVD TOYOTA";"215200";NULL;NULL;"2023-09-06 12:44:46";"2023-09-06 12:44:46";"215"
"LECTEUR MOD MP3 WOOFER CARRE";"215308";NULL;NULL;"2023-12-12 03:21:27";"2023-12-12 03:21:27";"215"
"LECTEUR MOD MP3 WOOFER CARRE + BLUETOOTH";"215309";NULL;NULL;"2023-12-12 03:21:27";"2023-12-12 03:21:27";"215"
"LECTEUR MOD MP3 WOOFER RECT";"215306";NULL;NULL;"2023-12-12 03:21:27";"2023-12-12 03:21:27";"215"
"LECTEUR MOD MP3 WOOFER RECT + BLUETOOTH";"215307";NULL;NULL;"2023-12-12 03:21:27";"2023-12-12 03:21:27";"215"
"LECTEUR MP3 AUTO + 2 PORT USB 24V-1A";"215063";NULL;NULL;"2023-09-06 12:43:59";"2023-09-06 12:43:59";"215"
"LECTEUR MP3 AUTO + ALLUME CIGARE 1 PORT USB";"215062";NULL;NULL;"2023-09-06 12:43:59";"2023-09-06 12:43:59";"215"
"LECTEUR MP3 WOFER CARRE";"215066";NULL;NULL;"2023-09-06 12:43:59";"2023-09-06 12:43:59";"215"
"LECTEUR MP3 WOFER CARRE + BLUETOOTH";"215067";NULL;NULL;"2023-09-06 12:43:59";"2023-09-06 12:43:59";"215"
"LECTEUR MP3 WOFER RECT";"215064";NULL;NULL;"2023-09-06 12:43:59";"2023-09-06 12:43:59";"215"
"LECTEUR MP3 WOFER RECT + BLUETOOTH";"215065";NULL;NULL;"2023-09-06 12:43:59";"2023-09-06 12:43:59";"215"
"LECTUR AUTO KCB907";"215216";NULL;NULL;"2023-09-06 12:44:46";"2023-09-06 12:44:46";"215"
"LED BARET 10 AMP 50"" 94V";"113042";NULL;NULL;"2023-12-12 03:21:27";"2023-12-12 03:21:27";"113"
"LED BARET 10 AMP 94V";"113036";NULL;NULL;"2023-12-12 03:21:27";"2023-12-12 03:21:27";"113"
"LED BARET 10AMP 94V";"113001";NULL;NULL;"2023-09-06 12:43:59";"2023-09-06 12:43:59";"113"
"LED BARET 11 AMP";"113023";NULL;NULL;"2023-09-06 12:44:00";"2023-09-06 12:44:00";"113"
"LED BARET 12 AMP 12V";"113037";NULL;NULL;"2023-12-12 03:21:27";"2023-12-12 03:21:27";"113"
"LED BARET 12 AMP 32"" 12V";"113038";NULL;NULL;"2023-12-12 03:21:27";"2023-12-12 03:21:27";"113"
"LED BARET 12AMP 12V";"113002";NULL;NULL;"2023-09-06 12:43:59";"2023-09-06 12:43:59";"113"
"LED BARET 32"" 12V";"113003";NULL;NULL;"2023-09-06 12:43:59";"2023-09-06 12:43:59";"113"
"LED BARET 32"" 54 AMP 12V";"113010";NULL;NULL;"2023-09-06 12:44:00";"2023-09-06 12:44:00";"113"
"LED BARET 32"" 7 AMP 94V";"113014";NULL;NULL;"2023-09-06 12:44:00";"2023-09-06 12:44:00";"113"
"LED BARET 32"" 8 AMP";"113017";NULL;NULL;"2023-09-06 12:44:00";"2023-09-06 12:44:00";"113"
"LED BARET 32"" 94V";"113004";NULL;NULL;"2023-09-06 12:43:59";"2023-09-06 12:43:59";"113"
"LED BARET 4 AMP LG";"113005";NULL;NULL;"2023-09-06 12:43:59";"2023-09-06 12:43:59";"113"
"LED BARET 40""";"113006";NULL;NULL;"2023-09-06 12:43:59";"2023-09-06 12:43:59";"113"
"LED BARET 42""";"113007";NULL;NULL;"2023-09-06 12:43:59";"2023-09-06 12:43:59";"113"
"LED BARET 42"" 66AMP 12V";"113013";NULL;NULL;"2023-09-06 12:44:00";"2023-09-06 12:44:00";"113"
"LED BARET 42"" 8 AMP 48V";"113016";NULL;NULL;"2023-09-06 12:44:00";"2023-09-06 12:44:00";"113"
"LED BARET 48 AMP 12V";"113009";NULL;NULL;"2023-09-06 12:44:00";"2023-09-06 12:44:00";"113"
"LED BARET 50"" 5 AMP 94V";"113008";NULL;NULL;"2023-09-06 12:43:59";"2023-09-06 12:43:59";"113"
"LED BARET 6 AMP 3V/6V";"113011";NULL;NULL;"2023-09-06 12:44:00";"2023-09-06 12:44:00";"113"
"LED BARET 60 AMP 53V";"113012";NULL;NULL;"2023-09-06 12:44:00";"2023-09-06 12:44:00";"113"
"LED BARET 66 AMP 12V";"113044";NULL;NULL;"2023-12-12 03:21:27";"2023-12-12 03:21:27";"113"
"LED BARET 7 AMP 42V";"113045";NULL;NULL;"2023-12-12 03:21:27";"2023-12-12 03:21:27";"113"
"LED BARET 72 AMP";"113015";NULL;NULL;"2023-09-06 12:44:00";"2023-09-06 12:44:00";"113"
"LED BARET 8 AMP LG";"113039";NULL;NULL;"2023-12-12 03:21:27";"2023-12-12 03:21:27";"113"
"LED BARET 8 AMP OCAS";"113018";NULL;NULL;"2023-09-06 12:44:00";"2023-09-06 12:44:00";"113"
"LED BARET 80 AMP";"113019";NULL;NULL;"2023-09-06 12:44:00";"2023-09-06 12:44:00";"113"
"LED BARET 9 AMP";"113020";NULL;NULL;"2023-09-06 12:44:00";"2023-09-06 12:44:00";"113"
"LED BARET 96 AMP 12V";"113021";NULL;NULL;"2023-09-06 12:44:00";"2023-09-06 12:44:00";"113"
"LED BARET LG";"113022";NULL;NULL;"2023-09-06 12:44:00";"2023-09-06 12:44:00";"113"
"LED BARET LG 10 AMP";"113046";NULL;NULL;"2023-12-12 03:21:27";"2023-12-12 03:21:27";"113"
"LED BLANC BLANC";"113035";NULL;NULL;"2023-09-06 12:44:00";"2023-09-06 12:44:00";"113"
"LED BLANC BLEU";"113026";NULL;NULL;"2023-09-06 12:44:00";"2023-09-06 12:44:00";"113"
"LED BLANC EN PAQUET 500";"113024";NULL;NULL;"2023-09-06 12:44:00";"2023-09-06 12:44:00";"113"
"LED BLANC JAUNE EN PIECE";"113025";NULL;NULL;"2023-09-06 12:44:00";"2023-09-06 12:44:00";"113"
"LED BLANC MULTI NUMCOLOR";"113027";NULL;NULL;"2023-09-06 12:44:00";"2023-09-06 12:44:00";"113"
"LED BLANC POINT JAUNE";"113028";NULL;NULL;"2023-09-06 12:44:00";"2023-09-06 12:44:00";"113"
"LED BLANC ROUGE";"113029";NULL;NULL;"2023-09-06 12:44:00";"2023-09-06 12:44:00";"113"
"LED BLANC VERT";"113030";NULL;NULL;"2023-09-06 12:44:00";"2023-09-06 12:44:00";"113"
"LED EN SACHET 3V 10PCS OD";"113040";NULL;NULL;"2023-12-12 03:21:27";"2023-12-12 03:21:27";"113"
"LED EN SACHET 3V 7PCS";"113043";NULL;NULL;"2023-12-12 03:21:27";"2023-12-12 03:21:27";"113"
"LED EN SACHET 6V 7PCS OD";"113041";NULL;NULL;"2023-12-12 03:21:27";"2023-12-12 03:21:27";"113"
"LED JAUNE EN PIECE";"113031";NULL;NULL;"2023-09-06 12:44:00";"2023-09-06 12:44:00";"113"
"LED ORANGE";"113032";NULL;NULL;"2023-09-06 12:44:00";"2023-09-06 12:44:00";"113"
"LED ROUGE";"113033";NULL;NULL;"2023-09-06 12:44:00";"2023-09-06 12:44:00";"113"
"LED VERT";"113034";NULL;NULL;"2023-09-06 12:44:00";"2023-09-06 12:44:00";"113"
"LENTILE DVD DL6";"244001";NULL;NULL;"2023-09-06 12:44:00";"2023-09-06 12:44:00";"244"
"LENTILE DVD SF HD65";"244002";NULL;NULL;"2023-09-06 12:44:00";"2023-09-06 12:44:00";"244"
"LENTILE HD60";"244003";NULL;NULL;"2023-09-06 12:44:00";"2023-09-06 12:44:00";"244"
"LENTILE HD62";"244005";NULL;NULL;"2023-09-06 12:44:00";"2023-09-06 12:44:00";"244"
"LENTILE HD850";"244004";NULL;NULL;"2023-09-06 12:44:00";"2023-09-06 12:44:00";"244"
"LENTILE KSS-213";"244006";NULL;NULL;"2023-09-06 12:44:00";"2023-09-06 12:44:00";"244"
"LENTILE SOH-AAN";"244007";NULL;NULL;"2023-09-06 12:44:00";"2023-09-06 12:44:00";"244"
"LG_843_O3C";"117103";NULL;NULL;"2023-09-06 12:44:00";"2023-09-06 12:44:00";"117"
"LH_5048";"117104";NULL;NULL;"2023-09-06 12:44:00";"2023-09-06 12:44:00";"117"
"LISSEUR KEMIE";"501004";NULL;NULL;"2023-09-06 14:58:51";"2023-09-06 14:58:51";"501"
"LIT DEUX PLACE  CUIRE";"501084";NULL;NULL;"2023-09-06 14:58:55";"2023-09-06 14:58:55";"501"
"LIT PICO";"703001";NULL;NULL;"2023-09-06 14:58:55";"2023-09-06 14:58:55";"703"
"LM 311";"102478";NULL;NULL;"2023-09-06 12:44:00";"2023-09-06 12:44:00";"102"
"LM 317";"102479";NULL;NULL;"2023-09-06 12:44:00";"2023-09-06 12:44:00";"102"
"LM 319";"102480";NULL;NULL;"2023-09-06 12:44:00";"2023-09-06 12:44:00";"102"
"LM 324";"102481";NULL;NULL;"2023-09-06 12:44:00";"2023-09-06 12:44:00";"102"
"LM 325";"102482";NULL;NULL;"2023-09-06 12:44:00";"2023-09-06 12:44:00";"102"
"LM 337";"102483";NULL;NULL;"2023-09-06 12:44:00";"2023-09-06 12:44:00";"102"
"LM 339";"102484";NULL;NULL;"2023-09-06 12:44:00";"2023-09-06 12:44:00";"102"
"LM 35";"102485";NULL;NULL;"2023-09-06 12:44:00";"2023-09-06 12:44:00";"102"
"LM 356";"102486";NULL;NULL;"2023-09-06 12:44:00";"2023-09-06 12:44:00";"102"
"LM 358";"102487";NULL;NULL;"2023-09-06 12:44:00";"2023-09-06 12:44:00";"102"
"LM 385";"102488";NULL;NULL;"2023-09-06 12:44:00";"2023-09-06 12:44:00";"102"
"LM 386";"102489";NULL;NULL;"2023-09-06 12:44:00";"2023-09-06 12:44:00";"102"
"LM 3876";"102490";NULL;NULL;"2023-09-06 12:44:00";"2023-09-06 12:44:00";"102"
"LM 3886";"102491";NULL;NULL;"2023-09-06 12:44:00";"2023-09-06 12:44:00";"102"
"LM 3914";"102492";NULL;NULL;"2023-09-06 12:44:00";"2023-09-06 12:44:00";"102"
"LM 393";"102493";NULL;NULL;"2023-09-06 12:44:00";"2023-09-06 12:44:00";"102"
"LM 4700";"102494";NULL;NULL;"2023-09-06 12:44:00";"2023-09-06 12:44:00";"102"
"LM 4701";"102495";NULL;NULL;"2023-09-06 12:44:00";"2023-09-06 12:44:00";"102"
"LM 4752";"102496";NULL;NULL;"2023-09-06 12:44:00";"2023-09-06 12:44:00";"102"
"LM 4755";"102497";NULL;NULL;"2023-09-06 12:44:00";"2023-09-06 12:44:00";"102"
"LM 741";"102498";NULL;NULL;"2023-09-06 12:44:00";"2023-09-06 12:44:00";"102"
"LM 7693";"102499";NULL;NULL;"2023-09-06 12:44:01";"2023-09-06 12:44:01";"102"
"LM 8560";"102500";NULL;NULL;"2023-09-06 12:44:01";"2023-09-06 12:44:01";"102"
"LNK 300";"102501";NULL;NULL;"2023-09-06 12:44:01";"2023-09-06 12:44:01";"102"
"LNK 304";"102502";NULL;NULL;"2023-09-06 12:44:01";"2023-09-06 12:44:01";"102"
"LNK 305";"102503";NULL;NULL;"2023-09-06 12:44:01";"2023-09-06 12:44:01";"102"
"LNK 306";"102504";NULL;NULL;"2023-09-06 12:44:01";"2023-09-06 12:44:01";"102"
"LNK 354";"102505";NULL;NULL;"2023-09-06 12:44:01";"2023-09-06 12:44:01";"102"
"LNK 364";"102506";NULL;NULL;"2023-09-06 12:44:01";"2023-09-06 12:44:01";"102"
"LNK 500";"102507";NULL;NULL;"2023-09-06 12:44:01";"2023-09-06 12:44:01";"102"
"LNK 626";"102508";NULL;NULL;"2023-09-06 12:44:01";"2023-09-06 12:44:01";"102"
"LOTUS JEUX DE 42";"501082";NULL;NULL;"2023-09-06 14:58:55";"2023-09-06 14:58:55";"501"
"LOUPE + 1 LED LJ008";"245002";NULL;NULL;"2023-09-06 12:44:01";"2023-09-06 12:44:01";"245"
"LOUPE + TORCHE LED LJ-0021";"245001";NULL;NULL;"2023-09-06 12:44:01";"2023-09-06 12:44:01";"245"
"LOUPE 50MM SIMPLE";"245003";NULL;NULL;"2023-09-06 12:44:01";"2023-09-06 12:44:01";"245"
"LOUPE 60MM TH-6000558/ 6LED";"245004";NULL;NULL;"2023-09-06 12:44:01";"2023-09-06 12:44:01";"245"
"LOUPE 65MM MG89075/MG6B-4";"245006";NULL;NULL;"2023-09-06 12:44:01";"2023-09-06 12:44:01";"245"
"LOUPE 75MM MG89076";"245005";NULL;NULL;"2023-09-06 12:44:01";"2023-09-06 12:44:01";"245"
"LOUPE FM MG 16129C + SUPPORT";"245007";NULL;NULL;"2023-09-06 12:44:01";"2023-09-06 12:44:01";"245"
"LOUPE PM+SUPORT TE801";"245008";NULL;NULL;"2023-09-06 12:44:01";"2023-09-06 12:44:01";"245"
"LV 76223";"102509";NULL;NULL;"2023-09-06 12:44:01";"2023-09-06 12:44:01";"102"
"LV 76610A";"102510";NULL;NULL;"2023-09-06 12:44:01";"2023-09-06 12:44:01";"102"
"M_193_CBI";"102563";NULL;NULL;"2023-09-06 12:44:05";"2023-09-06 12:44:05";"102"
"M_206_B1";"101161";NULL;NULL;"2023-09-06 12:44:05";"2023-09-06 12:44:05";"101"
"M_3306";"101162";NULL;NULL;"2023-09-06 12:44:05";"2023-09-06 12:44:05";"101"
"M_491";"102564";NULL;NULL;"2023-09-06 12:44:05";"2023-09-06 12:44:05";"102"
"M_51320";"117105";NULL;NULL;"2023-09-06 12:44:05";"2023-09-06 12:44:05";"117"
"M_51413";"102565";NULL;NULL;"2023-09-06 12:44:05";"2023-09-06 12:44:05";"102"
"M_51496P";"102566";NULL;NULL;"2023-09-06 12:44:05";"2023-09-06 12:44:05";"102"
"M_51515";"102567";NULL;NULL;"2023-09-06 12:44:05";"2023-09-06 12:44:05";"102"
"M_51515_BL";"102568";NULL;NULL;"2023-09-06 12:44:05";"2023-09-06 12:44:05";"102"
"M_51517";"102569";NULL;NULL;"2023-09-06 12:44:05";"2023-09-06 12:44:05";"102"
"M_708";"102570";NULL;NULL;"2023-09-06 12:44:05";"2023-09-06 12:44:05";"102"
"MA 1050";"108001";NULL;NULL;"2023-09-06 12:44:01";"2023-09-06 12:44:01";"108"
"MA 2830";"108002";NULL;NULL;"2023-09-06 12:44:01";"2023-09-06 12:44:01";"108"
"MAC 97";"103997";NULL;NULL;"2023-09-06 12:44:01";"2023-09-06 12:44:01";"103"
"MACHETTE DE CUISINE";"501220";NULL;NULL;"2023-09-06 14:59:04";"2023-09-06 14:59:04";"501"
"MACHINE A COUDRE";"501079";NULL;NULL;"2023-09-06 14:58:55";"2023-09-06 14:58:55";"501"
"MACHINE A HACHER MANUEL";"501056";NULL;NULL;"2023-09-06 14:58:55";"2023-09-06 14:58:55";"501"
"MAGIC POWER 24V 4FIL STR DNO 565";"246001";NULL;NULL;"2023-09-06 12:44:01";"2023-09-06 12:44:01";"246"
"MAGIC POWER 24V 5FIL STR CA-888";"246002";NULL;NULL;"2023-09-06 12:44:01";"2023-09-06 12:44:01";"246"
"MAGIC POWER BLANC KLY";"246003";NULL;NULL;"2023-09-06 12:44:01";"2023-09-06 12:44:01";"246"
"MAGIC POWER BLEU";"246004";NULL;NULL;"2023-09-06 12:44:01";"2023-09-06 12:44:01";"246"
"MAGIC POWER DS-18";"246005";NULL;NULL;"2023-09-06 12:44:01";"2023-09-06 12:44:01";"246"
"MAGIC POWER NOIR 14""-34"" / BLANC";"246006";NULL;NULL;"2023-09-06 12:44:01";"2023-09-06 12:44:01";"246"
"MALLETE";"501077";NULL;NULL;"2023-09-06 14:58:55";"2023-09-06 14:58:55";"501"
"MANCHE DE BAFLE CARRE PLAST";"215068";NULL;NULL;"2023-09-06 12:44:01";"2023-09-06 12:44:01";"215"
"MANCHE DE REGULATEUR";"215233";NULL;NULL;"2023-09-06 12:44:47";"2023-09-06 12:44:47";"215"
"MANCHONS POUR RJ45";"215279";NULL;NULL;"2023-09-06 12:44:48";"2023-09-06 12:44:48";"215"
"MANITE TRAITEUR";"501190";NULL;NULL;"2023-09-06 14:59:03";"2023-09-06 14:59:03";"501"
"MARMITE CHAUFANTE";"501015";NULL;NULL;"2023-09-06 14:58:53";"2023-09-06 14:58:53";"501"
"MAT 140X190X15 BROC";"705032";NULL;NULL;"2023-09-06 14:58:59";"2023-09-06 14:58:59";"705"
"MAT 140X190X18 BROC";"705024";NULL;NULL;"2023-09-06 14:58:59";"2023-09-06 14:58:59";"705"
"MAT 140X190X20 BROC";"705036";NULL;NULL;"2023-09-06 14:58:59";"2023-09-06 14:58:59";"705"
"MAT 140X190X22 BROC";"705022";NULL;NULL;"2023-09-06 14:58:59";"2023-09-06 14:58:59";"705"
"MAT D12 090X190X15";"705002";NULL;NULL;"2023-09-06 14:58:58";"2023-09-06 14:58:58";"705"
"MAT D12 100X190X15";"705004";NULL;NULL;"2023-09-06 14:58:58";"2023-09-06 14:58:58";"705"
"MAT D12 140X190X15";"705006";NULL;NULL;"2023-09-06 14:58:58";"2023-09-06 14:58:58";"705"
"MAT D15 090X190X16";"705003";NULL;NULL;"2023-09-06 14:58:58";"2023-09-06 14:58:58";"705"
"MAT D15 120X190X15";"705005";NULL;NULL;"2023-09-06 14:58:58";"2023-09-06 14:58:58";"705"
"MAT D15 140X190X18 NW";"705008";NULL;NULL;"2023-09-06 14:58:58";"2023-09-06 14:58:58";"705"
"MAT D15 140X190X18 ROMA";"705007";NULL;NULL;"2023-09-06 14:58:58";"2023-09-06 14:58:58";"705"
"MAT D15 140X190X20 BROC";"705012";NULL;NULL;"2023-09-06 14:58:58";"2023-09-06 14:58:58";"705"
"MAT D15 140X190X20 NW BB";"705011";NULL;NULL;"2023-09-06 14:58:58";"2023-09-06 14:58:58";"705"
"MAT D15 140X190X20 NW D20";"705018";NULL;NULL;"2023-09-06 14:58:59";"2023-09-06 14:58:59";"705"
"MAT D15 140X190X20 ROMA";"705013";NULL;NULL;"2023-09-06 14:58:58";"2023-09-06 14:58:58";"705"
"MAT D15 160X190X18 ROMA";"705009";NULL;NULL;"2023-09-06 14:58:58";"2023-09-06 14:58:58";"705"
"MAT D15 160X190X20 NW BB";"705019";NULL;NULL;"2023-09-06 14:58:59";"2023-09-06 14:58:59";"705"
"MAT D15 160X190X20 NW NB";"705017";NULL;NULL;"2023-09-06 14:58:58";"2023-09-06 14:58:58";"705"
"MAT D15 160X200X20 NW BB";"705041";NULL;NULL;"2023-09-06 14:58:59";"2023-09-06 14:58:59";"705"
"MAT D15 180X190X20 LM BB";"705025";NULL;NULL;"2023-09-06 14:58:59";"2023-09-06 14:58:59";"705"
"MAT D15 180X190X20 NW BB";"705044";NULL;NULL;"2023-09-06 14:58:59";"2023-09-06 14:58:59";"705"
"MAT D15 180X200 20 NW BB";"705042";NULL;NULL;"2023-09-06 14:58:59";"2023-09-06 14:58:59";"705"
"MAT D15 190X190 X20 NW BB";"705038";NULL;NULL;"2023-09-06 14:58:59";"2023-09-06 14:58:59";"705"
"MAT D15 200X200X20 LM NB";"705033";NULL;NULL;"2023-09-06 14:58:59";"2023-09-06 14:58:59";"705"
"MAT D15 200X200X20 NW BB";"705043";NULL;NULL;"2023-09-06 14:58:59";"2023-09-06 14:58:59";"705"
"MAT D20 140X190X22 RUBIS";"705015";NULL;NULL;"2023-09-06 14:58:58";"2023-09-06 14:58:58";"705"
"MAT D20 140X190X25 RUBIS";"705014";NULL;NULL;"2023-09-06 14:58:58";"2023-09-06 14:58:58";"705"
"MAT D20 160X190X18 RUBIS";"705020";NULL;NULL;"2023-09-06 14:58:59";"2023-09-06 14:58:59";"705"
"MAT D20 160X190X22 RUBIS";"705021";NULL;NULL;"2023-09-06 14:58:59";"2023-09-06 14:58:59";"705"
"MAT D20 160X200X20 RUBIS";"705040";NULL;NULL;"2023-09-06 14:58:59";"2023-09-06 14:58:59";"705"
"MAT D20 180X190X18 RUBIS";"705028";NULL;NULL;"2023-09-06 14:58:59";"2023-09-06 14:58:59";"705"
"MAT D20 180X200X20 RUBIS";"705029";NULL;NULL;"2023-09-06 14:58:59";"2023-09-06 14:58:59";"705"
"MAT D20 190X190X20 RUBIS";"705031";NULL;NULL;"2023-09-06 14:58:59";"2023-09-06 14:58:59";"705"
"MAT D20 190X200X20 RUBIS";"705035";NULL;NULL;"2023-09-06 14:58:59";"2023-09-06 14:58:59";"705"
"MAT D20 200X200X20 RUBIS";"705039";NULL;NULL;"2023-09-06 14:58:59";"2023-09-06 14:58:59";"705"
"MAT D20 200X200X25 RUBIS";"705030";NULL;NULL;"2023-09-06 14:58:59";"2023-09-06 14:58:59";"705"
"MAT D27 140X190X20 AMOR";"705016";NULL;NULL;"2023-09-06 14:58:58";"2023-09-06 14:58:58";"705"
"MAT D27 160X190X18 AMOR";"705023";NULL;NULL;"2023-09-06 14:58:59";"2023-09-06 14:58:59";"705"
"MAT D27 160X190X20 ROMA";"705010";NULL;NULL;"2023-09-06 14:58:58";"2023-09-06 14:58:58";"705"
"MAT D27 180X190X20 AMOR";"705026";NULL;NULL;"2023-09-06 14:58:59";"2023-09-06 14:58:59";"705"
"MAT D27 180X200X20 AMOR";"705027";NULL;NULL;"2023-09-06 14:58:59";"2023-09-06 14:58:59";"705"
"MAT D27 190X190X20 LM AMOR";"705037";NULL;NULL;"2023-09-06 14:58:59";"2023-09-06 14:58:59";"705"
"MAT D27 200X200X20  AMOR";"705034";NULL;NULL;"2023-09-06 14:58:59";"2023-09-06 14:58:59";"705"
"MATELAS GONFLABLE";"705001";NULL;NULL;"2023-09-06 14:58:55";"2023-09-06 14:58:55";"705"
"MB 3205";"108004";NULL;NULL;"2023-09-06 12:44:01";"2023-09-06 12:44:01";"108"
"MB 3730";"108005";NULL;NULL;"2023-09-06 12:44:01";"2023-09-06 12:44:01";"108"
"MBR 3045";"108003";NULL;NULL;"2023-09-06 12:44:01";"2023-09-06 12:44:01";"108"
"MC 14027";"102525";NULL;NULL;"2023-09-06 12:44:01";"2023-09-06 12:44:01";"102"
"MC 14052";"102526";NULL;NULL;"2023-09-06 12:44:01";"2023-09-06 12:44:01";"102"
"MC 14411";"102527";NULL;NULL;"2023-09-06 12:44:01";"2023-09-06 12:44:01";"102"
"MC 14499";"102528";NULL;NULL;"2023-09-06 12:44:01";"2023-09-06 12:44:01";"102"
"MC 14556";"102529";NULL;NULL;"2023-09-06 12:44:01";"2023-09-06 12:44:01";"102"
"MC 14558";"102530";NULL;NULL;"2023-09-06 12:44:01";"2023-09-06 12:44:01";"102"
"MC 14584";"102531";NULL;NULL;"2023-09-06 12:44:01";"2023-09-06 12:44:01";"102"
"MC 23001";"102532";NULL;NULL;"2023-09-06 12:44:02";"2023-09-06 12:44:02";"102"
"MC 3306";"102533";NULL;NULL;"2023-09-06 12:44:02";"2023-09-06 12:44:02";"102"
"MC 33063";"102534";NULL;NULL;"2023-09-06 12:44:02";"2023-09-06 12:44:02";"102"
"MC 33067";"102535";NULL;NULL;"2023-09-06 12:44:02";"2023-09-06 12:44:02";"102"
"MC 3403";"102536";NULL;NULL;"2023-09-06 12:44:02";"2023-09-06 12:44:02";"102"
"MC 34063";"102537";NULL;NULL;"2023-09-06 12:44:02";"2023-09-06 12:44:02";"102"
"MC 34064";"1031025";NULL;NULL;"2023-09-06 12:44:03";"2023-09-06 12:44:03";"103"
"MC 4066";"102538";NULL;NULL;"2023-09-06 12:44:02";"2023-09-06 12:44:02";"102"
"MC 44602";"102539";NULL;NULL;"2023-09-06 12:44:02";"2023-09-06 12:44:02";"102"
"MC 44603";"102540";NULL;NULL;"2023-09-06 12:44:02";"2023-09-06 12:44:02";"102"
"MC 44604";"102541";NULL;NULL;"2023-09-06 12:44:02";"2023-09-06 12:44:02";"102"
"MC 44608";"102705";NULL;NULL;"2023-12-12 03:21:28";"2023-12-12 03:21:28";"102"
"MC 604";"102542";NULL;NULL;"2023-09-06 12:44:02";"2023-09-06 12:44:02";"102"
"MCR 100";"102518";NULL;NULL;"2023-09-06 12:44:01";"2023-09-06 12:44:01";"102"
"MCR 22";"102519";NULL;NULL;"2023-09-06 12:44:01";"2023-09-06 12:44:01";"102"
"MCR 400";"102520";NULL;NULL;"2023-09-06 12:44:01";"2023-09-06 12:44:01";"102"
"MCZ 3000";"102521";NULL;NULL;"2023-09-06 12:44:01";"2023-09-06 12:44:01";"102"
"MCZ 3001";"102522";NULL;NULL;"2023-09-06 12:44:01";"2023-09-06 12:44:01";"102"
"MCZ 8002";"102523";NULL;NULL;"2023-09-06 12:44:01";"2023-09-06 12:44:01";"102"
"MCZ 9807";"102524";NULL;NULL;"2023-09-06 12:44:01";"2023-09-06 12:44:01";"102"
"MD 1023";"1031000";NULL;NULL;"2023-09-06 12:44:02";"2023-09-06 12:44:02";"103"
"MDA 2061";"103998";NULL;NULL;"2023-09-06 12:44:02";"2023-09-06 12:44:02";"103"
"MDA 2062";"103999";NULL;NULL;"2023-09-06 12:44:02";"2023-09-06 12:44:02";"103"
"MECHANISME DVD + LENTILE";"215069";NULL;NULL;"2023-09-06 12:44:02";"2023-09-06 12:44:02";"215"
"MEMBRN HP 10""";"247001";NULL;NULL;"2023-09-06 12:44:02";"2023-09-06 12:44:02";"247"
"MEMBRN HP 105LET 12""+BOBINE 44.5";"247010";NULL;NULL;"2023-09-06 12:44:02";"2023-09-06 12:44:02";"247"
"MEMBRN HP 15"" ORD 105LET";"247002";NULL;NULL;"2023-09-06 12:44:02";"2023-09-06 12:44:02";"247"
"MEMBRN HP 15"" ORG 105LET";"247003";NULL;NULL;"2023-09-06 12:44:02";"2023-09-06 12:44:02";"247"
"MEMBRN HP 18"" 105LET";"247004";NULL;NULL;"2023-09-06 12:44:02";"2023-09-06 12:44:02";"247"
"MEMBRN HP 4""";"247005";NULL;NULL;"2023-09-06 12:44:02";"2023-09-06 12:44:02";"247"
"MEMBRN HP 5.5P";"247006";NULL;NULL;"2023-09-06 12:44:02";"2023-09-06 12:44:02";"247"
"MEMBRN HP 6.5""";"247007";NULL;NULL;"2023-09-06 12:44:02";"2023-09-06 12:44:02";"247"
"MEMBRN HP 8""";"247008";NULL;NULL;"2023-09-06 12:44:02";"2023-09-06 12:44:02";"247"
"MEMBRN HP G-12""";"247009";NULL;NULL;"2023-09-06 12:44:02";"2023-09-06 12:44:02";"247"
"MEMBRN TROMPET 34.5"" ALU";"247011";NULL;NULL;"2023-09-06 12:44:02";"2023-09-06 12:44:02";"247"
"MEMBRN TROMPET 34.5"" PLAST";"247012";NULL;NULL;"2023-09-06 12:44:02";"2023-09-06 12:44:02";"247"
"MEMBRN TROMPET 44.5"" ALU";"247013";NULL;NULL;"2023-09-06 12:44:02";"2023-09-06 12:44:02";"247"
"MEMBRN TROMPET 44.5"" ALU+ BORN";"247014";NULL;NULL;"2023-09-06 12:44:02";"2023-09-06 12:44:02";"247"
"MEMBRN TROMPET 51 ALU + BORN";"247015";NULL;NULL;"2023-09-06 12:44:02";"2023-09-06 12:44:02";"247"
"MEMBRN TROMPET 51"" PLAST";"247016";NULL;NULL;"2023-09-06 12:44:02";"2023-09-06 12:44:02";"247"
"MEMBRN TROMPET 61 ALU + BORN";"247017";NULL;NULL;"2023-09-06 12:44:02";"2023-09-06 12:44:02";"247"
"MEMBRN TROMPET 64.5""";"247018";NULL;NULL;"2023-09-06 12:44:02";"2023-09-06 12:44:02";"247"
"MIC + FIL DYNAMIC BE-20";"215086";NULL;NULL;"2023-09-06 12:44:02";"2023-09-06 12:44:02";"215"
"MIC + FIL SHURE SH6-3";"215071";NULL;NULL;"2023-09-06 12:44:02";"2023-09-06 12:44:02";"215"
"MIC + FIL SONY";"215083";NULL;NULL;"2023-09-06 12:44:02";"2023-09-06 12:44:02";"215"
"MIC + FIL YAMAHA DM-30S";"215084";NULL;NULL;"2023-09-06 12:44:02";"2023-09-06 12:44:02";"215"
"MIC +FIL SONY DM-18Y";"215072";NULL;NULL;"2023-09-06 12:44:02";"2023-09-06 12:44:02";"215"
"MIC BALADEUR AHUJA/ CTP-10DX";"215073";NULL;NULL;"2023-09-06 12:44:02";"2023-09-06 12:44:02";"215"
"MIC FM ATP 100DX";"215074";NULL;NULL;"2023-09-06 12:44:02";"2023-09-06 12:44:02";"215"
"MIC FM CHOUBOBY GM633";"215075";NULL;NULL;"2023-09-06 12:44:02";"2023-09-06 12:44:02";"215"
"MIC FM CTP 10DX";"215076";NULL;NULL;"2023-09-06 12:44:02";"2023-09-06 12:44:02";"215"
"MIC FM MAX DH-744";"215085";NULL;NULL;"2023-09-06 12:44:02";"2023-09-06 12:44:02";"215"
"MIC FM SHURE 388 SM";"215081";NULL;NULL;"2023-09-06 12:44:02";"2023-09-06 12:44:02";"215"
"MIC FM SONY SN-2000";"215077";NULL;NULL;"2023-09-06 12:44:02";"2023-09-06 12:44:02";"215"
"MIC FM SONY SY 338";"215087";NULL;NULL;"2023-09-06 12:44:02";"2023-09-06 12:44:02";"215"
"MIC FM SONY WM 650";"215082";NULL;NULL;"2023-09-06 12:44:02";"2023-09-06 12:44:02";"215"
"MIC FM YAMAHA YM-288 MINCE";"215078";NULL;NULL;"2023-09-06 12:44:02";"2023-09-06 12:44:02";"215"
"MIC FM_YAMAHA_YM-288 GROS";"215079";NULL;NULL;"2023-09-06 12:44:02";"2023-09-06 12:44:02";"215"
"MIC FM-366 SOUND CODE";"215080";NULL;NULL;"2023-09-06 12:44:02";"2023-09-06 12:44:02";"215"
"MIC SAMSUMG SM 777";"215070";NULL;NULL;"2023-09-06 12:44:02";"2023-09-06 12:44:02";"215"
"MICRO ONDE LG";"613002";NULL;NULL;"2023-09-06 14:58:56";"2023-09-06 14:58:56";"613"
"MICRO ONDE PANASONIC";"613004";NULL;NULL;"2023-09-06 14:58:56";"2023-09-06 14:58:56";"613"
"MICRO ONDE SEVERIN";"613001";NULL;NULL;"2023-09-06 14:58:56";"2023-09-06 14:58:56";"613"
"MICRO ONDE SIEMENSS";"613005";NULL;NULL;"2023-09-06 14:58:56";"2023-09-06 14:58:56";"613"
"MIMI CHAINE 3DVP UNVERSUNEX";"606003";NULL;NULL;"2023-09-06 14:58:52";"2023-09-06 14:58:52";"606"
"MINI CHAINE 3DVP UNVERSUNEX";"605006";NULL;NULL;"2023-12-12 03:33:49";"2023-12-12 03:33:49";"605"
"MINI CHAINE MUSCICAL SOUN WANK";"606001";NULL;NULL;"2023-09-06 14:58:52";"2023-09-06 14:58:52";"606"
"MINI CHAINE PHILLIP PM";"606002";NULL;NULL;"2023-09-06 14:58:52";"2023-09-06 14:58:52";"606"
"MINI WOOFER KTF-310";"215225";NULL;NULL;"2023-09-06 12:44:47";"2023-09-06 12:44:47";"215"
"MINI WOOFER WJ-187 BT";"215224";NULL;NULL;"2023-09-06 12:44:47";"2023-09-06 12:44:47";"215"
"MINI WOOFER WS-887";"215223";NULL;NULL;"2023-09-06 12:44:47";"2023-09-06 12:44:47";"215"
"MIP 203";"102543";NULL;NULL;"2023-09-06 12:44:02";"2023-09-06 12:44:02";"102"
"MIP 2C3";"102544";NULL;NULL;"2023-09-06 12:44:03";"2023-09-06 12:44:03";"102"
"MIP 2E2";"102545";NULL;NULL;"2023-09-06 12:44:03";"2023-09-06 12:44:03";"102"
"MIP 2F2";"102546";NULL;NULL;"2023-09-06 12:44:03";"2023-09-06 12:44:03";"102"
"MIP 2F3";"102547";NULL;NULL;"2023-09-06 12:44:03";"2023-09-06 12:44:03";"102"
"MIP 2F4";"102548";NULL;NULL;"2023-09-06 12:44:03";"2023-09-06 12:44:03";"102"
"MIP 2H2";"102549";NULL;NULL;"2023-09-06 12:44:03";"2023-09-06 12:44:03";"102"
"MIP 2K3";"102550";NULL;NULL;"2023-09-06 12:44:03";"2023-09-06 12:44:03";"102"
"MIP 4020";"102551";NULL;NULL;"2023-09-06 12:44:03";"2023-09-06 12:44:03";"102"
"MIXEUR HOMELUX PLASTIQURE";"608004";NULL;NULL;"2023-09-06 14:58:56";"2023-09-06 14:58:56";"608"
"MIXEUR ROYAL SWISS CASSABLE";"608001";NULL;NULL;"2023-09-06 14:58:56";"2023-09-06 14:58:56";"608"
"MJE 13001";"103926";NULL;NULL;"2023-09-06 12:43:45";"2023-09-06 12:43:45";"103"
"MJE 13002";"103927";NULL;NULL;"2023-09-06 12:43:45";"2023-09-06 12:43:45";"103"
"MJE 13003";"103928";NULL;NULL;"2023-09-06 12:43:45";"2023-09-06 12:43:45";"103"
"MJE 13005";"103929";NULL;NULL;"2023-09-06 12:43:45";"2023-09-06 12:43:45";"103"
"MJE 13007";"103930";NULL;NULL;"2023-09-06 12:43:45";"2023-09-06 12:43:45";"103"
"MJE 13009";"1031004";NULL;NULL;"2023-09-06 12:44:03";"2023-09-06 12:44:03";"103"
"MJE 13009 GM";"103931";NULL;NULL;"2023-09-06 12:43:45";"2023-09-06 12:43:45";"103"
"MJE 13009 PM";"103932";NULL;NULL;"2023-09-06 12:43:45";"2023-09-06 12:43:45";"103"
"MJE 15015";"1031005";NULL;NULL;"2023-09-06 12:44:03";"2023-09-06 12:44:03";"103"
"MJE 15015 ORG";"1031006";NULL;NULL;"2023-09-06 12:44:03";"2023-09-06 12:44:03";"103"
"MJE 15016";"1031007";NULL;NULL;"2023-09-06 12:44:03";"2023-09-06 12:44:03";"103"
"MJE 15016 ORG";"1031008";NULL;NULL;"2023-09-06 12:44:03";"2023-09-06 12:44:03";"103"
"MJE 15024";"1031009";NULL;NULL;"2023-09-06 12:44:03";"2023-09-06 12:44:03";"103"
"MJE 15024 ORG";"1031010";NULL;NULL;"2023-09-06 12:44:03";"2023-09-06 12:44:03";"103"
"MJE 15025";"1031011";NULL;NULL;"2023-09-06 12:44:03";"2023-09-06 12:44:03";"103"
"MJE 15025 ORG";"1031012";NULL;NULL;"2023-09-06 12:44:03";"2023-09-06 12:44:03";"103"
"MJE 15032";"1031013";NULL;NULL;"2023-09-06 12:44:03";"2023-09-06 12:44:03";"103"
"MJE 15032 ORG";"1031014";NULL;NULL;"2023-09-06 12:44:03";"2023-09-06 12:44:03";"103"
"MJE 15033";"1031015";NULL;NULL;"2023-09-06 12:44:03";"2023-09-06 12:44:03";"103"
"MJE 15033 ORG";"1031016";NULL;NULL;"2023-09-06 12:44:03";"2023-09-06 12:44:03";"103"
"MJE 18004";"1031017";NULL;NULL;"2023-09-06 12:44:03";"2023-09-06 12:44:03";"103"
"MJE 18006";"1031018";NULL;NULL;"2023-09-06 12:44:03";"2023-09-06 12:44:03";"103"
"MJE 2955";"1031003";NULL;NULL;"2023-09-06 12:44:02";"2023-09-06 12:44:02";"103"
"MJE 3055";"1031019";NULL;NULL;"2023-09-06 12:44:03";"2023-09-06 12:44:03";"103"
"MJE 340";"1031020";NULL;NULL;"2023-09-06 12:44:03";"2023-09-06 12:44:03";"103"
"MJE 350";"1031021";NULL;NULL;"2023-09-06 12:44:03";"2023-09-06 12:44:03";"103"
"MJF_18006";"1031022";NULL;NULL;"2023-09-06 12:44:03";"2023-09-06 12:44:03";"103"
"MJW 0281";"1031023";NULL;NULL;"2023-09-06 12:44:03";"2023-09-06 12:44:03";"103"
"MJW 0302";"1031024";NULL;NULL;"2023-09-06 12:44:03";"2023-09-06 12:44:03";"103"
"ML 2300";"102552";NULL;NULL;"2023-09-06 12:44:03";"2023-09-06 12:44:03";"102"
"MN 1220";"102553";NULL;NULL;"2023-09-06 12:44:03";"2023-09-06 12:44:03";"102"
"MN 1405";"102554";NULL;NULL;"2023-09-06 12:44:03";"2023-09-06 12:44:03";"102"
"MN 14822";"102555";NULL;NULL;"2023-09-06 12:44:03";"2023-09-06 12:44:03";"102"
"MN 15245";"102556";NULL;NULL;"2023-09-06 12:44:03";"2023-09-06 12:44:03";"102"
"MN 15451";"102557";NULL;NULL;"2023-09-06 12:44:03";"2023-09-06 12:44:03";"102"
"MOC 3021";"126001";NULL;NULL;"2023-09-06 12:44:03";"2023-09-06 12:44:03";"126"
"MOC 3022";"126002";NULL;NULL;"2023-09-06 12:44:03";"2023-09-06 12:44:03";"126"
"MOC 3041";"126003";NULL;NULL;"2023-09-06 12:44:03";"2023-09-06 12:44:03";"126"
"MODUL AMPLI 2 XTOR ST TDA 2004 12V";"212026";NULL;NULL;"2023-09-06 12:44:03";"2023-09-06 12:44:03";"212"
"MODUL AMPLI 2 XTOR ST TDA 2030";"212027";NULL;NULL;"2023-09-06 12:44:03";"2023-09-06 12:44:03";"212"
"MODUL AMPLI 2 XTOR X-ELECT A1106/ C2580";"212016";NULL;NULL;"2023-09-06 12:44:03";"2023-09-06 12:44:03";"212"
"MODUL AMPLI 4 XTOR";"212017";NULL;NULL;"2023-09-06 12:44:03";"2023-09-06 12:44:03";"212"
"MODUL AMPLI 4 XTOR ( C3858/ A1494) PCB A15 28V";"212019";NULL;NULL;"2023-09-06 12:44:03";"2023-09-06 12:44:03";"212"
"MODUL AMPLI 4 XTOR ( C5200/ A1943) PCB A15 28V";"212020";NULL;NULL;"2023-09-06 12:44:03";"2023-09-06 12:44:03";"212"
"MODUL AMPLI 4 XTOR + ENTRE MIC";"212028";NULL;NULL;"2023-09-06 12:44:04";"2023-09-06 12:44:04";"212"
"MODUL AMPLI 4 XTOR 3POT 15V*2";"212033";NULL;NULL;"2023-09-06 12:44:04";"2023-09-06 12:44:04";"212"
"MODUL AMPLI 4 XTOR A1301/C3281";"212021";NULL;NULL;"2023-09-06 12:44:03";"2023-09-06 12:44:03";"212"
"MODUL AMPLI 6 XTOR + POT";"212022";NULL;NULL;"2023-09-06 12:44:03";"2023-09-06 12:44:03";"212"
"MODUL AMPLI 6 XTOR A1105/ C2580 25-50V";"212018";NULL;NULL;"2023-09-06 12:44:03";"2023-09-06 12:44:03";"212"
"MODUL AMPLI 6 XTOR-4POT 15V*2";"212034";NULL;NULL;"2023-09-06 12:44:04";"2023-09-06 12:44:04";"212"
"MODUL AMPLI 8 XTOR ( A1943/ C5200) DX-45M 30V X 2 PC";"212024";NULL;NULL;"2023-09-06 12:44:03";"2023-09-06 12:44:03";"212"
"MODUL AMPLI 8 XTOR ( A1943/ C5200) PCB A18 26V BIG";"212025";NULL;NULL;"2023-09-06 12:44:03";"2023-09-06 12:44:03";"212"
"MODUL AMPLI 8 XTOR ( C3858/ A1494) PCB A205 26V";"212023";NULL;NULL;"2023-09-06 12:44:03";"2023-09-06 12:44:03";"212"
"MODUL AMPLI 8 XTOR ( C5200/ A1943) 70V";"212029";NULL;NULL;"2023-09-06 12:44:04";"2023-09-06 12:44:04";"212"
"MODUL AMPLI 8XTOR ( A1943/ C5200) DX-45M 30V X 2 PC";"212041";NULL;NULL;"2023-12-12 03:21:28";"2023-12-12 03:21:28";"212"
"MODUL AMPLI LOCAL STK 4362 ST";"212036";NULL;NULL;"2023-09-06 12:44:04";"2023-09-06 12:44:04";"212"
"MODUL AMPLI NIF MNO 4 XTOR C 5200/ A1943";"212015";NULL;NULL;"2023-09-06 12:44:03";"2023-09-06 12:44:03";"212"
"MODUL AMPLI NIG 2 XTOR A1301/C3281";"212030";NULL;NULL;"2023-09-06 12:44:04";"2023-09-06 12:44:04";"212"
"MODUL AMPLI NIG 2 XTOR A1941/C5198";"212032";NULL;NULL;"2023-09-06 12:44:04";"2023-09-06 12:44:04";"212"
"MODUL AMPLI NIG 2 XTOR A1943/C5200";"212031";NULL;NULL;"2023-09-06 12:44:04";"2023-09-06 12:44:04";"212"
"MODUL AMPLI NIG CI TDA 2004/2005";"212014";NULL;NULL;"2023-09-06 12:44:03";"2023-09-06 12:44:03";"212"
"MODUL AMPLI NIG CI TDA 2030";"212013";NULL;NULL;"2023-09-06 12:44:03";"2023-09-06 12:44:03";"212"
"MODUL AMPLI NIG MNO 4 XTOR C 5200/ A1943";"212037";NULL;NULL;"2023-12-12 03:21:28";"2023-12-12 03:21:28";"212"
"MODUL AMPLI PCB 8 XTOR ( C3858/ A1494) A205 26V";"212040";NULL;NULL;"2023-12-12 03:21:28";"2023-12-12 03:21:28";"212"
"MODUL AMPLI PCB A15 4 XTOR ( C3858/ A1494) 28V";"212038";NULL;NULL;"2023-12-12 03:21:28";"2023-12-12 03:21:28";"212"
"MODUL AMPLI PCB A15 4 XTOR ( C5200/ A1943) 28V";"212039";NULL;NULL;"2023-12-12 03:21:28";"2023-12-12 03:21:28";"212"
"MODUL AMPLI PCB A18 8 XTOR ( A1943/ C5200) 26V BIG";"212042";NULL;NULL;"2023-12-12 03:21:28";"2023-12-12 03:21:28";"212"
"MODUL AMPLI WOOFER";"212035";NULL;NULL;"2023-09-06 12:44:04";"2023-09-06 12:44:04";"212"
"MODUL BLUETOOTH";"310001";NULL;NULL;"2023-09-06 12:44:04";"2023-09-06 12:44:04";"310"
"MODUL BLUETOOTH ARDUINO";"310006";NULL;NULL;"2023-12-12 03:21:29";"2023-12-12 03:21:29";"310"
"MODUL BLUETOOTH HC-05";"310002";NULL;NULL;"2023-09-06 12:44:04";"2023-09-06 12:44:04";"310"
"MODUL GPS EMETEUR RECEPTEUR (COUPLE)";"310004";NULL;NULL;"2023-09-06 12:44:04";"2023-09-06 12:44:04";"310"
"MODUL GSM SIM 900 (POWER MODUL) DS 18";"305003";NULL;NULL;"2023-09-06 12:44:04";"2023-09-06 12:44:04";"305"
"MODUL RFID";"310003";NULL;NULL;"2023-09-06 12:44:04";"2023-09-06 12:44:04";"310"
"MODUL SIM GSM 800";"305002";NULL;NULL;"2023-09-06 12:44:03";"2023-09-06 12:44:03";"305"
"MODUL UHF DM 19.8";"215090";NULL;NULL;"2023-09-06 12:44:04";"2023-09-06 12:44:04";"215"
"MODUL WIFI ESP 8266";"310005";NULL;NULL;"2023-09-06 12:44:04";"2023-09-06 12:44:04";"310"
"MODULATEUR AV-RF(TUNER)";"215088";NULL;NULL;"2023-09-06 12:44:04";"2023-09-06 12:44:04";"215"
"MODULATEUR UHF DM 16.95";"215089";NULL;NULL;"2023-09-06 12:44:04";"2023-09-06 12:44:04";"215"
"MOTEUR 12V GM-60071";"311001";NULL;NULL;"2023-09-06 12:44:04";"2023-09-06 12:44:04";"311"
"MOTEUR 12V MR RVL";"311002";NULL;NULL;"2023-09-06 12:44:04";"2023-09-06 12:44:04";"311"
"MOTEUR CW DC 6V";"311003";NULL;NULL;"2023-09-06 12:44:04";"2023-09-06 12:44:04";"311"
"MOTEUR CW DC 9V";"311004";NULL;NULL;"2023-09-06 12:44:04";"2023-09-06 12:44:04";"311"
"MOTEUR DVD";"215091";NULL;NULL;"2023-09-06 12:44:04";"2023-09-06 12:44:04";"215"
"MOTEUR GDM2 3-9V";"311005";NULL;NULL;"2023-09-06 12:44:04";"2023-09-06 12:44:04";"311"
"MOTEUR GDM7 12V";"311006";NULL;NULL;"2023-09-06 12:44:04";"2023-09-06 12:44:04";"311"
"MOTEUR NEMAR 17 HD 34007";"311007";NULL;NULL;"2023-09-06 12:44:04";"2023-09-06 12:44:04";"311"
"MOTEUR PAS A PAS";"311008";NULL;NULL;"2023-09-06 12:44:04";"2023-09-06 12:44:04";"311"
"MOTEUR PAS A PAS + CERVEAU";"311009";NULL;NULL;"2023-09-06 12:44:04";"2023-09-06 12:44:04";"311"
"MOTEUR TROMP EN PLAST";"218029";NULL;NULL;"2023-12-12 03:21:10";"2023-12-12 03:21:10";"218"
"MOTEUR TROMPET 150W DR 006";"218035";NULL;NULL;"2023-12-12 03:21:10";"2023-12-12 03:21:10";"218"
"MOTEUR TROMPET 180W PQT04";"248011";NULL;NULL;"2023-09-06 12:44:04";"2023-09-06 12:44:04";"248"
"MOTEUR TROMPET 300W DR002C SOUND BASSE";"248003";NULL;NULL;"2023-09-06 12:44:04";"2023-09-06 12:44:04";"248"
"MOTEUR TROMPET EN FER 120W DR-012";"248004";NULL;NULL;"2023-09-06 12:44:04";"2023-09-06 12:44:04";"248"
"MOTEUR TROMPET EN FER 150W IMC";"248012";NULL;NULL;"2023-09-06 12:44:04";"2023-09-06 12:44:04";"248"
"MOTEUR TROMPET EN FER 160W DR-002C";"248006";NULL;NULL;"2023-09-06 12:44:04";"2023-09-06 12:44:04";"248"
"MOTEUR TROMPET EN FER 200W PTQ04";"248005";NULL;NULL;"2023-09-06 12:44:04";"2023-09-06 12:44:04";"248"
"MOTEUR TROMPET EN FER 300W IMC";"248015";NULL;NULL;"2023-09-06 12:44:04";"2023-09-06 12:44:04";"248"
"MOTEUR TROMPET EN FER 300W RL-443 / DR-006/DR-0";"248007";NULL;NULL;"2023-09-06 12:44:04";"2023-09-06 12:44:04";"248"
"MOTEUR TROMPET EN FER 500W DR-002C";"248008";NULL;NULL;"2023-09-06 12:44:04";"2023-09-06 12:44:04";"248"
"MOTEUR TROMPET FER 180W IMC";"248014";NULL;NULL;"2023-09-06 12:44:04";"2023-09-06 12:44:04";"248"
"MOTEUR TROMPET FER 200W DE303";"248013";NULL;NULL;"2023-09-06 12:44:04";"2023-09-06 12:44:04";"248"
"MOTEUR TROMPET PA AU-60W/16R";"248009";NULL;NULL;"2023-09-06 12:44:04";"2023-09-06 12:44:04";"248"
"MOTEUR TROMPET PLAST";"248010";NULL;NULL;"2023-09-06 12:44:04";"2023-09-06 12:44:04";"248"
"MOTEUR TROMPET PLAST DOUBLE PM";"218034";NULL;NULL;"2023-12-12 03:21:10";"2023-12-12 03:21:10";"218"
"MOTEUR TROMPET TDU 341/RL 341 150W";"248001";NULL;NULL;"2023-09-06 12:44:04";"2023-09-06 12:44:04";"248"
"MOTEUR TROMPET TDU 443";"248002";NULL;NULL;"2023-09-06 12:44:04";"2023-09-06 12:44:04";"248"
"MOTEUR VENTILO BINANONE";"249001";NULL;NULL;"2023-09-06 12:44:04";"2023-09-06 12:44:04";"249"
"MOTEUR VENTILO CROWN";"249002";NULL;NULL;"2023-09-06 12:44:04";"2023-09-06 12:44:04";"249"
"MOULLE ELECTRIC KENWOOD";"501107";NULL;NULL;"2023-09-06 14:58:56";"2023-09-06 14:58:56";"501"
"MOUSSE MIC";"215092";NULL;NULL;"2023-09-06 12:44:04";"2023-09-06 12:44:04";"215"
"MR 4020";"108006";NULL;NULL;"2023-09-06 12:44:04";"2023-09-06 12:44:04";"108"
"MR 4030";"108007";NULL;NULL;"2023-09-06 12:44:04";"2023-09-06 12:44:04";"108"
"MR 4040";"108008";NULL;NULL;"2023-09-06 12:44:04";"2023-09-06 12:44:04";"108"
"MR 4050";"102561";NULL;NULL;"2023-09-06 12:44:04";"2023-09-06 12:44:04";"102"
"MR 5060";"102562";NULL;NULL;"2023-09-06 12:44:04";"2023-09-06 12:44:04";"102"
"MR_2062";"102558";NULL;NULL;"2023-09-06 12:44:04";"2023-09-06 12:44:04";"102"
"MR_2901";"102559";NULL;NULL;"2023-09-06 12:44:04";"2023-09-06 12:44:04";"102"
"MR_3403";"102560";NULL;NULL;"2023-09-06 12:44:04";"2023-09-06 12:44:04";"102"
"MULTI  ANALOG YX 1000A";"215097";NULL;NULL;"2023-09-06 12:44:05";"2023-09-06 12:44:05";"215"
"MULTI  ANALOG YX 360 TRES MOY";"215098";NULL;NULL;"2023-09-06 12:44:05";"2023-09-06 12:44:05";"215"
"MULTI  ANALOG YX-360 TR GM";"215101";NULL;NULL;"2023-09-06 12:44:05";"2023-09-06 12:44:05";"215"
"MULTI ANALOG BROTHER HD470A";"215099";NULL;NULL;"2023-09-06 12:44:05";"2023-09-06 12:44:05";"215"
"MULTI ANALOG BROTHER YX-390";"215100";NULL;NULL;"2023-09-06 12:44:05";"2023-09-06 12:44:05";"215"
"MULTI NUM 830D ";"215310";NULL;NULL;"2023-12-12 03:21:29";"2023-12-12 03:21:29";"215"
"MULTI NUM 830D EMB PLAST";"215093";NULL;NULL;"2023-09-06 12:44:04";"2023-09-06 12:44:04";"215"
"MULTI NUM 830L";"215112";NULL;NULL;"2023-09-06 12:44:05";"2023-09-06 12:44:05";"215"
"MULTI NUM A PINCE AMPER DT-266";"215095";NULL;NULL;"2023-09-06 12:44:04";"2023-09-06 12:44:04";"215"
"MULTI NUM A PINCE AMPER MT-87";"215096";NULL;NULL;"2023-09-06 12:44:04";"2023-09-06 12:44:04";"215"
"MULTI NUM A PINCE AMPER UT-201";"215094";NULL;NULL;"2023-09-06 12:44:04";"2023-09-06 12:44:04";"215"
"MULTI NUM CAPACIMETRE DM 6013L";"215102";NULL;NULL;"2023-09-06 12:44:05";"2023-09-06 12:44:05";"215"
"MULTI NUM DIGITAL DT 9205A";"215103";NULL;NULL;"2023-09-06 12:44:05";"2023-09-06 12:44:05";"215"
"MULTI NUM DT 830B";"215108";NULL;NULL;"2023-09-06 12:44:05";"2023-09-06 12:44:05";"215"
"MULTI NUM DT 920 SL";"215104";NULL;NULL;"2023-09-06 12:44:05";"2023-09-06 12:44:05";"215"
"MULTI NUM MAS 830L VERT";"215109";NULL;NULL;"2023-09-06 12:44:05";"2023-09-06 12:44:05";"215"
"MULTI NUM MT 830 D";"215105";NULL;NULL;"2023-09-06 12:44:05";"2023-09-06 12:44:05";"215"
"MULTI NUM MT 9820";"215106";NULL;NULL;"2023-09-06 12:44:05";"2023-09-06 12:44:05";"215"
"MULTI NUM MY-60";"215110";NULL;NULL;"2023-09-06 12:44:05";"2023-09-06 12:44:05";"215"
"MULTI NUM UNIT UT-33C";"215111";NULL;NULL;"2023-09-06 12:44:05";"2023-09-06 12:44:05";"215"
"MULTI NUM UNIT UT-39A";"215107";NULL;NULL;"2023-09-06 12:44:05";"2023-09-06 12:44:05";"215"
"MULTIMETRE A PINCE A.EPICA 60A";"215293";NULL;NULL;"2023-09-06 12:44:48";"2023-09-06 12:44:48";"215"
"MULTIMETRE A PINCE AMP UNIT UT51";"215341";NULL;NULL;"2023-12-12 03:21:43";"2023-12-12 03:21:43";"215"
"MULTIMETRE A PINCE AMP VC 3264 A+";"215328";NULL;NULL;"2023-12-12 03:21:43";"2023-12-12 03:21:43";"215"
"MULTIMETRE A PINCE EPICA 60A";"215352";NULL;NULL;"2023-12-12 03:21:44";"2023-12-12 03:21:44";"215"
"MULTIMETRE UNIT UT51";"215263";NULL;NULL;"2023-09-06 12:44:47";"2023-09-06 12:44:47";"215"
"MULTIMETRE VC 3264 A+(pince ampere)";"215230";NULL;NULL;"2023-09-06 12:44:47";"2023-09-06 12:44:47";"215"
"MUR 1560";"111102";NULL;NULL;"2023-09-06 12:44:05";"2023-09-06 12:44:05";"111"
"MX 0842";"108009";NULL;NULL;"2023-09-06 12:44:05";"2023-09-06 12:44:05";"108"
"N 5534";"102577";NULL;NULL;"2023-09-06 12:44:06";"2023-09-06 12:44:06";"102"
"NAP 05 SIGNO ALIMT DROIT LG";"250018";NULL;NULL;"2023-09-06 12:44:06";"2023-09-06 12:44:06";"250"
"NAP 05 SIGNO ALIMT DROIT SAMSUNG";"250022";NULL;NULL;"2023-09-06 12:44:06";"2023-09-06 12:44:06";"250"
"NAP 05 SIGNO ALIMT DRTE AVES NAE";"250005";NULL;NULL;"2023-09-06 12:44:05";"2023-09-06 12:44:05";"250"
"NAP 05 SIGNO ALIMT DRTE TETE BLANCHE";"250006";NULL;NULL;"2023-09-06 12:44:05";"2023-09-06 12:44:05";"250"
"NAP 05 SIGNO ALIMT GOCH AVEC NAP";"250008";NULL;NULL;"2023-09-06 12:44:05";"2023-09-06 12:44:05";"250"
"NAP 05 SIGNO ALIMT GOCH GRANDE TETE";"250009";NULL;NULL;"2023-09-06 12:44:05";"2023-09-06 12:44:05";"250"
"NAP 05 SIGNO ALIMT GOCH LG";"250019";NULL;NULL;"2023-09-06 12:44:06";"2023-09-06 12:44:06";"250"
"NAP 05 SIGNO ALIMT GOCH TETE BLANCHE";"250007";NULL;NULL;"2023-09-06 12:44:05";"2023-09-06 12:44:05";"250"
"NAP 10 SIGNO ALIMT DROIT LG";"250016";NULL;NULL;"2023-09-06 12:44:05";"2023-09-06 12:44:05";"250"
"NAP 10 SIGNO ALIMT DROIT SAMSUNG";"250020";NULL;NULL;"2023-09-06 12:44:06";"2023-09-06 12:44:06";"250"
"NAP 10 SIGNO ALIMT DRTE LG";"250015";NULL;NULL;"2023-09-06 12:44:05";"2023-09-06 12:44:05";"250"
"NAP 10 SIGNO ALIMT DRTE TETE BLANCHE/OR";"250001";NULL;NULL;"2023-09-06 12:44:05";"2023-09-06 12:44:05";"250"
"NAP 10 SIGNO ALIMT GOCH AVEC NAE";"250002";NULL;NULL;"2023-09-06 12:44:05";"2023-09-06 12:44:05";"250"
"NAP 10 SIGNO ALIMT GOCH LG";"250017";NULL;NULL;"2023-09-06 12:44:05";"2023-09-06 12:44:05";"250"
"NAP 10 SIGNO ALIMT GOCH SAMSUNG";"250021";NULL;NULL;"2023-09-06 12:44:06";"2023-09-06 12:44:06";"250"
"NAP 10 SIGNO ALIMT GOCH TETE EN OR";"250004";NULL;NULL;"2023-09-06 12:44:05";"2023-09-06 12:44:05";"250"
"NAP 10 SIGNO ALIMT GOCH TETE NOIR";"250003";NULL;NULL;"2023-09-06 12:44:05";"2023-09-06 12:44:05";"250"
"NAP CD 22 PINS";"235006";NULL;NULL;"2023-09-06 12:44:05";"2023-09-06 12:44:05";"235"
"NAP CD F/F 50 PINS LONG";"235007";NULL;NULL;"2023-09-06 12:44:05";"2023-09-06 12:44:05";"235"
"NAP CD F/F 50 PINS MOY";"235008";NULL;NULL;"2023-09-06 12:44:05";"2023-09-06 12:44:05";"235"
"NAP CONECT 40 FIL FEM/FEM 20CM EN PCE";"250023";NULL;NULL;"2023-12-12 03:21:29";"2023-12-12 03:21:29";"250"
"NAP CONECT 40 FIL FEM/FEM 20CM ZN PCE";"250010";NULL;NULL;"2023-09-06 12:44:05";"2023-09-06 12:44:05";"250"
"NAP CONECT 40 FIL FEM/FEM 30CM EN PCE";"250024";NULL;NULL;"2023-12-12 03:21:29";"2023-12-12 03:21:29";"250"
"NAP CONECT 40 FIL FEM/FEM 30CM ZN PCE";"250011";NULL;NULL;"2023-09-06 12:44:05";"2023-09-06 12:44:05";"250"
"NAP CONECT 40 FIL MAL/FEM 20CM EN PCE";"250025";NULL;NULL;"2023-12-12 03:21:29";"2023-12-12 03:21:29";"250"
"NAP CONECT 40 FIL MAL/FEM 20CM ZN PCE";"250012";NULL;NULL;"2023-09-06 12:44:05";"2023-09-06 12:44:05";"250"
"NAP CONECT 40 FIL MAL/MAL 20CM EN PCE";"250026";NULL;NULL;"2023-12-12 03:21:29";"2023-12-12 03:21:29";"250"
"NAP CONECT 40 FIL MAL/MAL 20CM ZN PCE";"250013";NULL;NULL;"2023-09-06 12:44:05";"2023-09-06 12:44:05";"250"
"NAP CONECT 40 FIL MAL/MAL 30CM EN PCE";"250027";NULL;NULL;"2023-12-12 03:21:29";"2023-12-12 03:21:29";"250"
"NAP CONECT 40 FIL MAL/MAL 30CM ZN PCE";"250014";NULL;NULL;"2023-09-06 12:44:05";"2023-09-06 12:44:05";"250"
"NAP DVD 16PAT FACE OPOSE";"235009";NULL;NULL;"2023-09-06 12:44:05";"2023-09-06 12:44:05";"235"
"NAP DVD 16PAT FACE/FACE";"235010";NULL;NULL;"2023-09-06 12:44:05";"2023-09-06 12:44:05";"235"
"NAP DVD 50PAT COURT";"235011";NULL;NULL;"2023-09-06 12:44:05";"2023-09-06 12:44:05";"235"
"NAP DVD 50PAT LONG";"235012";NULL;NULL;"2023-09-06 12:44:05";"2023-09-06 12:44:05";"235"
"NAP DVD F/F 100 PINS";"235013";NULL;NULL;"2023-09-06 12:44:05";"2023-09-06 12:44:05";"235"
"NAP LCD 80 PINS";"235014";NULL;NULL;"2023-09-06 12:44:05";"2023-09-06 12:44:05";"235"
"NAP THT LCD";"235015";NULL;NULL;"2023-09-06 12:44:06";"2023-09-06 12:44:06";"235"
"NC 3306";"101163";NULL;NULL;"2023-09-06 12:44:06";"2023-09-06 12:44:06";"101"
"NE 3332";"102571";NULL;NULL;"2023-09-06 12:44:06";"2023-09-06 12:44:06";"102"
"NE 5532";"102572";NULL;NULL;"2023-09-06 12:44:06";"2023-09-06 12:44:06";"102"
"NE 5534";"102573";NULL;NULL;"2023-09-06 12:44:06";"2023-09-06 12:44:06";"102"
"NE 555";"102574";NULL;NULL;"2023-09-06 12:44:06";"2023-09-06 12:44:06";"102"
"NE 5551";"102575";NULL;NULL;"2023-09-06 12:44:06";"2023-09-06 12:44:06";"102"
"NE 556";"102576";NULL;NULL;"2023-09-06 12:44:06";"2023-09-06 12:44:06";"102"
"NTC 10D-471";"215253";NULL;NULL;"2023-09-06 12:44:47";"2023-09-06 12:44:47";"215"
"NTC 140-271";"215252";NULL;NULL;"2023-09-06 12:44:47";"2023-09-06 12:44:47";"215"
"NTC 14D-471";"215254";NULL;NULL;"2023-09-06 12:44:47";"2023-09-06 12:44:47";"215"
"NUMERO 1";"501231";NULL;NULL;"2023-09-06 14:59:04";"2023-09-06 14:59:04";"501"
"NUMERO 10";"501239";NULL;NULL;"2023-09-06 14:59:04";"2023-09-06 14:59:04";"501"
"NUMERO 11";"501240";NULL;NULL;"2023-09-06 14:59:04";"2023-09-06 14:59:04";"501"
"NUMERO 15";"501242";NULL;NULL;"2023-09-06 14:59:04";"2023-09-06 14:59:04";"501"
"NUMERO 2";"501232";NULL;NULL;"2023-09-06 14:59:04";"2023-09-06 14:59:04";"501"
"NUMERO 3";"501233";NULL;NULL;"2023-09-06 14:59:04";"2023-09-06 14:59:04";"501"
"NUMERO 4";"501234";NULL;NULL;"2023-09-06 14:59:04";"2023-09-06 14:59:04";"501"
"NUMERO 5";"501235";NULL;NULL;"2023-09-06 14:59:04";"2023-09-06 14:59:04";"501"
"NUMERO 6";"501236";NULL;NULL;"2023-09-06 14:59:04";"2023-09-06 14:59:04";"501"
"NUMERO 7";"501237";NULL;NULL;"2023-09-06 14:59:04";"2023-09-06 14:59:04";"501"
"NUMERO 8";"501243";NULL;NULL;"2023-09-06 14:59:04";"2023-09-06 14:59:04";"501"
"NUMERO 9";"501238";NULL;NULL;"2023-09-06 14:59:04";"2023-09-06 14:59:04";"501"
"NUMERO12";"501241";NULL;NULL;"2023-09-06 14:59:04";"2023-09-06 14:59:04";"501"
"OBJET DECORATION";"501048";NULL;NULL;"2023-09-06 14:58:54";"2023-09-06 14:58:54";"501"
"OM 8370";"102578";NULL;NULL;"2023-09-06 12:44:06";"2023-09-06 12:44:06";"102"
"ONDULEUR TELECOM";"618008";NULL;NULL;"2023-09-06 14:59:01";"2023-09-06 14:59:01";"618"
"ORIELLET BROC";"708003";NULL;NULL;"2023-09-06 14:58:59";"2023-09-06 14:58:59";"708"
"ORIELLET EDEN EN PAIR";"708001";NULL;NULL;"2023-09-06 14:58:59";"2023-09-06 14:58:59";"708"
"ORIELLET STARS EN PAIR";"708002";NULL;NULL;"2023-09-06 14:58:59";"2023-09-06 14:58:59";"708"
"OUVRE BOITE CENCIRE";"501070";NULL;NULL;"2023-09-06 14:58:55";"2023-09-06 14:58:55";"501"
"OX 0640";"102579";NULL;NULL;"2023-09-06 12:44:06";"2023-09-06 12:44:06";"102"
"P 1014";"102582";NULL;NULL;"2023-09-06 12:44:11";"2023-09-06 12:44:11";"102"
"P 21256";"102583";NULL;NULL;"2023-09-06 12:44:11";"2023-09-06 12:44:11";"102"
"P 721";"126011";NULL;NULL;"2023-09-06 12:44:11";"2023-09-06 12:44:11";"126"
"PANE DE FER 100W";"251007";NULL;NULL;"2023-09-06 12:44:06";"2023-09-06 12:44:06";"251"
"PANE DE FER 20W";"251001";NULL;NULL;"2023-09-06 12:44:06";"2023-09-06 12:44:06";"251"
"PANE DE FER 30W ORG";"251002";NULL;NULL;"2023-09-06 12:44:06";"2023-09-06 12:44:06";"251"
"PANE DE FER 40W ORD";"251003";NULL;NULL;"2023-09-06 12:44:06";"2023-09-06 12:44:06";"251"
"PANE DE FER 40W ORG";"251004";NULL;NULL;"2023-09-06 12:44:06";"2023-09-06 12:44:06";"251"
"PANE DE FER 60W ORD";"251005";NULL;NULL;"2023-09-06 12:44:06";"2023-09-06 12:44:06";"251"
"PANE DE FER 60W ORG";"251006";NULL;NULL;"2023-09-06 12:44:06";"2023-09-06 12:44:06";"251"
"PARAFOUDRE CANAL TV / SILTRON GM";"252001";NULL;NULL;"2023-09-06 12:44:06";"2023-09-06 12:44:06";"252"
"PARAFOUDRE CANAL TV PM";"252003";NULL;NULL;"2023-09-06 12:44:06";"2023-09-06 12:44:06";"252"
"PARAFOUDRE STARGOLD GM";"252002";NULL;NULL;"2023-09-06 12:44:06";"2023-09-06 12:44:06";"252"
"PARAFOUDRE STARGOLD PM";"252004";NULL;NULL;"2023-09-06 12:44:06";"2023-09-06 12:44:06";"252"
"PARAFOUDRE TV PLASTIQUE";"252005";NULL;NULL;"2023-09-06 12:44:06";"2023-09-06 12:44:06";"252"
"PATE THERM BLANCHE BOITE  PM";"253002";NULL;NULL;"2023-09-06 12:44:06";"2023-09-06 12:44:06";"253"
"PATE THERM BLANCHE EN BOITE GM";"253001";NULL;NULL;"2023-09-06 12:44:06";"2023-09-06 12:44:06";"253"
"PATE THERM GM";"253003";NULL;NULL;"2023-09-06 12:44:06";"2023-09-06 12:44:06";"253"
"PATE THERM HC-131";"253004";NULL;NULL;"2023-09-06 12:44:06";"2023-09-06 12:44:06";"253"
"PATE THERM INJECT HY 510 PM";"253005";NULL;NULL;"2023-09-06 12:44:06";"2023-09-06 12:44:06";"253"
"PATE THERM INJECT HY 610";"253006";NULL;NULL;"2023-09-06 12:44:06";"2023-09-06 12:44:06";"253"
"PATIN A ROULLETTE";"501088";NULL;NULL;"2023-09-06 14:58:55";"2023-09-06 14:58:55";"501"
"PATTE DENTIFRICE DENTULUX";"501046";NULL;NULL;"2023-09-06 14:58:54";"2023-09-06 14:58:54";"501"
"PATTE DENTIFRICE THERA";"501047";NULL;NULL;"2023-09-06 14:58:54";"2023-09-06 14:58:54";"501"
"PC 113";"126004";NULL;NULL;"2023-09-06 12:44:06";"2023-09-06 12:44:06";"126"
"PC 121";"126005";NULL;NULL;"2023-09-06 12:44:06";"2023-09-06 12:44:06";"126"
"PC 123";"126006";NULL;NULL;"2023-09-06 12:44:06";"2023-09-06 12:44:06";"126"
"PC 17";"126007";NULL;NULL;"2023-09-06 12:44:06";"2023-09-06 12:44:06";"126"
"PC 521";"126008";NULL;NULL;"2023-09-06 12:44:06";"2023-09-06 12:44:06";"126"
"PC 721";"126009";NULL;NULL;"2023-09-06 12:44:06";"2023-09-06 12:44:06";"126"
"PC 817";"126010";NULL;NULL;"2023-09-06 12:44:06";"2023-09-06 12:44:06";"126"
"PCA 84C440P";"105003";NULL;NULL;"2023-09-06 12:44:06";"2023-09-06 12:44:06";"105"
"PEINTURE SCEAU 2.5L";"501092";NULL;NULL;"2023-09-06 14:58:55";"2023-09-06 14:58:55";"501"
"PERCEUSE RECHARGEABLE";"501096";NULL;NULL;"2023-09-06 14:58:55";"2023-09-06 14:58:55";"501"
"PERCHLORURE LIQUIDE 2 BTE";"215115";NULL;NULL;"2023-09-06 12:44:06";"2023-09-06 12:44:06";"215"
"PERCHLORURE POURDRE 190G";"215116";NULL;NULL;"2023-09-06 12:44:06";"2023-09-06 12:44:06";"215"
"PERCHLORURE POURDRE DP-50G";"215113";NULL;NULL;"2023-09-06 12:44:06";"2023-09-06 12:44:06";"215"
"PERCHLORURE POURDRE STANNOL 250G";"215114";NULL;NULL;"2023-09-06 12:44:06";"2023-09-06 12:44:06";"215"
"PETIT CUIELLERE INOX JEU DE 6";"501216";NULL;NULL;"2023-09-06 14:59:04";"2023-09-06 14:59:04";"501"
"PETIT PRESENTOIRE";"617008";NULL;NULL;"2023-09-06 14:59:00";"2023-09-06 14:59:00";"617"
"PIANO PROFI";"501006";NULL;NULL;"2023-09-06 14:58:51";"2023-09-06 14:58:51";"501"
"PIC 16F628";"105004";NULL;NULL;"2023-09-06 12:44:06";"2023-09-06 12:44:06";"105"
"PIC 16F628A";"105005";NULL;NULL;"2023-09-06 12:44:06";"2023-09-06 12:44:06";"105"
"PIC 16F62B";"105006";NULL;NULL;"2023-09-06 12:44:06";"2023-09-06 12:44:06";"105"
"PIENTURE A EAU 11L";"501085";NULL;NULL;"2023-09-06 14:58:55";"2023-09-06 14:58:55";"501"
"PIL 1.5V CMOS LR521 ";"254005";NULL;NULL;"2023-09-06 12:44:06";"2023-09-06 12:44:06";"254"
"PIL 1.5V DURACEL 2A ORG";"255001";NULL;NULL;"2023-09-06 12:44:07";"2023-09-06 12:44:07";"255"
"PIL 1.5V DURACEL 3A ORG";"255002";NULL;NULL;"2023-09-06 12:44:07";"2023-09-06 12:44:07";"255"
"PIL 1.5V GOLSTAR 3A JEUX 4/2";"255005";NULL;NULL;"2023-09-06 12:44:07";"2023-09-06 12:44:07";"255"
"PIL 1.5V PHILIPS 2A EN JX 2 PIL";"255030";NULL;NULL;"2023-09-06 12:44:07";"2023-09-06 12:44:07";"255"
"PIL 1.5V RECH 2A (2800MAH) JX DE 4PIL ENERGIZER";"255024";NULL;NULL;"2023-09-06 12:44:07";"2023-09-06 12:44:07";"255"
"PIL 1.5V RECH DURACEL 2A";"255018";NULL;NULL;"2023-09-06 12:44:07";"2023-09-06 12:44:07";"255"
"PIL 1.5V RECH GP 2700MA";"255031";NULL;NULL;"2023-09-06 12:44:07";"2023-09-06 12:44:07";"255"
"PIL 1.5V RECH MECANON 3A";"255020";NULL;NULL;"2023-09-06 12:44:07";"2023-09-06 12:44:07";"255"
"PIL 1.5V RECH MP 3A";"255021";NULL;NULL;"2023-09-06 12:44:07";"2023-09-06 12:44:07";"255"
"PIL 1.5V SONY RECH 4600MA";"255032";NULL;NULL;"2023-09-06 12:44:07";"2023-09-06 12:44:07";"255"
"PIL 1.5V STARGOLD 2A JX DE 2PIL";"255038";NULL;NULL;"2023-12-12 03:21:30";"2023-12-12 03:21:30";"255"
"PIL 1.5V STARGOLD 3A JX DE 2PIL";"256014";NULL;NULL;"2023-12-12 03:21:30";"2023-12-12 03:21:30";"256"
"PIL 1.5V TUDOR 2A EN JX 4/2";"255026";NULL;NULL;"2023-09-06 12:44:07";"2023-09-06 12:44:07";"255"
"PIL 1.5V TUDOR 3A EN JX 4/2";"255027";NULL;NULL;"2023-09-06 12:44:07";"2023-09-06 12:44:07";"255"
"PIL 1.5VRECH PANASONIC 2A 4600MAH";"255023";NULL;NULL;"2023-09-06 12:44:07";"2023-09-06 12:44:07";"255"
"PIL 12V 33A SUNKING EN PCE";"255034";NULL;NULL;"2023-09-06 12:44:07";"2023-09-06 12:44:07";"255"
"PIL 12V PHOTO GP231F ";"255014";NULL;NULL;"2023-09-06 12:44:07";"2023-09-06 12:44:07";"255"
"PIL 12V PHOTO PANASONIC";"255016";NULL;NULL;"2023-09-06 12:44:07";"2023-09-06 12:44:07";"255"
"PIL 12V-27A EN PCE";"255033";NULL;NULL;"2023-09-06 12:44:07";"2023-09-06 12:44:07";"255"
"PIL 3V CMOS CR2016 ";"254001";NULL;NULL;"2023-09-06 12:44:06";"2023-09-06 12:44:06";"254"
"PIL 3V CMOS CR2025 ";"254002";NULL;NULL;"2023-09-06 12:44:06";"2023-09-06 12:44:06";"254"
"PIL 3V CMOS CR2032 ";"254003";NULL;NULL;"2023-09-06 12:44:06";"2023-09-06 12:44:06";"254"
"PIL 3V CMOS CR2430 ";"254004";NULL;NULL;"2023-09-06 12:44:06";"2023-09-06 12:44:06";"254"
"PIL 3V PHOTO HP CR123A ";"255015";NULL;NULL;"2023-09-06 12:44:07";"2023-09-06 12:44:07";"255"
"PIL 9V DURACEL ";"255004";NULL;NULL;"2023-09-06 12:44:07";"2023-09-06 12:44:07";"255"
"PIL 9V DURACEL 2A JX 4PIL";"255041";NULL;NULL;"2023-12-12 03:21:30";"2023-12-12 03:21:30";"255"
"PIL 9V DURACEL 50%";"255036";NULL;NULL;"2023-12-12 03:21:30";"2023-12-12 03:21:30";"255"
"PIL 9V DURACEL ORG";"255037";NULL;NULL;"2023-12-12 03:21:30";"2023-12-12 03:21:30";"255"
"PIL 9V DURACEL PQT DE 10 ";"255003";NULL;NULL;"2023-09-06 12:44:07";"2023-09-06 12:44:07";"255"
"PIL 9V EASTOR";"255035";NULL;NULL;"2023-09-06 12:44:07";"2023-09-06 12:44:07";"255"
"PIL 9V HI-WAT";"255039";NULL;NULL;"2023-12-12 03:21:30";"2023-12-12 03:21:30";"255"
"PIL 9V MECANON ";"255040";NULL;NULL;"2023-12-12 03:21:30";"2023-12-12 03:21:30";"255"
"PIL 9V NO RECH DURACEL 2A JX 4PIL";"255008";NULL;NULL;"2023-09-06 12:44:07";"2023-09-06 12:44:07";"255"
"PIL 9V NO RECH HI-WAT";"255006";NULL;NULL;"2023-09-06 12:44:07";"2023-09-06 12:44:07";"255"
"PIL 9V NO RECH MAXDAY JX 4PIL";"255012";NULL;NULL;"2023-09-06 12:44:07";"2023-09-06 12:44:07";"255"
"PIL 9V NO RECH MECANON ";"255007";NULL;NULL;"2023-09-06 12:44:07";"2023-09-06 12:44:07";"255"
"PIL 9V NO RECH PHILIPS 12V";"255028";NULL;NULL;"2023-09-06 12:44:07";"2023-09-06 12:44:07";"255"
"PIL 9V NO RECH PHILIPS 3A";"255009";NULL;NULL;"2023-09-06 12:44:07";"2023-09-06 12:44:07";"255"
"PIL 9V NO RECH PXER FLASH";"255010";NULL;NULL;"2023-09-06 12:44:07";"2023-09-06 12:44:07";"255"
"PIL 9V NO RECH SONY";"255011";NULL;NULL;"2023-09-06 12:44:07";"2023-09-06 12:44:07";"255"
"PIL 9V NO RECH TOSHIBA";"255013";NULL;NULL;"2023-09-06 12:44:07";"2023-09-06 12:44:07";"255"
"PIL 9V PHILIPS 3A";"255042";NULL;NULL;"2023-12-12 03:21:30";"2023-12-12 03:21:30";"255"
"PIL 9V RECH MP";"255022";NULL;NULL;"2023-09-06 12:44:07";"2023-09-06 12:44:07";"255"
"PIL MAXDAY 3.7V 4000MAH";"255043";NULL;NULL;"2023-12-12 03:21:30";"2023-12-12 03:21:30";"255"
"PIL ORAIMO 1.5V 2A";"225022";NULL;NULL;"2023-12-12 03:21:44";"2023-12-12 03:21:44";"225"
"PIL ORAIMO 1.5V 3A";"225021";NULL;NULL;"2023-12-12 03:21:44";"2023-12-12 03:21:44";"225"
"PIL R14 POWER SUPER";"255017";NULL;NULL;"2023-09-06 12:44:07";"2023-09-06 12:44:07";"255"
"PIL RECH BLUE BABY/ LEOVIN 380MA";"255019";NULL;NULL;"2023-09-06 12:44:07";"2023-09-06 12:44:07";"255"
"PIL RECH MAXDAY EN JX 4 PIL";"255025";NULL;NULL;"2023-09-06 12:44:07";"2023-09-06 12:44:07";"255"
"PIL VARTA 1.5V 3A";"225020";NULL;NULL;"2023-12-12 03:21:44";"2023-12-12 03:21:44";"225"
"PIL VARTA 9V";"225019";NULL;NULL;"2023-12-12 03:21:44";"2023-12-12 03:21:44";"225"
"PILE 9V ZEA1";"255029";NULL;NULL;"2023-09-06 12:44:07";"2023-09-06 12:44:07";"255"
"PINCE 1/2 RDE ROLSON";"403004";NULL;NULL;"2023-09-06 12:44:07";"2023-09-06 12:44:07";"403"
"PINCE A CERTIR";"215240";NULL;NULL;"2023-09-06 12:44:47";"2023-09-06 12:44:47";"215"
"PINCE BATTERY GM NOIR ";"215270";NULL;NULL;"2023-09-06 12:44:47";"2023-09-06 12:44:47";"215"
"PINCE BATTERY GM ROUGE";"215269";NULL;NULL;"2023-09-06 12:44:47";"2023-09-06 12:44:47";"215"
"PINCE BATTERY MM NOIR ";"215348";NULL;NULL;"2023-12-12 03:21:43";"2023-12-12 03:21:43";"215"
"PINCE BATTERY MM ROUGE";"215347";NULL;NULL;"2023-12-12 03:21:43";"2023-12-12 03:21:43";"215"
"PINCE BEC DEMI RD FRANKLIN";"403001";NULL;NULL;"2023-09-06 12:44:07";"2023-09-06 12:44:07";"403"
"PINCE COUPANTE POUR ELECTRONICIEN BLUE";"215278";NULL;NULL;"2023-09-06 12:44:48";"2023-09-06 12:44:48";"215"
"PINCE COUPTE FRANKLIN/ FINDER";"403002";NULL;NULL;"2023-09-06 12:44:07";"2023-09-06 12:44:07";"403"
"PINCE COUPTE MEG GERMANY";"256002";NULL;NULL;"2023-09-06 12:44:07";"2023-09-06 12:44:07";"256"
"PINCE COUPTE PM BLUE";"215350";NULL;NULL;"2023-12-12 03:21:43";"2023-12-12 03:21:43";"215"
"PINCE COUPTE ROLSON/ TUV";"403005";NULL;NULL;"2023-09-06 12:44:07";"2023-09-06 12:44:07";"403"
"PINCE DENUDER";"403006";NULL;NULL;"2023-09-06 12:44:07";"2023-09-06 12:44:07";"403"
"PINCE EN JX 3 PIECE PM";"256003";NULL;NULL;"2023-09-06 12:44:07";"2023-09-06 12:44:07";"256"
"PINCE EN JX 3 PIECES ROWTON RT 8003";"403007";NULL;NULL;"2023-09-06 12:44:07";"2023-09-06 12:44:07";"403"
"PINCE EN JX 4 ROXTON RT 8007";"256004";NULL;NULL;"2023-09-06 12:44:07";"2023-09-06 12:44:07";"256"
"PINCE JX 4 ROXTON PCE RT 8006";"256012";NULL;NULL;"2023-09-06 12:44:08";"2023-09-06 12:44:08";"256"
"PINCE LONG BEC FRANKLIN";"403008";NULL;NULL;"2023-09-06 12:44:07";"2023-09-06 12:44:07";"403"
"PINCE PRECI 1/2 RDE ACQUE";"256005";NULL;NULL;"2023-09-06 12:44:07";"2023-09-06 12:44:07";"256"
"PINCE PRECI 1/2 RDE LONG";"256006";NULL;NULL;"2023-09-06 12:44:07";"2023-09-06 12:44:07";"256"
"PINCE PRECI BEC DEMI RDE";"256008";NULL;NULL;"2023-09-06 12:44:07";"2023-09-06 12:44:07";"256"
"PINCE PRECI COUPTE 5"" PM";"256009";NULL;NULL;"2023-09-06 12:44:07";"2023-09-06 12:44:07";"256"
"PINCE PRECI COURT 5""";"256007";NULL;NULL;"2023-09-06 12:44:07";"2023-09-06 12:44:07";"256"
"PINCE PRECI DEMI RDE 5"" PM";"256010";NULL;NULL;"2023-09-06 12:44:07";"2023-09-06 12:44:07";"256"
"PINCE PRECI DEMI RDE LONG";"256011";NULL;NULL;"2023-09-06 12:44:07";"2023-09-06 12:44:07";"256"
"PINCE SERTI TY 315 OUBAO";"256001";NULL;NULL;"2023-09-06 12:44:07";"2023-09-06 12:44:07";"256"
"PINCE UNIV  8''";"403011";NULL;NULL;"2023-09-06 12:44:08";"2023-09-06 12:44:08";"403"
"PINCE UNIV EPICA FORTUNE 5""";"256013";NULL;NULL;"2023-09-06 12:44:08";"2023-09-06 12:44:08";"256"
"PINCE UNIV FRANKLIN ( MEG-GERMANY)";"403010";NULL;NULL;"2023-09-06 12:44:08";"2023-09-06 12:44:08";"403"
"PINCE UNIV GRIS / ROUGE";"403009";NULL;NULL;"2023-09-06 12:44:08";"2023-09-06 12:44:08";"403"
"PINCE UNIV ROLSON";"403003";NULL;NULL;"2023-09-06 12:44:07";"2023-09-06 12:44:07";"403"
"PINCETTE 15ESD";"215117";NULL;NULL;"2023-09-06 12:44:07";"2023-09-06 12:44:07";"215"
"PISTOLET A BOUGIE COL GM";"215119";NULL;NULL;"2023-09-06 12:44:08";"2023-09-06 12:44:08";"215"
"PISTOLET A BOUGIE COL PM";"215118";NULL;NULL;"2023-09-06 12:44:08";"2023-09-06 12:44:08";"215"
"PLANCHE A DECOUPER";"501210";NULL;NULL;"2023-09-06 14:59:04";"2023-09-06 14:59:04";"501"
"PLANCHE A DECOUPER EN PLASTIQUE";"501211";NULL;NULL;"2023-09-06 14:59:04";"2023-09-06 14:59:04";"501"
"PLAQ  A ESSAIE DUBAI 1660 GM";"312004";NULL;NULL;"2023-09-06 12:44:08";"2023-09-06 12:44:08";"312"
"PLAQ  A ESSAIE DUBAI GL 12 PM";"312005";NULL;NULL;"2023-09-06 12:44:08";"2023-09-06 12:44:08";"312"
"PLAQ  A ESSAIE GL 12"" PM DUBAI";"312001";NULL;NULL;"2023-09-06 12:44:08";"2023-09-06 12:44:08";"312"
"PLAQ  A ESSAIE GM 175 X 67 X 8MM";"312002";NULL;NULL;"2023-09-06 12:44:08";"2023-09-06 12:44:08";"312"
"PLAQ  A ESSAIE PM 8.2 X 5.5 X 0.85 CM";"312003";NULL;NULL;"2023-09-06 12:44:08";"2023-09-06 12:44:08";"312"
"PLAQ  CUIVREE A2";"257001";NULL;NULL;"2023-09-06 12:44:08";"2023-09-06 12:44:08";"257"
"PLAQ  CUIVREE A3";"257002";NULL;NULL;"2023-09-06 12:44:08";"2023-09-06 12:44:08";"257"
"PLAQ  CUIVREE A4";"257003";NULL;NULL;"2023-09-06 12:44:08";"2023-09-06 12:44:08";"257"
"PLAQ  CUIVREE A5";"257004";NULL;NULL;"2023-09-06 12:44:08";"2023-09-06 12:44:08";"257"
"PLAQ  FILTRAGE + BORN GM";"258006";NULL;NULL;"2023-09-06 12:44:08";"2023-09-06 12:44:08";"258"
"PLAQ  FILTRAGE + BORN PM";"258005";NULL;NULL;"2023-09-06 12:44:08";"2023-09-06 12:44:08";"258"
"PLAQ  FILTRAGE + SPEAKON + JAK SR 215B GM";"258013";NULL;NULL;"2023-09-06 12:44:08";"2023-09-06 12:44:08";"258"
"PLAQ  FILTRAGE 6615";"258014";NULL;NULL;"2023-09-06 12:44:08";"2023-09-06 12:44:08";"258"
"PLAQ  FILTRAGE 6625";"258015";NULL;NULL;"2023-09-06 12:44:08";"2023-09-06 12:44:08";"258"
"PLAQ  FILTRAGE EVPX-X15";"258017";NULL;NULL;"2023-09-06 12:44:08";"2023-09-06 12:44:08";"258"
"PLAQ  FILTRAGE HP WINFORD 2A80";"258002";NULL;NULL;"2023-09-06 12:44:08";"2023-09-06 12:44:08";"258"
"PLAQ  FILTRAGE HP WINFORD 6A80";"258003";NULL;NULL;"2023-09-06 12:44:08";"2023-09-06 12:44:08";"258"
"PLAQ  FILTRAGE HP WINFORD F2A";"258007";NULL;NULL;"2023-09-06 12:44:08";"2023-09-06 12:44:08";"258"
"PLAQ  FILTRAGE ISF 280 GM";"258004";NULL;NULL;"2023-09-06 12:44:08";"2023-09-06 12:44:08";"258"
"PLAQ  FILTRAGE K1206001";"258016";NULL;NULL;"2023-09-06 12:44:08";"2023-09-06 12:44:08";"258"
"PLAQ  FILTRAGE PA-2";"258008";NULL;NULL;"2023-09-06 12:44:08";"2023-09-06 12:44:08";"258"
"PLAQ  FILTRAGE PA-3";"258009";NULL;NULL;"2023-09-06 12:44:08";"2023-09-06 12:44:08";"258"
"PLAQ  FILTRAGE WINFORD 3325-100W";"258010";NULL;NULL;"2023-09-06 12:44:08";"2023-09-06 12:44:08";"258"
"PLAQ  FILTRAGE WINFORD PA5";"258001";NULL;NULL;"2023-09-06 12:44:08";"2023-09-06 12:44:08";"258"
"PLAQ  FILTRAGE YL-683";"258011";NULL;NULL;"2023-09-06 12:44:08";"2023-09-06 12:44:08";"258"
"PLAQ  FILTRAGE YL681/682";"258012";NULL;NULL;"2023-09-06 12:44:08";"2023-09-06 12:44:08";"258"
"PLAQ  PERFORE LIGNE GM";"259001";NULL;NULL;"2023-09-06 12:44:08";"2023-09-06 12:44:08";"259"
"PLAQ  PERFORE LIGNE PM";"259002";NULL;NULL;"2023-09-06 12:44:08";"2023-09-06 12:44:08";"259"
"PLAQ  PERFORE POINT GM";"259003";NULL;NULL;"2023-09-06 12:44:08";"2023-09-06 12:44:08";"259"
"PLAQ  PERFORE POINT PM";"259004";NULL;NULL;"2023-09-06 12:44:08";"2023-09-06 12:44:08";"259"
"PLAQ  PERFORE SL PM";"259005";NULL;NULL;"2023-09-06 12:44:08";"2023-09-06 12:44:08";"259"
"PLAQ  PRESENSIBILISE 100/150MM";"260001";NULL;NULL;"2023-09-06 12:44:08";"2023-09-06 12:44:08";"260"
"PLAQ  PRESENSIBILISE KINGSTEN GM GS 2030";"260002";NULL;NULL;"2023-09-06 12:44:08";"2023-09-06 12:44:08";"260"
"PLAQ  PRESENSIBILISE KINGSTEN PM GS 1015";"260003";NULL;NULL;"2023-09-06 12:44:08";"2023-09-06 12:44:08";"260"
"PLAQUE  A GAZ 4F";"622004";NULL;NULL;"2023-09-06 14:58:59";"2023-09-06 14:58:59";"622"
"PLAQUE 4F BLANCH SR";"622005";NULL;NULL;"2023-09-06 14:58:59";"2023-09-06 14:58:59";"622"
"PLAQUE A GAZ  GLASS 2F NEW";"622010";NULL;NULL;"2023-09-06 14:58:59";"2023-09-06 14:58:59";"622"
"PLAQUE A GAZ 1F";"622011";NULL;NULL;"2023-09-06 14:58:59";"2023-09-06 14:58:59";"622"
"PLAQUE A GAZ ALPHA 2F NEW";"622009";NULL;NULL;"2023-09-06 14:58:59";"2023-09-06 14:58:59";"622"
"PLAQUE A GAZ BLANCH 3F SR";"622007";NULL;NULL;"2023-09-06 14:58:59";"2023-09-06 14:58:59";"622"
"PLAQUE A GAZ COUKER 2F NEW";"622008";NULL;NULL;"2023-09-06 14:58:59";"2023-09-06 14:58:59";"622"
"PLAQUE A GAZ JAPONAISE  AVEC FOUR";"622002";NULL;NULL;"2023-09-06 14:58:59";"2023-09-06 14:58:59";"622"
"PLAQUE A GAZ JAPONAISE 2F";"622006";NULL;NULL;"2023-09-06 14:58:59";"2023-09-06 14:58:59";"622"
"PLAQUE A GAZ JAPONAISE 3F";"622001";NULL;NULL;"2023-09-06 14:58:59";"2023-09-06 14:58:59";"622"
"PLAQUE CHAUFANTE";"622012";NULL;NULL;"2023-09-06 14:58:59";"2023-09-06 14:58:59";"622"
"PLAQUE DE FILTRATION 681";"215299";NULL;NULL;"2023-09-06 12:44:48";"2023-09-06 12:44:48";"215"
"PLAQUE DE FILTRATION 682";"215300";NULL;NULL;"2023-09-06 12:44:48";"2023-09-06 12:44:48";"215"
"PLAQUE DE FILTRATION 684";"215302";NULL;NULL;"2023-09-06 12:44:48";"2023-09-06 12:44:48";"215"
"PLAQUE DE FILTRQTION 683";"215301";NULL;NULL;"2023-09-06 12:44:48";"2023-09-06 12:44:48";"215"
"PLAQUE GERMANIAR 3F";"622003";NULL;NULL;"2023-09-06 14:58:59";"2023-09-06 14:58:59";"622"
"PLAT BLEU VERT 10""";"501187";NULL;NULL;"2023-09-06 14:59:03";"2023-09-06 14:59:03";"501"
"PLAT BROC";"501188";NULL;NULL;"2023-09-06 14:59:03";"2023-09-06 14:59:03";"501"
"PLAT HQP 10,5""";"501186";NULL;NULL;"2023-09-06 14:59:03";"2023-09-06 14:59:03";"501"
"PLAT PM";"501195";NULL;NULL;"2023-09-06 14:59:03";"2023-09-06 14:59:03";"501"
"PLAT SANS REF 10""";"501189";NULL;NULL;"2023-09-06 14:59:03";"2023-09-06 14:59:03";"501"
"PLATEAU GM";"501206";NULL;NULL;"2023-09-06 14:59:04";"2023-09-06 14:59:04";"501"
"PLATEAU INOX";"501277";NULL;NULL;"2023-12-12 03:33:49";"2023-12-12 03:33:49";"501"
"PLATEAU IONX";"501020";NULL;NULL;"2023-09-06 14:58:53";"2023-09-06 14:58:53";"501"
"PLATEAU JEU DE 5 OVAL 40 45 50 55 60";"501209";NULL;NULL;"2023-09-06 14:59:04";"2023-09-06 14:59:04";"501"
"PLATEAU MM";"501207";NULL;NULL;"2023-09-06 14:59:04";"2023-09-06 14:59:04";"501"
"PLATEAU PM";"501208";NULL;NULL;"2023-09-06 14:59:04";"2023-09-06 14:59:04";"501"
"PLATEAU ROUGE BROC";"501218";NULL;NULL;"2023-09-06 14:59:04";"2023-09-06 14:59:04";"501"
"POEL BROC GM";"501226";NULL;NULL;"2023-09-06 14:59:04";"2023-09-06 14:59:04";"501"
"POEL BROC PM";"501227";NULL;NULL;"2023-09-06 14:59:04";"2023-09-06 14:59:04";"501"
"POELE OCA";"501014";NULL;NULL;"2023-09-06 14:58:53";"2023-09-06 14:58:53";"501"
"POIGNET  BAFLE OVALE";"215120";NULL;NULL;"2023-09-06 12:44:08";"2023-09-06 12:44:08";"215"
"POIGNET  BAFLE OVALE GM";"215121";NULL;NULL;"2023-09-06 12:44:08";"2023-09-06 12:44:08";"215"
"POIGNET  BAFLE RECT EN FER GM";"215122";NULL;NULL;"2023-09-06 12:44:08";"2023-09-06 12:44:08";"215"
"POIGNET  BAFLE RECT EN PLASTIC GM";"215123";NULL;NULL;"2023-09-06 12:44:08";"2023-09-06 12:44:08";"215"
"POIGNET  BAFLE RECT EN PLASTIC PM";"215124";NULL;NULL;"2023-09-06 12:44:08";"2023-09-06 12:44:08";"215"
"POMP DESOUDE LONG AX-108 ORG GM";"261003";NULL;NULL;"2023-09-06 12:44:08";"2023-09-06 12:44:08";"261"
"POMP DESOUDE ORD 366D MOY";"261004";NULL;NULL;"2023-09-06 12:44:08";"2023-09-06 12:44:08";"261"
"POMP DESOUDE ORD BLEU";"261001";NULL;NULL;"2023-09-06 12:44:08";"2023-09-06 12:44:08";"261"
"POMP DESOUDE ORD NOIR";"261008";NULL;NULL;"2023-09-06 12:44:09";"2023-09-06 12:44:09";"261"
"POMP DESOUDE ORG COULEUR PM";"261005";NULL;NULL;"2023-09-06 12:44:08";"2023-09-06 12:44:08";"261"
"POMP DESOUDE ORG GM GS-100";"261009";NULL;NULL;"2023-09-06 12:44:09";"2023-09-06 12:44:09";"261"
"POMP DESOUDE ORG LONG SON 095";"261002";NULL;NULL;"2023-09-06 12:44:08";"2023-09-06 12:44:08";"261"
"POMP DESOUDE ORG NOIR";"261006";NULL;NULL;"2023-09-06 12:44:08";"2023-09-06 12:44:08";"261"
"POMP DESOUDE ORG NOIR GM";"261007";NULL;NULL;"2023-09-06 12:44:09";"2023-09-06 12:44:09";"261"
"POMP LCD 2 VOIE 12V";"262003";NULL;NULL;"2023-09-06 12:44:09";"2023-09-06 12:44:09";"262"
"POMP LCD 4 VOIE";"262004";NULL;NULL;"2023-09-06 12:44:09";"2023-09-06 12:44:09";"262"
"POMP LCD SAMSUNG LCD 32"" OCAS SST-320";"215126";NULL;NULL;"2023-09-06 12:44:09";"2023-09-06 12:44:09";"215"
"POMP LCD/LCD 37"" LG OCAS LC-370W";"262002";NULL;NULL;"2023-09-06 12:44:09";"2023-09-06 12:44:09";"262"
"POMP LED EN SACHET 10V-26V 12""";"262005";NULL;NULL;"2023-09-06 12:44:09";"2023-09-06 12:44:09";"262"
"POMP LED PM";"262001";NULL;NULL;"2023-09-06 12:44:08";"2023-09-06 12:44:08";"262"
"POMP LED UNIV SACHET 22""-28"" 12V";"262006";NULL;NULL;"2023-09-06 12:44:09";"2023-09-06 12:44:09";"262"
"POMP MEDION MD34698 42""";"262007";NULL;NULL;"2023-09-06 12:44:09";"2023-09-06 12:44:09";"262"
"POMP PHILIPS 30P FL9946/12";"262008";NULL;NULL;"2023-09-06 12:44:09";"2023-09-06 12:44:09";"262"
"PONT DE DIODE GBJ35005 4PATTES";"215245";NULL;NULL;"2023-09-06 12:44:47";"2023-09-06 12:44:47";"215"
"PORT CARTE MEMOIRE";"215127";NULL;NULL;"2023-09-06 12:44:09";"2023-09-06 12:44:09";"215"
"PORT CIGARE WF-100 FO";"215128";NULL;NULL;"2023-09-06 12:44:09";"2023-09-06 12:44:09";"215"
"PORT FUSIBLE ELCTRONIC";"215129";NULL;NULL;"2023-09-06 12:44:09";"2023-09-06 12:44:09";"215"
"PORT FUSIBLE GM";"215130";NULL;NULL;"2023-09-06 12:44:09";"2023-09-06 12:44:09";"215"
"PORT FUSIBLE PM";"215131";NULL;NULL;"2023-09-06 12:44:09";"2023-09-06 12:44:09";"215"
"PORT MIC";"215132";NULL;NULL;"2023-09-06 12:44:09";"2023-09-06 12:44:09";"215"
"PORT MONAIE GUCCI";"501019";NULL;NULL;"2023-09-06 14:58:53";"2023-09-06 14:58:53";"501"
"PORT TV BROC 10";"707016";NULL;NULL;"2023-09-06 14:58:58";"2023-09-06 14:58:58";"707"
"POST RADIO";"602007";NULL;NULL;"2023-09-06 14:58:52";"2023-09-06 14:58:52";"602"
"POT A BESSION";"501021";NULL;NULL;"2023-09-06 14:58:53";"2023-09-06 14:58:53";"501"
"POT AMPLI 8PAT 100K";"115002";NULL;NULL;"2023-09-06 12:44:10";"2023-09-06 12:44:10";"115"
"POT AMPLI 8PAT 50K";"115003";NULL;NULL;"2023-09-06 12:44:10";"2023-09-06 12:44:10";"115"
"POT B100K ST 6P";"115004";NULL;NULL;"2023-09-06 12:44:10";"2023-09-06 12:44:10";"115"
"POT B100K ST 8P";"115005";NULL;NULL;"2023-09-06 12:44:10";"2023-09-06 12:44:10";"115"
"POT B10K MNO 3P";"115006";NULL;NULL;"2023-09-06 12:44:10";"2023-09-06 12:44:10";"115"
"POT B1K ST 3P";"115007";NULL;NULL;"2023-09-06 12:44:10";"2023-09-06 12:44:10";"115"
"POT B20K MNO 3P";"115008";NULL;NULL;"2023-09-06 12:44:10";"2023-09-06 12:44:10";"115"
"POT B20K ST 6P";"115009";NULL;NULL;"2023-09-06 12:44:10";"2023-09-06 12:44:10";"115"
"POT B250K MNO 3P";"115010";NULL;NULL;"2023-09-06 12:44:10";"2023-09-06 12:44:10";"115"
"POT B500K MNO 3P";"115011";NULL;NULL;"2023-09-06 12:44:10";"2023-09-06 12:44:10";"115"
"POT B50K 5PAT";"115015";NULL;NULL;"2023-09-06 12:44:10";"2023-09-06 12:44:10";"115"
"POT B50K MNO 3P";"115012";NULL;NULL;"2023-09-06 12:44:10";"2023-09-06 12:44:10";"115"
"POT B50K ST 6P";"115013";NULL;NULL;"2023-09-06 12:44:10";"2023-09-06 12:44:10";"115"
"POT B50K ST 8P";"115014";NULL;NULL;"2023-09-06 12:44:10";"2023-09-06 12:44:10";"115"
"POT CURS 1P/1P (7.3X1.2X1.1)CM";"115018";NULL;NULL;"2023-09-06 12:44:10";"2023-09-06 12:44:10";"115"
"POT CURS 1P/1P (7.3X1.2X1)CM";"115024";NULL;NULL;"2023-09-06 12:44:10";"2023-09-06 12:44:10";"115"
"POT CURS 1P/2P (12.7X1.4X0.7)CM";"115025";NULL;NULL;"2023-09-06 12:44:10";"2023-09-06 12:44:10";"115"
"POT CURS 1P/2P (3.4X0.9X0.7)CM";"115019";NULL;NULL;"2023-09-06 12:44:10";"2023-09-06 12:44:10";"115"
"POT CURS 1P/2P (4.5X1X0.7)CM";"115020";NULL;NULL;"2023-09-06 12:44:10";"2023-09-06 12:44:10";"115"
"POT CURS 1P/2P (6X0.6X0.7)CM";"115028";NULL;NULL;"2023-09-06 12:44:10";"2023-09-06 12:44:10";"115"
"POT CURS 1P/2P (7.2X1.2X1)CM";"115029";NULL;NULL;"2023-09-06 12:44:10";"2023-09-06 12:44:10";"115"
"POT CURS 1P/2P (7.2X1.6X0.9)CM";"115030";NULL;NULL;"2023-09-06 12:44:10";"2023-09-06 12:44:10";"115"
"POT CURS 1P/2P (7.3X1.2X1.1)CM";"115032";NULL;NULL;"2023-09-06 12:44:10";"2023-09-06 12:44:10";"115"
"POT CURS 1P/2P (7.5X0.4X0.9)CM";"115031";NULL;NULL;"2023-09-06 12:44:10";"2023-09-06 12:44:10";"115"
"POT CURS 1P/2P (7.5X0.9X0.4)CM";"115026";NULL;NULL;"2023-09-06 12:44:10";"2023-09-06 12:44:10";"115"
"POT CURS 1P/2P (8.7X1.5X0.7)CM";"115033";NULL;NULL;"2023-09-06 12:44:10";"2023-09-06 12:44:10";"115"
"POT CURS 1P/2P (8.8X00.7X0.7)CM";"115027";NULL;NULL;"2023-09-06 12:44:10";"2023-09-06 12:44:10";"115"
"POT CURS 1P/2P (8.8X1.5X.0.9)CM";"115034";NULL;NULL;"2023-09-06 12:44:10";"2023-09-06 12:44:10";"115"
"POT CURS 1P/4P (12.8X0.7X1.4)CM";"115022";NULL;NULL;"2023-09-06 12:44:10";"2023-09-06 12:44:10";"115"
"POT CURS 1P/4P (4.58X0.6X0.9)CM";"115023";NULL;NULL;"2023-09-06 12:44:10";"2023-09-06 12:44:10";"115"
"POT CURS 1P/4P (8.8X1.4X0.7)CM";"115021";NULL;NULL;"2023-09-06 12:44:10";"2023-09-06 12:44:10";"115"
"POT CURS 2P/4P (12.8X1.4X0.7)CM";"115037";NULL;NULL;"2023-09-06 12:44:10";"2023-09-06 12:44:10";"115"
"POT CURS 2P/4P (4.5X0.9X0.7)CM";"115038";NULL;NULL;"2023-09-06 12:44:10";"2023-09-06 12:44:10";"115"
"POT CURS 2P/4P (6X0.9X0.7)CM";"115035";NULL;NULL;"2023-09-06 12:44:10";"2023-09-06 12:44:10";"115"
"POT CURS 2P/4P (7.2X1.2X1.1)CM";"115036";NULL;NULL;"2023-09-06 12:44:10";"2023-09-06 12:44:10";"115"
"POT CURS 2P/4P (7.5X0.9X0.7)CM";"115039";NULL;NULL;"2023-09-06 12:44:10";"2023-09-06 12:44:10";"115"
"POT CURS 2P/4P (8.7X0.3X1.9)CM";"115040";NULL;NULL;"2023-09-06 12:44:10";"2023-09-06 12:44:10";"115"
"POT CURS 2P/4P COURT GM";"115001";NULL;NULL;"2023-09-06 12:44:09";"2023-09-06 12:44:09";"115"
"POT CURS 3P/3P (4.5X0.9X1)CM";"115016";NULL;NULL;"2023-09-06 12:44:10";"2023-09-06 12:44:10";"115"
"POT CURS 3P/3P (7.3.X0.5X0.8)CM";"115044";NULL;NULL;"2023-09-06 12:44:10";"2023-09-06 12:44:10";"115"
"POT CURS 3P/3P (7.3X0.9X0.7)CM";"115042";NULL;NULL;"2023-09-06 12:44:10";"2023-09-06 12:44:10";"115"
"POT CURS 3P/3P (7.3X1.2X1.1)CM";"115043";NULL;NULL;"2023-09-06 12:44:10";"2023-09-06 12:44:10";"115"
"POT CURS 3P/3P (7.5X0.7X0.9)CM";"115041";NULL;NULL;"2023-09-06 12:44:10";"2023-09-06 12:44:10";"115"
"POT CURS 3P/3P (8.8X1.1X1.1)CM";"115045";NULL;NULL;"2023-09-06 12:44:10";"2023-09-06 12:44:10";"115"
"POT CURS 3P/4P (7.3X0.5X0.8)CM";"115046";NULL;NULL;"2023-09-06 12:44:10";"2023-09-06 12:44:10";"115"
"POT CURS 4P/4P (5.0X1.2X0.9)CM";"115049";NULL;NULL;"2023-09-06 12:44:10";"2023-09-06 12:44:10";"115"
"POT CURS 4P/4P (6X0.7X0.6)CM";"115050";NULL;NULL;"2023-09-06 12:44:10";"2023-09-06 12:44:10";"115"
"POT CURS 4P/4P (7.2X1.1X1.2)CM";"115047";NULL;NULL;"2023-09-06 12:44:10";"2023-09-06 12:44:10";"115"
"POT CURS 4P/4P (7.5X0.6X0.8)CM";"115051";NULL;NULL;"2023-09-06 12:44:10";"2023-09-06 12:44:10";"115"
"POT CURS 4P/4P (7.5X0.9X0.4)CM";"115017";NULL;NULL;"2023-09-06 12:44:10";"2023-09-06 12:44:10";"115"
"POT CURS 4P/4P (76X0.7X0.6)CM";"115048";NULL;NULL;"2023-09-06 12:44:10";"2023-09-06 12:44:10";"115"
"POT CURS 5P/5P (8.8X1.0X1.2)CM";"115052";NULL;NULL;"2023-09-06 12:44:10";"2023-09-06 12:44:10";"115"
"POT DE FLEUR";"501051";NULL;NULL;"2023-09-06 14:58:54";"2023-09-06 14:58:54";"501"
"POT EN PORCELIN GM";"501052";NULL;NULL;"2023-09-06 14:58:54";"2023-09-06 14:58:54";"501"
"POT EN PORCELIN PM";"501049";NULL;NULL;"2023-09-06 14:58:54";"2023-09-06 14:58:54";"501"
"POT LONG MNO 3PAT 22K";"115053";NULL;NULL;"2023-09-06 12:44:10";"2023-09-06 12:44:10";"115"
"POT LONG MNO 3PAT 250K";"115054";NULL;NULL;"2023-09-06 12:44:10";"2023-09-06 12:44:10";"115"
"POT LONG MNO 3PAT 50K";"115055";NULL;NULL;"2023-09-06 12:44:10";"2023-09-06 12:44:10";"115"
"POT LONG ST 6PAT 100K";"115056";NULL;NULL;"2023-09-06 12:44:10";"2023-09-06 12:44:10";"115"
"POT LONG ST 6PAT 500K";"115058";NULL;NULL;"2023-09-06 12:44:11";"2023-09-06 12:44:11";"115"
"POT LONG ST 6PAT 50K";"115057";NULL;NULL;"2023-09-06 12:44:11";"2023-09-06 12:44:11";"115"
"POT MIXEUR 3PAT FIXATION COTE MOY";"115060";NULL;NULL;"2023-09-06 12:44:11";"2023-09-06 12:44:11";"115"
"POT MIXEUR 3PAT FIXATION COTE PM";"115059";NULL;NULL;"2023-09-06 12:44:11";"2023-09-06 12:44:11";"115"
"POT MIXEUR 3PAT FIXATION DESSOUS BLEU";"115063";NULL;NULL;"2023-09-06 12:44:11";"2023-09-06 12:44:11";"115"
"POT MIXEUR 3PAT FIXATION DESSOUS COURT";"115062";NULL;NULL;"2023-09-06 12:44:11";"2023-09-06 12:44:11";"115"
"POT MIXEUR 3PAT FIXATION DESSOUS PM";"115061";NULL;NULL;"2023-09-06 12:44:11";"2023-09-06 12:44:11";"115"
"POT MIXEUR 4PAT FIXATION DESSOUS MOY";"115064";NULL;NULL;"2023-09-06 12:44:11";"2023-09-06 12:44:11";"115"
"POT MIXEUR 6PAT FIXATION DE COTE GM";"115066";NULL;NULL;"2023-09-06 12:44:11";"2023-09-06 12:44:11";"115"
"POT MIXEUR 6PAT FIXATION DESSOUS MOY";"115065";NULL;NULL;"2023-09-06 12:44:11";"2023-09-06 12:44:11";"115"
"POT MIXEUR 6PAT FIXATION DESSUS GM";"115067";NULL;NULL;"2023-09-06 12:44:11";"2023-09-06 12:44:11";"115"
"POT MNO 50K+SUPORT FIXATION";"115068";NULL;NULL;"2023-09-06 12:44:11";"2023-09-06 12:44:11";"115"
"POT RADIO ST B50K 7P EN LIGNE";"115069";NULL;NULL;"2023-09-06 12:44:11";"2023-09-06 12:44:11";"115"
"PRESENTOIR LIEBHERR";"617006";NULL;NULL;"2023-09-06 14:59:00";"2023-09-06 14:59:00";"617"
"PRESENTOIR LOCAL PM";"617009";NULL;NULL;"2023-09-06 14:59:00";"2023-09-06 14:59:00";"617"
"PRESENTOIRE 1 BAT MM";"617007";NULL;NULL;"2023-09-06 14:59:00";"2023-09-06 14:59:00";"617"
"PRESENTOIRE 2B COULISSANT PESPSI";"617002";NULL;NULL;"2023-09-06 14:59:00";"2023-09-06 14:59:00";"617"
"PRESENTOIRE A VIN SYNN CAVE";"617003";NULL;NULL;"2023-09-06 14:59:00";"2023-09-06 14:59:00";"617"
"PRESENTOIRE DE BUREAU";"617005";NULL;NULL;"2023-09-06 14:59:00";"2023-09-06 14:59:00";"617"
"PRESENTOIRE VERTICAL DUAL QUICK";"617004";NULL;NULL;"2023-09-06 14:59:00";"2023-09-06 14:59:00";"617"
"PRESENTOIRE VERTICAL LOCAL ZANUSSI";"617001";NULL;NULL;"2023-09-06 14:59:00";"2023-09-06 14:59:00";"617"
"PRESSE JUS SIEMENS";"609021";NULL;NULL;"2023-09-06 14:58:56";"2023-09-06 14:58:56";"609"
"PRESSE ORANGE";"610001";NULL;NULL;"2023-09-06 14:58:55";"2023-09-06 14:58:55";"610"
"PRISE 6030";"215268";NULL;NULL;"2023-09-06 12:44:47";"2023-09-06 12:44:47";"215"
"PRISE 6060 ";"215267";NULL;NULL;"2023-09-06 12:44:47";"2023-09-06 12:44:47";"215"
"PRISE APP 2P SIMPLE 6030";"215346";NULL;NULL;"2023-12-12 03:21:43";"2023-12-12 03:21:43";"215"
"PRISE APP 2P+T 6060 ";"215345";NULL;NULL;"2023-12-12 03:21:43";"2023-12-12 03:21:43";"215"
"PROCTEUR LUMINEUX 500W";"501090";NULL;NULL;"2023-09-06 14:58:55";"2023-09-06 14:58:55";"501"
"PROGRAMATEUR DE PIC";"313001";NULL;NULL;"2023-09-06 12:44:11";"2023-09-06 12:44:11";"313"
"PROGRAMATEUR HORAIRE";"215134";NULL;NULL;"2023-09-06 12:44:11";"2023-09-06 12:44:11";"215"
"PROJECTEUR LUMINEU 1000W";"501091";NULL;NULL;"2023-09-06 14:58:55";"2023-09-06 14:58:55";"501"
"PROJECTEUR LUMINEUX 36WTT + PRISE";"501066";NULL;NULL;"2023-09-06 14:58:55";"2023-09-06 14:58:55";"501"
"PROJECTEUR LUMINEUX 500W";"501275";NULL;NULL;"2023-09-06 15:12:49";"2023-09-06 15:12:49";"501"
"PT 2253";"102580";NULL;NULL;"2023-09-06 12:44:11";"2023-09-06 12:44:11";"102"
"PT 2313";"102581";NULL;NULL;"2023-09-06 12:44:11";"2023-09-06 12:44:11";"102"
"PT DE DIODE ALLU 2 PHASE 100A-16 4PAT 1600V";"114014";NULL;NULL;"2023-09-06 12:44:09";"2023-09-06 12:44:09";"114"
"PT DE DIODE ALLU 3510";"114015";NULL;NULL;"2023-09-06 12:44:09";"2023-09-06 12:44:09";"114"
"PT DE DIODE ALLU 5PAT SQL 50A/1200V";"114013";NULL;NULL;"2023-09-06 12:44:09";"2023-09-06 12:44:09";"114"
"PT DE DIODE ALLU MB 5010W";"114016";NULL;NULL;"2023-09-06 12:44:09";"2023-09-06 12:44:09";"114"
"PT DE DIODE ALLU QL 50A-1000V 4PAT";"114017";NULL;NULL;"2023-09-06 12:44:09";"2023-09-06 12:44:09";"114"
"PT DE DIODE ALLU SQL 60A-1000V 5PAT";"114018";NULL;NULL;"2023-09-06 12:44:09";"2023-09-06 12:44:09";"114"
"PT DE DIODE ALLU TRIPHASE SQL 5PAT 100A-1600V";"114019";NULL;NULL;"2023-09-06 12:44:09";"2023-09-06 12:44:09";"114"
"PT DE DIODE CAR KBPC 1010";"114020";NULL;NULL;"2023-09-06 12:44:09";"2023-09-06 12:44:09";"114"
"PT DE DIODE CAR KBPC 3510 ALU 35A";"114005";NULL;NULL;"2023-09-06 12:44:09";"2023-09-06 12:44:09";"114"
"PT DE DIODE CAR KBPC 3510 NOIR 35A";"114006";NULL;NULL;"2023-09-06 12:44:09";"2023-09-06 12:44:09";"114"
"PT DE DIODE CAR KBPC 5010 ALU 50A";"114007";NULL;NULL;"2023-09-06 12:44:09";"2023-09-06 12:44:09";"114"
"PT DE DIODE CAR MOY KBPC 610";"114021";NULL;NULL;"2023-09-06 12:44:09";"2023-09-06 12:44:09";"114"
"PT DE DIODE CAR S5VB";"114022";NULL;NULL;"2023-09-06 12:44:09";"2023-09-06 12:44:09";"114"
"PT DE DIODE CD MINIATURE 649";"114023";NULL;NULL;"2023-09-06 12:44:09";"2023-09-06 12:44:09";"114"
"PT DE DIODE INDUSTRIEL 100A 5PAT";"114001";NULL;NULL;"2023-09-06 12:44:09";"2023-09-06 12:44:09";"114"
"PT DE DIODE INDUSTRIEL 100A-1600V 4PATES";"114002";NULL;NULL;"2023-09-06 12:44:09";"2023-09-06 12:44:09";"114"
"PT DE DIODE KBPC 6010";"114003";NULL;NULL;"2023-09-06 12:44:09";"2023-09-06 12:44:09";"114"
"PT DE DIODE LT KBJ 608G";"114010";NULL;NULL;"2023-09-06 12:44:09";"2023-09-06 12:44:09";"114"
"PT DE DIODE PLASTIC CARRE-PM";"114008";NULL;NULL;"2023-09-06 12:44:09";"2023-09-06 12:44:09";"114"
"PT DE DIODE QL 50A-12 4PAT";"114024";NULL;NULL;"2023-09-06 12:44:09";"2023-09-06 12:44:09";"114"
"PT DE DIODE RECT D5SBA60 50 GM";"114025";NULL;NULL;"2023-09-06 12:44:09";"2023-09-06 12:44:09";"114"
"PT DE DIODE RECT KBL 208 PM";"114027";NULL;NULL;"2023-09-06 12:44:09";"2023-09-06 12:44:09";"114"
"PT DE DIODE RECT KBL 406";"114026";NULL;NULL;"2023-09-06 12:44:09";"2023-09-06 12:44:09";"114"
"PT DE DIODE RECT LT GBL 307";"114028";NULL;NULL;"2023-09-06 12:44:09";"2023-09-06 12:44:09";"114"
"PT DE DIODE RECT QL62F6010 ALU 60A";"114009";NULL;NULL;"2023-09-06 12:44:09";"2023-09-06 12:44:09";"114"
"PT DE DIODE RECT R8 605";"114029";NULL;NULL;"2023-09-06 12:44:09";"2023-09-06 12:44:09";"114"
"PT DE DIODE RECT RS 508";"114030";NULL;NULL;"2023-09-06 12:44:09";"2023-09-06 12:44:09";"114"
"PT DE DIODE RECT RS 601";"114031";NULL;NULL;"2023-09-06 12:44:09";"2023-09-06 12:44:09";"114"
"PT DE DIODE ROND W04N";"114032";NULL;NULL;"2023-09-06 12:44:09";"2023-09-06 12:44:09";"114"
"PT DE DIODE S2VB CARRE PM";"114011";NULL;NULL;"2023-09-06 12:44:09";"2023-09-06 12:44:09";"114"
"PT DE DIODE SQL 50A-12";"114004";NULL;NULL;"2023-09-06 12:44:09";"2023-09-06 12:44:09";"114"
"PT DE DIODE TRIPHASE ALU QL 100A-16";"114012";NULL;NULL;"2023-09-06 12:44:09";"2023-09-06 12:44:09";"114"
"PTI WOOFER CREATIF";"602004";NULL;NULL;"2023-09-06 14:58:52";"2023-09-06 14:58:52";"602"
"QUARTZ 10 MEGA";"127001";NULL;NULL;"2023-09-06 12:44:11";"2023-09-06 12:44:11";"127"
"QUARTZ 12M";"215249";NULL;NULL;"2023-09-06 12:44:47";"2023-09-06 12:44:47";"215"
"QUARTZ 16 MEGA";"127002";NULL;NULL;"2023-09-06 12:44:11";"2023-09-06 12:44:11";"127"
"QUARTZ 20 MEGA";"127003";NULL;NULL;"2023-09-06 12:44:11";"2023-09-06 12:44:11";"127"
"QUARTZ 27 MEGA";"127004";NULL;NULL;"2023-09-06 12:44:11";"2023-09-06 12:44:11";"127"
"QUARTZ 4 MEGA";"127005";NULL;NULL;"2023-09-06 12:44:11";"2023-09-06 12:44:11";"127"
"QUARTZ 455";"127006";NULL;NULL;"2023-09-06 12:44:11";"2023-09-06 12:44:11";"127"
"QUARTZ 8 MEGA";"127007";NULL;NULL;"2023-09-06 12:44:11";"2023-09-06 12:44:11";"127"
"RACCORD 1RCA/1RCA EN FER";"263001";NULL;NULL;"2023-09-06 12:44:11";"2023-09-06 12:44:11";"263"
"RACCORD BNC Fem/BNC Fem";"215176";NULL;NULL;"2023-09-06 12:44:46";"2023-09-06 12:44:46";"215"
"RACCORD CABLE ENEO";"215241";NULL;NULL;"2023-09-06 12:44:47";"2023-09-06 12:44:47";"215"
"RACCORD HDMI M/ HDMI M EN COUDE";"263003";NULL;NULL;"2023-09-06 12:44:11";"2023-09-06 12:44:11";"263"
"RACCORD HDMI/ANDROIDE";"263002";NULL;NULL;"2023-09-06 12:44:11";"2023-09-06 12:44:11";"263"
"RACCORD UNION 1RCA F/ 1RCA F PLASTIQUE";"263004";NULL;NULL;"2023-09-06 12:44:11";"2023-09-06 12:44:11";"263"
"RACCORD UNION 2RCA F/ 2RCA F PLASTIQUE";"263005";NULL;NULL;"2023-09-06 12:44:11";"2023-09-06 12:44:11";"263"
"RACCORD UNION 3RCA F/ 3RCA F PLASTIQUE";"263006";NULL;NULL;"2023-09-06 12:44:11";"2023-09-06 12:44:11";"263"
"RACCORD USB/USB";"263007";NULL;NULL;"2023-09-06 12:44:11";"2023-09-06 12:44:11";"263"
"RACCORD VGA F/ VGA F";"263008";NULL;NULL;"2023-09-06 12:44:11";"2023-09-06 12:44:11";"263"
"RALONGE 100M 3500W";"501183";NULL;NULL;"2023-09-06 14:59:01";"2023-09-06 14:59:01";"501"
"RALONGE 3T ET 2 USB POWER MAX";"404001";NULL;NULL;"2023-09-06 12:44:11";"2023-09-06 12:44:11";"404"
"RALONGE 4T AFIFA";"404002";NULL;NULL;"2023-09-06 12:44:11";"2023-09-06 12:44:11";"404"
"RALONGE 50M";"501178";NULL;NULL;"2023-09-06 14:59:01";"2023-09-06 14:59:01";"501"
"RALONGE 6 T PLUS ONDULEUR";"501185";NULL;NULL;"2023-09-06 14:59:01";"2023-09-06 14:59:01";"501"
"RALONGE OCA  4T 1.5M 5INT";"501177";NULL;NULL;"2023-09-06 14:59:01";"2023-09-06 14:59:01";"501"
"RALONGE OCA 10T 2.5M 1INT";"501165";NULL;NULL;"2023-09-06 14:59:01";"2023-09-06 14:59:01";"501"
"RALONGE OCA 2T 1.5M";"501158";NULL;NULL;"2023-09-06 14:59:01";"2023-09-06 14:59:01";"501"
"RALONGE OCA 2T 1.5M 2INT";"501182";NULL;NULL;"2023-09-06 14:59:01";"2023-09-06 14:59:01";"501"
"RALONGE OCA 2T 10M";"501157";NULL;NULL;"2023-09-06 14:59:01";"2023-09-06 14:59:01";"501"
"RALONGE OCA 2T 10M 1D";"501153";NULL;NULL;"2023-09-06 14:59:01";"2023-09-06 14:59:01";"501"
"RALONGE OCA 2T 1M 1D";"501125";NULL;NULL;"2023-09-06 14:59:00";"2023-09-06 14:59:00";"501"
"RALONGE OCA 2T 2.M";"501119";NULL;NULL;"2023-09-06 14:59:00";"2023-09-06 14:59:00";"501"
"RALONGE OCA 2T 2M 2INT";"501175";NULL;NULL;"2023-09-06 14:59:01";"2023-09-06 14:59:01";"501"
"RALONGE OCA 2T 3M";"501152";NULL;NULL;"2023-09-06 14:59:00";"2023-09-06 14:59:00";"501"
"RALONGE OCA 2T 3M 1D";"501128";NULL;NULL;"2023-09-06 14:59:00";"2023-09-06 14:59:00";"501"
"RALONGE OCA 2T 3M 2INT";"501160";NULL;NULL;"2023-09-06 14:59:01";"2023-09-06 14:59:01";"501"
"RALONGE OCA 2T 4.5M";"501156";NULL;NULL;"2023-09-06 14:59:01";"2023-09-06 14:59:01";"501"
"RALONGE OCA 2T 4M";"501163";NULL;NULL;"2023-09-06 14:59:01";"2023-09-06 14:59:01";"501"
"RALONGE OCA 2T 5M";"501120";NULL;NULL;"2023-09-06 14:59:00";"2023-09-06 14:59:00";"501"
"RALONGE OCA 2T 5M 1INT";"501174";NULL;NULL;"2023-09-06 14:59:01";"2023-09-06 14:59:01";"501"
"RALONGE OCA 3T 1,5M 4INT";"501118";NULL;NULL;"2023-09-06 14:59:00";"2023-09-06 14:59:00";"501"
"RALONGE OCA 3T 1.5M";"501181";NULL;NULL;"2023-09-06 14:59:01";"2023-09-06 14:59:01";"501"
"RALONGE OCA 3T 1.5M 3INT";"501148";NULL;NULL;"2023-09-06 14:59:00";"2023-09-06 14:59:00";"501"
"RALONGE OCA 3T 10M";"501126";NULL;NULL;"2023-09-06 14:59:00";"2023-09-06 14:59:00";"501"
"RALONGE OCA 3T 1M 1INT";"501149";NULL;NULL;"2023-09-06 14:59:00";"2023-09-06 14:59:00";"501"
"RALONGE OCA 3T 2.5M";"501159";NULL;NULL;"2023-09-06 14:59:01";"2023-09-06 14:59:01";"501"
"RALONGE OCA 3T 2.5M 3INT";"501170";NULL;NULL;"2023-09-06 14:59:01";"2023-09-06 14:59:01";"501"
"RALONGE OCA 3T 2M";"501123";NULL;NULL;"2023-09-06 14:59:00";"2023-09-06 14:59:00";"501"
"RALONGE OCA 3T 3M";"501127";NULL;NULL;"2023-09-06 14:59:00";"2023-09-06 14:59:00";"501"
"RALONGE OCA 3T 3M 1INT";"501151";NULL;NULL;"2023-09-06 14:59:00";"2023-09-06 14:59:00";"501"
"RALONGE OCA 3T 3M 3INT";"501122";NULL;NULL;"2023-09-06 14:59:00";"2023-09-06 14:59:00";"501"
"RALONGE OCA 3T 4.5M";"501155";NULL;NULL;"2023-09-06 14:59:01";"2023-09-06 14:59:01";"501"
"RALONGE OCA 3T 4.5M 3INT";"501150";NULL;NULL;"2023-09-06 14:59:00";"2023-09-06 14:59:00";"501"
"RALONGE OCA 3T 4M";"501162";NULL;NULL;"2023-09-06 14:59:01";"2023-09-06 14:59:01";"501"
"RALONGE OCA 3T 5M";"501124";NULL;NULL;"2023-09-06 14:59:00";"2023-09-06 14:59:00";"501"
"RALONGE OCA 3T 5M 1INT";"501121";NULL;NULL;"2023-09-06 14:59:00";"2023-09-06 14:59:00";"501"
"RALONGE OCA 4T 1.5M";"501173";NULL;NULL;"2023-09-06 14:59:01";"2023-09-06 14:59:01";"501"
"RALONGE OCA 4T 1.5M 1INT";"501132";NULL;NULL;"2023-09-06 14:59:00";"2023-09-06 14:59:00";"501"
"RALONGE OCA 4T 10M 1INT";"501167";NULL;NULL;"2023-09-06 14:59:01";"2023-09-06 14:59:01";"501"
"RALONGE OCA 4T 2.5M";"501129";NULL;NULL;"2023-09-06 14:59:00";"2023-09-06 14:59:00";"501"
"RALONGE OCA 4T 2.5M 1INT";"501169";NULL;NULL;"2023-09-06 14:59:01";"2023-09-06 14:59:01";"501"
"RALONGE OCA 4T 2.5N 1INT";"501133";NULL;NULL;"2023-09-06 14:59:00";"2023-09-06 14:59:00";"501"
"RALONGE OCA 4T 2M 1INT";"501154";NULL;NULL;"2023-09-06 14:59:01";"2023-09-06 14:59:01";"501"
"RALONGE OCA 4T 2M 4INT";"501137";NULL;NULL;"2023-09-06 14:59:00";"2023-09-06 14:59:00";"501"
"RALONGE OCA 4T 3M 1INT";"501130";NULL;NULL;"2023-09-06 14:59:00";"2023-09-06 14:59:00";"501"
"RALONGE OCA 4T 3M 5INT";"501134";NULL;NULL;"2023-09-06 14:59:00";"2023-09-06 14:59:00";"501"
"RALONGE OCA 4T 4.5M 1INT";"501171";NULL;NULL;"2023-09-06 14:59:01";"2023-09-06 14:59:01";"501"
"RALONGE OCA 4T 4M 1INT";"501166";NULL;NULL;"2023-09-06 14:59:01";"2023-09-06 14:59:01";"501"
"RALONGE OCA 4T 5M 1INT";"501136";NULL;NULL;"2023-09-06 14:59:00";"2023-09-06 14:59:00";"501"
"RALONGE OCA 4T 5M 3INT";"501131";NULL;NULL;"2023-09-06 14:59:00";"2023-09-06 14:59:00";"501"
"RALONGE OCA 5T 1.5M 1INT";"501135";NULL;NULL;"2023-09-06 14:59:00";"2023-09-06 14:59:00";"501"
"RALONGE OCA 5T 1.5M 6INT";"501179";NULL;NULL;"2023-09-06 14:59:01";"2023-09-06 14:59:01";"501"
"RALONGE OCA 5T 1M 1INT";"501145";NULL;NULL;"2023-09-06 14:59:00";"2023-09-06 14:59:00";"501"
"RALONGE OCA 5T 2.5M 6INT";"501168";NULL;NULL;"2023-09-06 14:59:01";"2023-09-06 14:59:01";"501"
"RALONGE OCA 5T 3M 1INT";"501146";NULL;NULL;"2023-09-06 14:59:00";"2023-09-06 14:59:00";"501"
"RALONGE OCA 5T 4.5 M 5INT";"501147";NULL;NULL;"2023-09-06 14:59:00";"2023-09-06 14:59:00";"501"
"RALONGE OCA 5T 4.5M 6 INT";"501172";NULL;NULL;"2023-09-06 14:59:01";"2023-09-06 14:59:01";"501"
"RALONGE OCA 5T 5M 1INT";"501180";NULL;NULL;"2023-09-06 14:59:01";"2023-09-06 14:59:01";"501"
"RALONGE OCA 6T 1.5M 1INT";"501138";NULL;NULL;"2023-09-06 14:59:00";"2023-09-06 14:59:00";"501"
"RALONGE OCA 6T 1.5M 7 INT";"501176";NULL;NULL;"2023-09-06 14:59:01";"2023-09-06 14:59:01";"501"
"RALONGE OCA 6T 1M 1INT";"501161";NULL;NULL;"2023-09-06 14:59:01";"2023-09-06 14:59:01";"501"
"RALONGE OCA 6T 2.5M 1INT";"501139";NULL;NULL;"2023-09-06 14:59:00";"2023-09-06 14:59:00";"501"
"RALONGE OCA 6T 3M 1INT";"501142";NULL;NULL;"2023-09-06 14:59:00";"2023-09-06 14:59:00";"501"
"RALONGE OCA 6T 3M 7INT";"501141";NULL;NULL;"2023-09-06 14:59:00";"2023-09-06 14:59:00";"501"
"RALONGE OCA 6T 4.5M 1INT";"501144";NULL;NULL;"2023-09-06 14:59:00";"2023-09-06 14:59:00";"501"
"RALONGE OCA 6T 4M 1INT";"501143";NULL;NULL;"2023-09-06 14:59:00";"2023-09-06 14:59:00";"501"
"RALONGE OCA 6T 5M 1INT";"501140";NULL;NULL;"2023-09-06 14:59:00";"2023-09-06 14:59:00";"501"
"RALONGE OCA 8T 2M";"501164";NULL;NULL;"2023-09-06 14:59:01";"2023-09-06 14:59:01";"501"
"RALONGE POWER MAX AVC USB";"501117";NULL;NULL;"2023-09-06 14:59:00";"2023-09-06 14:59:00";"501"
"RALONGE SECTEUR 2T 1.5M";"404003";NULL;NULL;"2023-09-06 12:44:11";"2023-09-06 12:44:11";"404"
"RALONGE SECTEUR 2T 2.5M";"404004";NULL;NULL;"2023-09-06 12:44:11";"2023-09-06 12:44:11";"404"
"RALONGE SECTEUR 2T 3M";"404005";NULL;NULL;"2023-09-06 12:44:11";"2023-09-06 12:44:11";"404"
"RALONGE SECTEUR 3T + INT 1.5M";"404006";NULL;NULL;"2023-09-06 12:44:11";"2023-09-06 12:44:11";"404"
"RALONGE SECTEUR 3T 1.5M";"404007";NULL;NULL;"2023-09-06 12:44:11";"2023-09-06 12:44:11";"404"
"RALONGE SECTEUR 3T 10M";"404008";NULL;NULL;"2023-09-06 12:44:11";"2023-09-06 12:44:11";"404"
"RALONGE SECTEUR 3T 3M";"404010";NULL;NULL;"2023-09-06 12:44:11";"2023-09-06 12:44:11";"404"
"RALONGE SECTEUR 3T 4.5M";"404011";NULL;NULL;"2023-09-06 12:44:11";"2023-09-06 12:44:11";"404"
"RALONGE SECTEUR 3T 4M";"404012";NULL;NULL;"2023-09-06 12:44:11";"2023-09-06 12:44:11";"404"
"RALONGE SECTEUR 3T 5M";"404013";NULL;NULL;"2023-09-06 12:44:11";"2023-09-06 12:44:11";"404"
"RALONGE SECTEUR 3T ET 3 INT 4.5M";"404009";NULL;NULL;"2023-09-06 12:44:11";"2023-09-06 12:44:11";"404"
"RALONGE SECTEUR 4T ET 1 INT 1.5M";"404015";NULL;NULL;"2023-09-06 12:44:11";"2023-09-06 12:44:11";"404"
"RALONGE SECTEUR 4T ET 1 INT 2.5M";"404016";NULL;NULL;"2023-09-06 12:44:11";"2023-09-06 12:44:11";"404"
"RALONGE SECTEUR 4T ET 1 INT 2M";"404017";NULL;NULL;"2023-09-06 12:44:11";"2023-09-06 12:44:11";"404"
"RALONGE SECTEUR 4T ET 1 INT 3M";"404018";NULL;NULL;"2023-09-06 12:44:11";"2023-09-06 12:44:11";"404"
"RALONGE SECTEUR 4T ET 1 INT 5M";"404019";NULL;NULL;"2023-09-06 12:44:11";"2023-09-06 12:44:11";"404"
"RALONGE SECTEUR 4T NOIR";"404014";NULL;NULL;"2023-09-06 12:44:11";"2023-09-06 12:44:11";"404"
"RALONGE SECTEUR 5T BLEU";"404020";NULL;NULL;"2023-09-06 12:44:11";"2023-09-06 12:44:11";"404"
"RALONGE SECTEUR 6T ET 1 INT 1.5M";"404022";NULL;NULL;"2023-09-06 12:44:12";"2023-09-06 12:44:12";"404"
"RALONGE SECTEUR 6T ET 1 INT 1M";"404021";NULL;NULL;"2023-09-06 12:44:12";"2023-09-06 12:44:12";"404"
"RALONGE SECTEUR 6T ET 1 INT 3M";"404023";NULL;NULL;"2023-09-06 12:44:12";"2023-09-06 12:44:12";"404"
"RALONGE SECTEUR 6T ET 1 INT 5M";"404024";NULL;NULL;"2023-09-06 12:44:12";"2023-09-06 12:44:12";"404"
"RALONGE SECTEUR 6T ET 7 INT 1.5M";"404025";NULL;NULL;"2023-09-06 12:44:12";"2023-09-06 12:44:12";"404"
"RALONGE TRYPHASE 10M";"501184";NULL;NULL;"2023-09-06 14:59:01";"2023-09-06 14:59:01";"501"
"RANGE CUILIERE";"501204";NULL;NULL;"2023-09-06 14:59:04";"2023-09-06 14:59:04";"501"
"RANGE VERSAILLE MM";"501222";NULL;NULL;"2023-09-06 14:59:04";"2023-09-06 14:59:04";"501"
"RANGE VERSAILLE PM";"501223";NULL;NULL;"2023-09-06 14:59:04";"2023-09-06 14:59:04";"501"
"RANGE VESSAILLE GM";"501221";NULL;NULL;"2023-09-06 14:59:04";"2023-09-06 14:59:04";"501"
"RECEPTEUR BLUETOOTH";"215135";NULL;NULL;"2023-09-06 12:44:12";"2023-09-06 12:44:12";"215"
"RECEPTEUR DS 1838";"215136";NULL;NULL;"2023-09-06 12:44:12";"2023-09-06 12:44:12";"215"
"RECHARGEUR DE BATTERIE";"501055";NULL;NULL;"2023-09-06 14:58:55";"2023-09-06 14:58:55";"501"
"REFOIDISEUR DE CHAMBRE";"616032";NULL;NULL;"2023-09-06 14:58:57";"2023-09-06 14:58:57";"616"
"REFOIDISSEURE DE CHAMBRE HAIER";"616035";NULL;NULL;"2023-09-06 14:58:57";"2023-09-06 14:58:57";"616"
"REG 7802";"125003";NULL;NULL;"2023-09-06 12:44:12";"2023-09-06 12:44:12";"125"
"REG 7803";"125004";NULL;NULL;"2023-09-06 12:44:12";"2023-09-06 12:44:12";"125"
"REG 7804";"125005";NULL;NULL;"2023-09-06 12:44:12";"2023-09-06 12:44:12";"125"
"REG 7805";"125006";NULL;NULL;"2023-09-06 12:44:12";"2023-09-06 12:44:12";"125"
"REG 7805 ISOLE";"125007";NULL;NULL;"2023-09-06 12:44:12";"2023-09-06 12:44:12";"125"
"REG 7806";"125008";NULL;NULL;"2023-09-06 12:44:12";"2023-09-06 12:44:12";"125"
"REG 7808";"125009";NULL;NULL;"2023-09-06 12:44:12";"2023-09-06 12:44:12";"125"
"REG 7812";"125010";NULL;NULL;"2023-09-06 12:44:12";"2023-09-06 12:44:12";"125"
"REG 7815";"125011";NULL;NULL;"2023-09-06 12:44:12";"2023-09-06 12:44:12";"125"
"REG 7818";"125012";NULL;NULL;"2023-09-06 12:44:12";"2023-09-06 12:44:12";"125"
"REG 7824";"125013";NULL;NULL;"2023-09-06 12:44:12";"2023-09-06 12:44:12";"125"
"REG 78L05";"125014";NULL;NULL;"2023-09-06 12:44:12";"2023-09-06 12:44:12";"125"
"REG 78L06";"125015";NULL;NULL;"2023-09-06 12:44:12";"2023-09-06 12:44:12";"125"
"REG 78L08";"125016";NULL;NULL;"2023-09-06 12:44:12";"2023-09-06 12:44:12";"125"
"REG 78L09";"125017";NULL;NULL;"2023-09-06 12:44:12";"2023-09-06 12:44:12";"125"
"REG 78L12";"125018";NULL;NULL;"2023-09-06 12:44:12";"2023-09-06 12:44:12";"125"
"REG 78L15";"125019";NULL;NULL;"2023-09-06 12:44:12";"2023-09-06 12:44:12";"125"
"REG 78M05";"125020";NULL;NULL;"2023-09-06 12:44:12";"2023-09-06 12:44:12";"125"
"REG 78M08";"125021";NULL;NULL;"2023-09-06 12:44:12";"2023-09-06 12:44:12";"125"
"REG 78M09";"125022";NULL;NULL;"2023-09-06 12:44:12";"2023-09-06 12:44:12";"125"
"REG 78M12";"125023";NULL;NULL;"2023-09-06 12:44:12";"2023-09-06 12:44:12";"125"
"REG 78M18";"125024";NULL;NULL;"2023-09-06 12:44:12";"2023-09-06 12:44:12";"125"
"REG 78M24";"125025";NULL;NULL;"2023-09-06 12:44:12";"2023-09-06 12:44:12";"125"
"REG 78R05";"125026";NULL;NULL;"2023-09-06 12:44:12";"2023-09-06 12:44:12";"125"
"REG 78R08";"125027";NULL;NULL;"2023-09-06 12:44:12";"2023-09-06 12:44:12";"125"
"REG 78R12";"125028";NULL;NULL;"2023-09-06 12:44:12";"2023-09-06 12:44:12";"125"
"REG 7905";"125029";NULL;NULL;"2023-09-06 12:44:12";"2023-09-06 12:44:12";"125"
"REG 7906";"125030";NULL;NULL;"2023-09-06 12:44:12";"2023-09-06 12:44:12";"125"
"REG 7908";"125031";NULL;NULL;"2023-09-06 12:44:12";"2023-09-06 12:44:12";"125"
"REG 7909";"125032";NULL;NULL;"2023-09-06 12:44:12";"2023-09-06 12:44:12";"125"
"REG 7912";"125033";NULL;NULL;"2023-09-06 12:44:12";"2023-09-06 12:44:12";"125"
"REG 7915";"125034";NULL;NULL;"2023-09-06 12:44:12";"2023-09-06 12:44:12";"125"
"REG 7916";"125035";NULL;NULL;"2023-09-06 12:44:12";"2023-09-06 12:44:12";"125"
"REG 7924";"125036";NULL;NULL;"2023-09-06 12:44:12";"2023-09-06 12:44:12";"125"
"REG 79M05";"125037";NULL;NULL;"2023-09-06 12:44:12";"2023-09-06 12:44:12";"125"
"REG TENSION 2000W + PORT USB";"215137";NULL;NULL;"2023-09-06 12:44:12";"2023-09-06 12:44:12";"215"
"REGLETTE DOUBLEE";"501100";NULL;NULL;"2023-09-06 14:58:55";"2023-09-06 14:58:55";"501"
"REGULATEUR ANALOGIE 1000W";"618004";NULL;NULL;"2023-09-06 14:59:01";"2023-09-06 14:59:01";"618"
"REGULATEUR ANALOGIQUE BROC 1000W";"618005";NULL;NULL;"2023-09-06 14:59:01";"2023-09-06 14:59:01";"618"
"REGULATEUR NUMERIQUE 1000W";"618001";NULL;NULL;"2023-09-06 14:59:01";"2023-09-06 14:59:01";"618"
"REGULATEUR NUMERIQUE 1500W";"618002";NULL;NULL;"2023-09-06 14:59:01";"2023-09-06 14:59:01";"618"
"REGULATEUR NUMERIQUE 2000W";"618003";NULL;NULL;"2023-09-06 14:59:01";"2023-09-06 14:59:01";"618"
"REGULATEUR NUMERIQUE BRO 2000W";"618007";NULL;NULL;"2023-09-06 14:59:01";"2023-09-06 14:59:01";"618"
"REGULATEUR NUMERIQUE BROC 1000W";"618006";NULL;NULL;"2023-09-06 14:59:01";"2023-09-06 14:59:01";"618"
"RELAIS 12V 10A 5PAT RECT";"116006";NULL;NULL;"2023-09-06 12:44:12";"2023-09-06 12:44:12";"116"
"RELAIS 12V 30A 6PAT";"116002";NULL;NULL;"2023-09-06 12:44:12";"2023-09-06 12:44:12";"116"
"RELAIS 12V 30A PR REG DE TENSION";"116017";NULL;NULL;"2023-09-06 12:44:13";"2023-09-06 12:44:13";"116"
"RELAIS 12V 30A/40A 5PAT NOIR A FICHE";"116010";NULL;NULL;"2023-09-06 12:44:12";"2023-09-06 12:44:12";"116"
"RELAIS 12V 5A 14 PAT TRANSP";"116003";NULL;NULL;"2023-09-06 12:44:12";"2023-09-06 12:44:12";"116"
"RELAIS 12V 5A 14PAT A SOCLE";"116020";NULL;NULL;"2023-09-06 12:44:13";"2023-09-06 12:44:13";"116"
"RELAIS 12V 5A 4PAT";"116007";NULL;NULL;"2023-09-06 12:44:12";"2023-09-06 12:44:12";"116"
"RELAIS 12V 5A 8PAT NOIR";"116008";NULL;NULL;"2023-09-06 12:44:12";"2023-09-06 12:44:12";"116"
"RELAIS 12V 5A/8A 6PAT NOIR";"116011";NULL;NULL;"2023-09-06 12:44:12";"2023-09-06 12:44:12";"116"
"RELAIS 12V 8A OCAS";"116009";NULL;NULL;"2023-09-06 12:44:12";"2023-09-06 12:44:12";"116"
"RELAIS 220V 60W 8PAT";"116012";NULL;NULL;"2023-09-06 12:44:13";"2023-09-06 12:44:13";"116"
"RELAIS 24V 10A 5PAT NOIR";"116015";NULL;NULL;"2023-09-06 12:44:13";"2023-09-06 12:44:13";"116"
"RELAIS 24V 5A 14PAT TRANSP";"116001";NULL;NULL;"2023-09-06 12:44:12";"2023-09-06 12:44:12";"116"
"RELAIS 24V 5A 6PAT";"116014";NULL;NULL;"2023-09-06 12:44:13";"2023-09-06 12:44:13";"116"
"RELAIS 24V 5A 6PAT VERT";"116016";NULL;NULL;"2023-09-06 12:44:13";"2023-09-06 12:44:13";"116"
"RELAIS 24V 5A 8PAT NOIR";"116013";NULL;NULL;"2023-09-06 12:44:13";"2023-09-06 12:44:13";"116"
"RELAIS 6V 10A 5PAT NOIR";"116018";NULL;NULL;"2023-09-06 12:44:13";"2023-09-06 12:44:13";"116"
"RELAIS 6V 10A 5PAT TRANSP";"116019";NULL;NULL;"2023-09-06 12:44:13";"2023-09-06 12:44:13";"116"
"RELAIS A SOCLE 220V 10A 8PAT TRANSP";"116004";NULL;NULL;"2023-09-06 12:44:12";"2023-09-06 12:44:12";"116"
"RELAIS A SOCLE 220V 6A 14PAT TRANSP";"116005";NULL;NULL;"2023-09-06 12:44:12";"2023-09-06 12:44:12";"116"
"RELAIS PLAT 4PAT (12V-10A)";"116022";NULL;NULL;"2023-09-06 12:44:13";"2023-09-06 12:44:13";"116"
"RELAIS PLAT 4PAT (12V-3A)";"116021";NULL;NULL;"2023-09-06 12:44:13";"2023-09-06 12:44:13";"116"
"RELAIS PLAT 4PAT (24V-10A)";"116023";NULL;NULL;"2023-09-06 12:44:13";"2023-09-06 12:44:13";"116"
"RELAIS PLAT 4PAT (24V-5A)";"116024";NULL;NULL;"2023-09-06 12:44:13";"2023-09-06 12:44:13";"116"
"RELAIS PLAT JRC 24V 4 PATTES";"215334";NULL;NULL;"2023-12-12 03:21:43";"2023-12-12 03:21:43";"215"
"RELAIS PLAT JRC 40 12V 4PATTES";"215333";NULL;NULL;"2023-12-12 03:21:43";"2023-12-12 03:21:43";"215"
"RELAIS PLAT JZC 40 12V 4PATTES";"215246";NULL;NULL;"2023-09-06 12:44:47";"2023-09-06 12:44:47";"215"
"RELAIS PLAT TRC 24V 4 PATTES";"215247";NULL;NULL;"2023-09-06 12:44:47";"2023-09-06 12:44:47";"215"
"RELAIS TRANSP 12V 5A 8PAT";"116028";NULL;NULL;"2023-09-06 12:44:13";"2023-09-06 12:44:13";"116"
"RELAIS TRANSP 9V- 10A 5PAT";"116027";NULL;NULL;"2023-09-06 12:44:13";"2023-09-06 12:44:13";"116"
"RELAIS TRAPEZE 12V-30A 6PAT";"116025";NULL;NULL;"2023-09-06 12:44:13";"2023-09-06 12:44:13";"116"
"RELAIS TRAPEZE 24V-30A 6PAT";"116026";NULL;NULL;"2023-09-06 12:44:13";"2023-09-06 12:44:13";"116"
"REPARTITEUR 1E/1S";"264004";NULL;NULL;"2023-09-06 12:44:13";"2023-09-06 12:44:13";"264"
"REPARTITEUR 1E/2S";"264001";NULL;NULL;"2023-09-06 12:44:13";"2023-09-06 12:44:13";"264"
"REPARTITEUR 1E/2S ALCAD";"264007";NULL;NULL;"2023-09-06 12:44:13";"2023-09-06 12:44:13";"264"
"REPARTITEUR 1E/2S DMI";"264002";NULL;NULL;"2023-09-06 12:44:13";"2023-09-06 12:44:13";"264"
"REPARTITEUR 1E/3S";"264008";NULL;NULL;"2023-09-06 12:44:13";"2023-09-06 12:44:13";"264"
"REPARTITEUR 1E/4S";"264018";NULL;NULL;"2023-12-12 03:21:32";"2023-12-12 03:21:32";"264"
"REPARTITEUR 1E/4S DMI";"264003";NULL;NULL;"2023-09-06 12:44:13";"2023-09-06 12:44:13";"264"
"REPARTITEUR 1E/5S";"264009";NULL;NULL;"2023-09-06 12:44:13";"2023-09-06 12:44:13";"264"
"REPARTITEUR 1E/8S TS-1020Mhz";"264016";NULL;NULL;"2023-12-12 03:21:32";"2023-12-12 03:21:32";"264"
"REPARTITEUR 1E/8S TS-1020MK8";"264005";NULL;NULL;"2023-09-06 12:44:13";"2023-09-06 12:44:13";"264"
"REPARTITEUR 1E/8S TS-800";"264006";NULL;NULL;"2023-09-06 12:44:13";"2023-09-06 12:44:13";"264"
"REPARTITEUR 1E/8S TS-800Mhz";"264017";NULL;NULL;"2023-12-12 03:21:32";"2023-12-12 03:21:32";"264"
"REPARTITEUR 2E/2S";"264010";NULL;NULL;"2023-09-06 12:44:13";"2023-09-06 12:44:13";"264"
"REPARTITEUR AV SD-168 3E/1S";"264011";NULL;NULL;"2023-09-06 12:44:13";"2023-09-06 12:44:13";"264"
"REPARTITEUR COMBINER JS 4162";"264012";NULL;NULL;"2023-09-06 12:44:13";"2023-09-06 12:44:13";"264"
"REPARTITEUR HDMI (SPLITER) 2 VOIES 1080P 3D";"264013";NULL;NULL;"2023-09-06 12:44:13";"2023-09-06 12:44:13";"264"
"REPARTITEUR HDMI (SPLITER) 4 VOIES 1080P 3D";"264014";NULL;NULL;"2023-09-06 12:44:13";"2023-09-06 12:44:13";"264"
"REPARTITEUR MAL/ FEM OCAS";"264015";NULL;NULL;"2023-09-06 12:44:13";"2023-09-06 12:44:13";"264"
"RESIST CARBON 1/2W 0.22KR";"106005";NULL;NULL;"2023-09-06 12:44:13";"2023-09-06 12:44:13";"106"
"RESIST CARBON 1/2W 0.22R";"106014";NULL;NULL;"2023-09-06 12:44:13";"2023-09-06 12:44:13";"106"
"RESIST CARBON 1/2W 0.33KR";"106006";NULL;NULL;"2023-09-06 12:44:13";"2023-09-06 12:44:13";"106"
"RESIST CARBON 1/2W 0.47KR";"106007";NULL;NULL;"2023-09-06 12:44:13";"2023-09-06 12:44:13";"106"
"RESIST CARBON 1/2W 0.5KR";"106008";NULL;NULL;"2023-09-06 12:44:13";"2023-09-06 12:44:13";"106"
"RESIST CARBON 1/2W 1.2KR";"106009";NULL;NULL;"2023-09-06 12:44:13";"2023-09-06 12:44:13";"106"
"RESIST CARBON 1/2W 1.5KR";"106010";NULL;NULL;"2023-09-06 12:44:13";"2023-09-06 12:44:13";"106"
"RESIST CARBON 1/2W 1.5R";"106015";NULL;NULL;"2023-09-06 12:44:13";"2023-09-06 12:44:13";"106"
"RESIST CARBON 1/2W 1.8KR";"106011";NULL;NULL;"2023-09-06 12:44:13";"2023-09-06 12:44:13";"106"
"RESIST CARBON 1/2W 1.8R";"106016";NULL;NULL;"2023-09-06 12:44:13";"2023-09-06 12:44:13";"106"
"RESIST CARBON 1/2W 100KR";"106012";NULL;NULL;"2023-09-06 12:44:13";"2023-09-06 12:44:13";"106"
"RESIST CARBON 1/2W 100R";"106017";NULL;NULL;"2023-09-06 12:44:13";"2023-09-06 12:44:13";"106"
"RESIST CARBON 1/2W 10KR";"106013";NULL;NULL;"2023-09-06 12:44:13";"2023-09-06 12:44:13";"106"
"RESIST CARBON 1/2W 10R";"106018";NULL;NULL;"2023-09-06 12:44:13";"2023-09-06 12:44:13";"106"
"RESIST CARBON 1/2W 120KR";"106019";NULL;NULL;"2023-09-06 12:44:13";"2023-09-06 12:44:13";"106"
"RESIST CARBON 1/2W 120R";"106020";NULL;NULL;"2023-09-06 12:44:13";"2023-09-06 12:44:13";"106"
"RESIST CARBON 1/2W 12KR";"106021";NULL;NULL;"2023-09-06 12:44:13";"2023-09-06 12:44:13";"106"
"RESIST CARBON 1/2W 12R";"106022";NULL;NULL;"2023-09-06 12:44:13";"2023-09-06 12:44:13";"106"
"RESIST CARBON 1/2W 150KR";"106023";NULL;NULL;"2023-09-06 12:44:13";"2023-09-06 12:44:13";"106"
"RESIST CARBON 1/2W 150R";"106024";NULL;NULL;"2023-09-06 12:44:13";"2023-09-06 12:44:13";"106"
"RESIST CARBON 1/2W 15KR";"106025";NULL;NULL;"2023-09-06 12:44:14";"2023-09-06 12:44:14";"106"
"RESIST CARBON 1/2W 15R";"106026";NULL;NULL;"2023-09-06 12:44:14";"2023-09-06 12:44:14";"106"
"RESIST CARBON 1/2W 16KR";"106027";NULL;NULL;"2023-09-06 12:44:14";"2023-09-06 12:44:14";"106"
"RESIST CARBON 1/2W 180KR";"106028";NULL;NULL;"2023-09-06 12:44:14";"2023-09-06 12:44:14";"106"
"RESIST CARBON 1/2W 180R";"106029";NULL;NULL;"2023-09-06 12:44:14";"2023-09-06 12:44:14";"106"
"RESIST CARBON 1/2W 18KR";"106030";NULL;NULL;"2023-09-06 12:44:14";"2023-09-06 12:44:14";"106"
"RESIST CARBON 1/2W 1KR";"106031";NULL;NULL;"2023-09-06 12:44:14";"2023-09-06 12:44:14";"106"
"RESIST CARBON 1/2W 1R";"106032";NULL;NULL;"2023-09-06 12:44:14";"2023-09-06 12:44:14";"106"
"RESIST CARBON 1/2W 2.2KR";"106033";NULL;NULL;"2023-09-06 12:44:14";"2023-09-06 12:44:14";"106"
"RESIST CARBON 1/2W 2.2R";"106034";NULL;NULL;"2023-09-06 12:44:14";"2023-09-06 12:44:14";"106"
"RESIST CARBON 1/2W 2.7KR";"106035";NULL;NULL;"2023-09-06 12:44:14";"2023-09-06 12:44:14";"106"
"RESIST CARBON 1/2W 2.7R";"106036";NULL;NULL;"2023-09-06 12:44:14";"2023-09-06 12:44:14";"106"
"RESIST CARBON 1/2W 200R";"106037";NULL;NULL;"2023-09-06 12:44:14";"2023-09-06 12:44:14";"106"
"RESIST CARBON 1/2W 20KR";"106038";NULL;NULL;"2023-09-06 12:44:14";"2023-09-06 12:44:14";"106"
"RESIST CARBON 1/2W 220KR";"106039";NULL;NULL;"2023-09-06 12:44:14";"2023-09-06 12:44:14";"106"
"RESIST CARBON 1/2W 220R";"106040";NULL;NULL;"2023-09-06 12:44:14";"2023-09-06 12:44:14";"106"
"RESIST CARBON 1/2W 22KR";"106041";NULL;NULL;"2023-09-06 12:44:14";"2023-09-06 12:44:14";"106"
"RESIST CARBON 1/2W 22R";"106042";NULL;NULL;"2023-09-06 12:44:14";"2023-09-06 12:44:14";"106"
"RESIST CARBON 1/2W 240KR";"106043";NULL;NULL;"2023-09-06 12:44:14";"2023-09-06 12:44:14";"106"
"RESIST CARBON 1/2W 240R";"106044";NULL;NULL;"2023-09-06 12:44:14";"2023-09-06 12:44:14";"106"
"RESIST CARBON 1/2W 270R";"106045";NULL;NULL;"2023-09-06 12:44:14";"2023-09-06 12:44:14";"106"
"RESIST CARBON 1/2W 27KR";"106002";NULL;NULL;"2023-09-06 12:44:13";"2023-09-06 12:44:13";"106"
"RESIST CARBON 1/2W 27R";"106046";NULL;NULL;"2023-09-06 12:44:14";"2023-09-06 12:44:14";"106"
"RESIST CARBON 1/2W 2R";"106047";NULL;NULL;"2023-09-06 12:44:14";"2023-09-06 12:44:14";"106"
"RESIST CARBON 1/2W 3.3KR";"106048";NULL;NULL;"2023-09-06 12:44:14";"2023-09-06 12:44:14";"106"
"RESIST CARBON 1/2W 3.3R";"106049";NULL;NULL;"2023-09-06 12:44:14";"2023-09-06 12:44:14";"106"
"RESIST CARBON 1/2W 3.9KR";"106003";NULL;NULL;"2023-09-06 12:44:13";"2023-09-06 12:44:13";"106"
"RESIST CARBON 1/2W 3.9R";"106050";NULL;NULL;"2023-09-06 12:44:14";"2023-09-06 12:44:14";"106"
"RESIST CARBON 1/2W 300R";"106051";NULL;NULL;"2023-09-06 12:44:14";"2023-09-06 12:44:14";"106"
"RESIST CARBON 1/2W 310R";"106052";NULL;NULL;"2023-09-06 12:44:14";"2023-09-06 12:44:14";"106"
"RESIST CARBON 1/2W 320R";"106053";NULL;NULL;"2023-09-06 12:44:14";"2023-09-06 12:44:14";"106"
"RESIST CARBON 1/2W 330KR";"106054";NULL;NULL;"2023-09-06 12:44:14";"2023-09-06 12:44:14";"106"
"RESIST CARBON 1/2W 33KR";"106055";NULL;NULL;"2023-09-06 12:44:14";"2023-09-06 12:44:14";"106"
"RESIST CARBON 1/2W 33R";"106056";NULL;NULL;"2023-09-06 12:44:14";"2023-09-06 12:44:14";"106"
"RESIST CARBON 1/2W 360R";"106057";NULL;NULL;"2023-09-06 12:44:14";"2023-09-06 12:44:14";"106"
"RESIST CARBON 1/2W 390R";"106058";NULL;NULL;"2023-09-06 12:44:14";"2023-09-06 12:44:14";"106"
"RESIST CARBON 1/2W 39R";"106059";NULL;NULL;"2023-09-06 12:44:14";"2023-09-06 12:44:14";"106"
"RESIST CARBON 1/2W 4.7KR";"106060";NULL;NULL;"2023-09-06 12:44:14";"2023-09-06 12:44:14";"106"
"RESIST CARBON 1/2W 4.7R";"106061";NULL;NULL;"2023-09-06 12:44:14";"2023-09-06 12:44:14";"106"
"RESIST CARBON 1/2W 43KR";"106063";NULL;NULL;"2023-09-06 12:44:14";"2023-09-06 12:44:14";"106"
"RESIST CARBON 1/2W 470KR";"106065";NULL;NULL;"2023-09-06 12:44:14";"2023-09-06 12:44:14";"106"
"RESIST CARBON 1/2W 470R";"106066";NULL;NULL;"2023-09-06 12:44:14";"2023-09-06 12:44:14";"106"
"RESIST CARBON 1/2W 47KR";"106064";NULL;NULL;"2023-09-06 12:44:14";"2023-09-06 12:44:14";"106"
"RESIST CARBON 1/2W 5.6KR";"106004";NULL;NULL;"2023-09-06 12:44:13";"2023-09-06 12:44:13";"106"
"RESIST CARBON 1/2W 5.6R";"106062";NULL;NULL;"2023-09-06 12:44:14";"2023-09-06 12:44:14";"106"
"RESIST CARBON 1/2W 500R";"106068";NULL;NULL;"2023-09-06 12:44:14";"2023-09-06 12:44:14";"106"
"RESIST CARBON 1/2W 510R";"106069";NULL;NULL;"2023-09-06 12:44:14";"2023-09-06 12:44:14";"106"
"RESIST CARBON 1/2W 51KR";"106067";NULL;NULL;"2023-09-06 12:44:14";"2023-09-06 12:44:14";"106"
"RESIST CARBON 1/2W 560KR";"106070";NULL;NULL;"2023-09-06 12:44:14";"2023-09-06 12:44:14";"106"
"RESIST CARBON 1/2W 560R";"106071";NULL;NULL;"2023-09-06 12:44:14";"2023-09-06 12:44:14";"106"
"RESIST CARBON 1/2W 56KR";"106072";NULL;NULL;"2023-09-06 12:44:14";"2023-09-06 12:44:14";"106"
"RESIST CARBON 1/2W 56R";"106073";NULL;NULL;"2023-09-06 12:44:14";"2023-09-06 12:44:14";"106"
"RESIST CARBON 1/2W 5R";"106074";NULL;NULL;"2023-09-06 12:44:14";"2023-09-06 12:44:14";"106"
"RESIST CARBON 1/2W 6.2KR";"106075";NULL;NULL;"2023-09-06 12:44:14";"2023-09-06 12:44:14";"106"
"RESIST CARBON 1/2W 6.8KR";"106076";NULL;NULL;"2023-09-06 12:44:14";"2023-09-06 12:44:14";"106"
"RESIST CARBON 1/2W 62KR";"106077";NULL;NULL;"2023-09-06 12:44:14";"2023-09-06 12:44:14";"106"
"RESIST CARBON 1/2W 680KR";"106078";NULL;NULL;"2023-09-06 12:44:14";"2023-09-06 12:44:14";"106"
"RESIST CARBON 1/2W 680R";"106079";NULL;NULL;"2023-09-06 12:44:14";"2023-09-06 12:44:14";"106"
"RESIST CARBON 1/2W 68KR";"106080";NULL;NULL;"2023-09-06 12:44:15";"2023-09-06 12:44:15";"106"
"RESIST CARBON 1/2W 68R";"106081";NULL;NULL;"2023-09-06 12:44:15";"2023-09-06 12:44:15";"106"
"RESIST CARBON 1/2W 70KR";"106082";NULL;NULL;"2023-09-06 12:44:15";"2023-09-06 12:44:15";"106"
"RESIST CARBON 1/2W 750R";"106083";NULL;NULL;"2023-09-06 12:44:15";"2023-09-06 12:44:15";"106"
"RESIST CARBON 1/2W 75KR";"106084";NULL;NULL;"2023-09-06 12:44:15";"2023-09-06 12:44:15";"106"
"RESIST CARBON 1/2W 760R";"106085";NULL;NULL;"2023-09-06 12:44:15";"2023-09-06 12:44:15";"106"
"RESIST CARBON 1/2W 8.2KR";"106086";NULL;NULL;"2023-09-06 12:44:15";"2023-09-06 12:44:15";"106"
"RESIST CARBON 1/2W 8.2R";"106087";NULL;NULL;"2023-09-06 12:44:15";"2023-09-06 12:44:15";"106"
"RESIST CARBON 1/2W 820KR";"106088";NULL;NULL;"2023-09-06 12:44:15";"2023-09-06 12:44:15";"106"
"RESIST CARBON 1/2W 820R";"106089";NULL;NULL;"2023-09-06 12:44:15";"2023-09-06 12:44:15";"106"
"RESIST CARBON 1/2W 82KR";"106090";NULL;NULL;"2023-09-06 12:44:15";"2023-09-06 12:44:15";"106"
"RESIST CARBON 1/2W 82R";"106091";NULL;NULL;"2023-09-06 12:44:15";"2023-09-06 12:44:15";"106"
"RESIST CARBON 1/2W 910R";"106092";NULL;NULL;"2023-09-06 12:44:15";"2023-09-06 12:44:15";"106"
"RESIST CARBON 1/2W 9KR";"106093";NULL;NULL;"2023-09-06 12:44:15";"2023-09-06 12:44:15";"106"
"RESIST CARBON 1/2W10KR";"106001";NULL;NULL;"2023-09-06 12:44:13";"2023-09-06 12:44:13";"106"
"RESIST CARBON 1/4W 1.2KR";"106095";NULL;NULL;"2023-09-06 12:44:15";"2023-09-06 12:44:15";"106"
"RESIST CARBON 1/4W 1.2R";"106096";NULL;NULL;"2023-09-06 12:44:15";"2023-09-06 12:44:15";"106"
"RESIST CARBON 1/4W 1.3KR";"106097";NULL;NULL;"2023-09-06 12:44:15";"2023-09-06 12:44:15";"106"
"RESIST CARBON 1/4W 1.3R";"106098";NULL;NULL;"2023-09-06 12:44:15";"2023-09-06 12:44:15";"106"
"RESIST CARBON 1/4W 1.5KR";"106099";NULL;NULL;"2023-09-06 12:44:15";"2023-09-06 12:44:15";"106"
"RESIST CARBON 1/4W 1.6R";"106100";NULL;NULL;"2023-09-06 12:44:15";"2023-09-06 12:44:15";"106"
"RESIST CARBON 1/4W 1.8R";"106101";NULL;NULL;"2023-09-06 12:44:15";"2023-09-06 12:44:15";"106"
"RESIST CARBON 1/4W 100KR";"106102";NULL;NULL;"2023-09-06 12:44:15";"2023-09-06 12:44:15";"106"
"RESIST CARBON 1/4W 100R";"106103";NULL;NULL;"2023-09-06 12:44:15";"2023-09-06 12:44:15";"106"
"RESIST CARBON 1/4W 10KR";"106105";NULL;NULL;"2023-09-06 12:44:15";"2023-09-06 12:44:15";"106"
"RESIST CARBON 1/4W 10R";"106104";NULL;NULL;"2023-09-06 12:44:15";"2023-09-06 12:44:15";"106"
"RESIST CARBON 1/4W 11R";"106106";NULL;NULL;"2023-09-06 12:44:15";"2023-09-06 12:44:15";"106"
"RESIST CARBON 1/4W 120KR";"106107";NULL;NULL;"2023-09-06 12:44:15";"2023-09-06 12:44:15";"106"
"RESIST CARBON 1/4W 12KR";"106108";NULL;NULL;"2023-09-06 12:44:15";"2023-09-06 12:44:15";"106"
"RESIST CARBON 1/4W 150KR";"106109";NULL;NULL;"2023-09-06 12:44:15";"2023-09-06 12:44:15";"106"
"RESIST CARBON 1/4W 150R";"106110";NULL;NULL;"2023-09-06 12:44:15";"2023-09-06 12:44:15";"106"
"RESIST CARBON 1/4W 15KR";"106111";NULL;NULL;"2023-09-06 12:44:15";"2023-09-06 12:44:15";"106"
"RESIST CARBON 1/4W 15R";"106112";NULL;NULL;"2023-09-06 12:44:15";"2023-09-06 12:44:15";"106"
"RESIST CARBON 1/4W 180KR";"106113";NULL;NULL;"2023-09-06 12:44:15";"2023-09-06 12:44:15";"106"
"RESIST CARBON 1/4W 180R";"106114";NULL;NULL;"2023-09-06 12:44:15";"2023-09-06 12:44:15";"106"
"RESIST CARBON 1/4W 18KR";"106115";NULL;NULL;"2023-09-06 12:44:15";"2023-09-06 12:44:15";"106"
"RESIST CARBON 1/4W 18R";"106116";NULL;NULL;"2023-09-06 12:44:15";"2023-09-06 12:44:15";"106"
"RESIST CARBON 1/4W 1KR";"106117";NULL;NULL;"2023-09-06 12:44:15";"2023-09-06 12:44:15";"106"
"RESIST CARBON 1/4W 1R";"106118";NULL;NULL;"2023-09-06 12:44:15";"2023-09-06 12:44:15";"106"
"RESIST CARBON 1/4W 2.2KR";"106119";NULL;NULL;"2023-09-06 12:44:15";"2023-09-06 12:44:15";"106"
"RESIST CARBON 1/4W 2.7R";"106120";NULL;NULL;"2023-09-06 12:44:15";"2023-09-06 12:44:15";"106"
"RESIST CARBON 1/4W 200R";"106121";NULL;NULL;"2023-09-06 12:44:15";"2023-09-06 12:44:15";"106"
"RESIST CARBON 1/4W 220KR";"106122";NULL;NULL;"2023-09-06 12:44:15";"2023-09-06 12:44:15";"106"
"RESIST CARBON 1/4W 22KR";"106123";NULL;NULL;"2023-09-06 12:44:15";"2023-09-06 12:44:15";"106"
"RESIST CARBON 1/4W 24KR";"106124";NULL;NULL;"2023-09-06 12:44:15";"2023-09-06 12:44:15";"106"
"RESIST CARBON 1/4W 24R";"106125";NULL;NULL;"2023-09-06 12:44:15";"2023-09-06 12:44:15";"106"
"RESIST CARBON 1/4W 270KR";"106126";NULL;NULL;"2023-09-06 12:44:15";"2023-09-06 12:44:15";"106"
"RESIST CARBON 1/4W 27KR";"106127";NULL;NULL;"2023-09-06 12:44:15";"2023-09-06 12:44:15";"106"
"RESIST CARBON 1/4W 2KR";"106128";NULL;NULL;"2023-09-06 12:44:15";"2023-09-06 12:44:15";"106"
"RESIST CARBON 1/4W 3.3R";"106129";NULL;NULL;"2023-09-06 12:44:15";"2023-09-06 12:44:15";"106"
"RESIST CARBON 1/4W 300R";"106130";NULL;NULL;"2023-09-06 12:44:15";"2023-09-06 12:44:15";"106"
"RESIST CARBON 1/4W 33KR";"106131";NULL;NULL;"2023-09-06 12:44:15";"2023-09-06 12:44:15";"106"
"RESIST CARBON 1/4W 360R";"106132";NULL;NULL;"2023-09-06 12:44:15";"2023-09-06 12:44:15";"106"
"RESIST CARBON 1/4W 390R";"106133";NULL;NULL;"2023-09-06 12:44:15";"2023-09-06 12:44:15";"106"
"RESIST CARBON 1/4W 39KR";"106134";NULL;NULL;"2023-09-06 12:44:15";"2023-09-06 12:44:15";"106"
"RESIST CARBON 1/4W 39R";"106135";NULL;NULL;"2023-09-06 12:44:16";"2023-09-06 12:44:16";"106"
"RESIST CARBON 1/4W 4.7KR";"106136";NULL;NULL;"2023-09-06 12:44:16";"2023-09-06 12:44:16";"106"
"RESIST CARBON 1/4W 4.7R";"106137";NULL;NULL;"2023-09-06 12:44:16";"2023-09-06 12:44:16";"106"
"RESIST CARBON 1/4W 470R";"106138";NULL;NULL;"2023-09-06 12:44:16";"2023-09-06 12:44:16";"106"
"RESIST CARBON 1/4W 47KR";"106140";NULL;NULL;"2023-09-06 12:44:16";"2023-09-06 12:44:16";"106"
"RESIST CARBON 1/4W 47R";"106139";NULL;NULL;"2023-09-06 12:44:16";"2023-09-06 12:44:16";"106"
"RESIST CARBON 1/4W 5.6R";"106141";NULL;NULL;"2023-09-06 12:44:16";"2023-09-06 12:44:16";"106"
"RESIST CARBON 1/4W 560KR";"106142";NULL;NULL;"2023-09-06 12:44:16";"2023-09-06 12:44:16";"106"
"RESIST CARBON 1/4W 560R";"106143";NULL;NULL;"2023-09-06 12:44:16";"2023-09-06 12:44:16";"106"
"RESIST CARBON 1/4W 56KR";"106144";NULL;NULL;"2023-09-06 12:44:16";"2023-09-06 12:44:16";"106"
"RESIST CARBON 1/4W 56R";"106145";NULL;NULL;"2023-09-06 12:44:16";"2023-09-06 12:44:16";"106"
"RESIST CARBON 1/4W 6.2KR";"106146";NULL;NULL;"2023-09-06 12:44:16";"2023-09-06 12:44:16";"106"
"RESIST CARBON 1/4W 6.8KR";"106147";NULL;NULL;"2023-09-06 12:44:16";"2023-09-06 12:44:16";"106"
"RESIST CARBON 1/4W 680R";"106148";NULL;NULL;"2023-09-06 12:44:16";"2023-09-06 12:44:16";"106"
"RESIST CARBON 1/4W 75R";"106149";NULL;NULL;"2023-09-06 12:44:16";"2023-09-06 12:44:16";"106"
"RESIST CARBON 1/4W 8.2KR";"106150";NULL;NULL;"2023-09-06 12:44:16";"2023-09-06 12:44:16";"106"
"RESIST CARBON 1/4W 820KR";"106151";NULL;NULL;"2023-09-06 12:44:16";"2023-09-06 12:44:16";"106"
"RESIST CARBON 1/4W 82KR";"106152";NULL;NULL;"2023-09-06 12:44:16";"2023-09-06 12:44:16";"106"
"RESIST CARBON 1/4W 82R";"106153";NULL;NULL;"2023-09-06 12:44:16";"2023-09-06 12:44:16";"106"
"RESIST CARBON 1/4W 8KR";"106094";NULL;NULL;"2023-09-06 12:44:15";"2023-09-06 12:44:15";"106"
"RESIST CARBON 1/4W 9.1KR";"106154";NULL;NULL;"2023-09-06 12:44:16";"2023-09-06 12:44:16";"106"
"RESIST CARBON 1W 0.47R";"106155";NULL;NULL;"2023-09-06 12:44:16";"2023-09-06 12:44:16";"106"
"RESIST CARBON 1W 1.5KR";"106156";NULL;NULL;"2023-09-06 12:44:16";"2023-09-06 12:44:16";"106"
"RESIST CARBON 1W 100KR";"106157";NULL;NULL;"2023-09-06 12:44:16";"2023-09-06 12:44:16";"106"
"RESIST CARBON 1W 100R";"106158";NULL;NULL;"2023-09-06 12:44:16";"2023-09-06 12:44:16";"106"
"RESIST CARBON 1W 10KR";"106159";NULL;NULL;"2023-09-06 12:44:16";"2023-09-06 12:44:16";"106"
"RESIST CARBON 1W 10R";"106160";NULL;NULL;"2023-09-06 12:44:16";"2023-09-06 12:44:16";"106"
"RESIST CARBON 1W 120KR";"106161";NULL;NULL;"2023-09-06 12:44:16";"2023-09-06 12:44:16";"106"
"RESIST CARBON 1W 120R";"106162";NULL;NULL;"2023-09-06 12:44:16";"2023-09-06 12:44:16";"106"
"RESIST CARBON 1W 12KR";"106163";NULL;NULL;"2023-09-06 12:44:16";"2023-09-06 12:44:16";"106"
"RESIST CARBON 1W 150KR";"106164";NULL;NULL;"2023-09-06 12:44:16";"2023-09-06 12:44:16";"106"
"RESIST CARBON 1W 15KR";"106165";NULL;NULL;"2023-09-06 12:44:16";"2023-09-06 12:44:16";"106"
"RESIST CARBON 1W 15R";"106166";NULL;NULL;"2023-09-06 12:44:16";"2023-09-06 12:44:16";"106"
"RESIST CARBON 1W 180R";"106167";NULL;NULL;"2023-09-06 12:44:16";"2023-09-06 12:44:16";"106"
"RESIST CARBON 1W 1KR";"106168";NULL;NULL;"2023-09-06 12:44:16";"2023-09-06 12:44:16";"106"
"RESIST CARBON 1W 1R";"106169";NULL;NULL;"2023-09-06 12:44:16";"2023-09-06 12:44:16";"106"
"RESIST CARBON 1W 2.2KR";"106170";NULL;NULL;"2023-09-06 12:44:16";"2023-09-06 12:44:16";"106"
"RESIST CARBON 1W 2.7KR";"106171";NULL;NULL;"2023-09-06 12:44:16";"2023-09-06 12:44:16";"106"
"RESIST CARBON 1W 220KR";"106173";NULL;NULL;"2023-09-06 12:44:16";"2023-09-06 12:44:16";"106"
"RESIST CARBON 1W 220R";"106172";NULL;NULL;"2023-09-06 12:44:16";"2023-09-06 12:44:16";"106"
"RESIST CARBON 1W 22KR";"106174";NULL;NULL;"2023-09-06 12:44:16";"2023-09-06 12:44:16";"106"
"RESIST CARBON 1W 22R";"106175";NULL;NULL;"2023-09-06 12:44:16";"2023-09-06 12:44:16";"106"
"RESIST CARBON 1W 250KR";"106176";NULL;NULL;"2023-09-06 12:44:16";"2023-09-06 12:44:16";"106"
"RESIST CARBON 1W 270R";"106177";NULL;NULL;"2023-09-06 12:44:16";"2023-09-06 12:44:16";"106"
"RESIST CARBON 1W 27KR";"106179";NULL;NULL;"2023-09-06 12:44:16";"2023-09-06 12:44:16";"106"
"RESIST CARBON 1W 27R";"106178";NULL;NULL;"2023-09-06 12:44:16";"2023-09-06 12:44:16";"106"
"RESIST CARBON 1W 3.3R";"106180";NULL;NULL;"2023-09-06 12:44:16";"2023-09-06 12:44:16";"106"
"RESIST CARBON 1W 3.9KR";"106181";NULL;NULL;"2023-09-06 12:44:16";"2023-09-06 12:44:16";"106"
"RESIST CARBON 1W 330R";"106182";NULL;NULL;"2023-09-06 12:44:16";"2023-09-06 12:44:16";"106"
"RESIST CARBON 1W 33R";"106183";NULL;NULL;"2023-09-06 12:44:16";"2023-09-06 12:44:16";"106"
"RESIST CARBON 1W 360R";"106184";NULL;NULL;"2023-09-06 12:44:16";"2023-09-06 12:44:16";"106"
"RESIST CARBON 1W 370KR";"106185";NULL;NULL;"2023-09-06 12:44:16";"2023-09-06 12:44:16";"106"
"RESIST CARBON 1W 39KR";"106186";NULL;NULL;"2023-09-06 12:44:16";"2023-09-06 12:44:16";"106"
"RESIST CARBON 1W 4.7KR";"106187";NULL;NULL;"2023-09-06 12:44:16";"2023-09-06 12:44:16";"106"
"RESIST CARBON 1W 4.7R";"106188";NULL;NULL;"2023-09-06 12:44:16";"2023-09-06 12:44:16";"106"
"RESIST CARBON 1W 400KR";"106189";NULL;NULL;"2023-09-06 12:44:16";"2023-09-06 12:44:16";"106"
"RESIST CARBON 1W 430R";"106190";NULL;NULL;"2023-09-06 12:44:17";"2023-09-06 12:44:17";"106"
"RESIST CARBON 1W 43R";"106191";NULL;NULL;"2023-09-06 12:44:17";"2023-09-06 12:44:17";"106"
"RESIST CARBON 1W 470KR";"106192";NULL;NULL;"2023-09-06 12:44:17";"2023-09-06 12:44:17";"106"
"RESIST CARBON 1W 470R";"106193";NULL;NULL;"2023-09-06 12:44:17";"2023-09-06 12:44:17";"106"
"RESIST CARBON 1W 47R";"106194";NULL;NULL;"2023-09-06 12:44:17";"2023-09-06 12:44:17";"106"
"RESIST CARBON 1W 5.6KR";"106195";NULL;NULL;"2023-09-06 12:44:17";"2023-09-06 12:44:17";"106"
"RESIST CARBON 1W 5.6R";"106196";NULL;NULL;"2023-09-06 12:44:17";"2023-09-06 12:44:17";"106"
"RESIST CARBON 1W 510R";"106197";NULL;NULL;"2023-09-06 12:44:17";"2023-09-06 12:44:17";"106"
"RESIST CARBON 1W 560KR";"106198";NULL;NULL;"2023-09-06 12:44:17";"2023-09-06 12:44:17";"106"
"RESIST CARBON 1W 560R";"106199";NULL;NULL;"2023-09-06 12:44:17";"2023-09-06 12:44:17";"106"
"RESIST CARBON 1W 56KR";"106200";NULL;NULL;"2023-09-06 12:44:17";"2023-09-06 12:44:17";"106"
"RESIST CARBON 1W 6.2KR";"106201";NULL;NULL;"2023-09-06 12:44:17";"2023-09-06 12:44:17";"106"
"RESIST CARBON 1W 620KR";"106202";NULL;NULL;"2023-09-06 12:44:17";"2023-09-06 12:44:17";"106"
"RESIST CARBON 1W 680R";"106203";NULL;NULL;"2023-09-06 12:44:17";"2023-09-06 12:44:17";"106"
"RESIST CARBON 1W 68KR";"106204";NULL;NULL;"2023-09-06 12:44:17";"2023-09-06 12:44:17";"106"
"RESIST CARBON 1W 68R";"106205";NULL;NULL;"2023-09-06 12:44:17";"2023-09-06 12:44:17";"106"
"RESIST CARBON 1W 750R";"106206";NULL;NULL;"2023-09-06 12:44:17";"2023-09-06 12:44:17";"106"
"RESIST CARBON 1W 910R";"106207";NULL;NULL;"2023-09-06 12:44:17";"2023-09-06 12:44:17";"106"
"RESIST CARBON 2W 1.5KR";"106209";NULL;NULL;"2023-09-06 12:44:17";"2023-09-06 12:44:17";"106"
"RESIST CARBON 2W 100KR";"106210";NULL;NULL;"2023-09-06 12:44:17";"2023-09-06 12:44:17";"106"
"RESIST CARBON 2W 100R";"106211";NULL;NULL;"2023-09-06 12:44:17";"2023-09-06 12:44:17";"106"
"RESIST CARBON 2W 10KR";"106212";NULL;NULL;"2023-09-06 12:44:17";"2023-09-06 12:44:17";"106"
"RESIST CARBON 2W 10R";"106213";NULL;NULL;"2023-09-06 12:44:17";"2023-09-06 12:44:17";"106"
"RESIST CARBON 2W 120R";"106214";NULL;NULL;"2023-09-06 12:44:17";"2023-09-06 12:44:17";"106"
"RESIST CARBON 2W 150R";"106215";NULL;NULL;"2023-09-06 12:44:17";"2023-09-06 12:44:17";"106"
"RESIST CARBON 2W 1KR";"106216";NULL;NULL;"2023-09-06 12:44:17";"2023-09-06 12:44:17";"106"
"RESIST CARBON 2W 2.2R";"106217";NULL;NULL;"2023-09-06 12:44:17";"2023-09-06 12:44:17";"106"
"RESIST CARBON 2W 2.7KR";"106218";NULL;NULL;"2023-09-06 12:44:17";"2023-09-06 12:44:17";"106"
"RESIST CARBON 2W 220R";"106219";NULL;NULL;"2023-09-06 12:44:17";"2023-09-06 12:44:17";"106"
"RESIST CARBON 2W 22KR";"106220";NULL;NULL;"2023-09-06 12:44:17";"2023-09-06 12:44:17";"106"
"RESIST CARBON 2W 22R";"106221";NULL;NULL;"2023-09-06 12:44:17";"2023-09-06 12:44:17";"106"
"RESIST CARBON 2W 27KR";"106222";NULL;NULL;"2023-09-06 12:44:17";"2023-09-06 12:44:17";"106"
"RESIST CARBON 2W 3.3R";"106223";NULL;NULL;"2023-09-06 12:44:17";"2023-09-06 12:44:17";"106"
"RESIST CARBON 2W 33KR";"106224";NULL;NULL;"2023-09-06 12:44:17";"2023-09-06 12:44:17";"106"
"RESIST CARBON 2W 390R";"106225";NULL;NULL;"2023-09-06 12:44:17";"2023-09-06 12:44:17";"106"
"RESIST CARBON 2W 4.7KR";"106226";NULL;NULL;"2023-09-06 12:44:17";"2023-09-06 12:44:17";"106"
"RESIST CARBON 2W 4.7R";"106227";NULL;NULL;"2023-09-06 12:44:17";"2023-09-06 12:44:17";"106"
"RESIST CARBON 2W 47R";"106228";NULL;NULL;"2023-09-06 12:44:17";"2023-09-06 12:44:17";"106"
"RESIST CARBON 2W 560KR";"106208";NULL;NULL;"2023-09-06 12:44:17";"2023-09-06 12:44:17";"106"
"RESIST CARBON 2W 680R";"106229";NULL;NULL;"2023-09-06 12:44:17";"2023-09-06 12:44:17";"106"
"RESIST CARBON 2W 68R";"106230";NULL;NULL;"2023-09-06 12:44:17";"2023-09-06 12:44:17";"106"
"RESIST CARBON 3W 0.22R";"106233";NULL;NULL;"2023-09-06 12:44:17";"2023-09-06 12:44:17";"106"
"RESIST CARBON 3W 1.2KR";"106234";NULL;NULL;"2023-09-06 12:44:17";"2023-09-06 12:44:17";"106"
"RESIST CARBON 3W 1.5KR";"106235";NULL;NULL;"2023-09-06 12:44:17";"2023-09-06 12:44:17";"106"
"RESIST CARBON 3W 100KR";"106236";NULL;NULL;"2023-09-06 12:44:17";"2023-09-06 12:44:17";"106"
"RESIST CARBON 3W 120KR";"106237";NULL;NULL;"2023-09-06 12:44:17";"2023-09-06 12:44:17";"106"
"RESIST CARBON 3W 150KR";"106238";NULL;NULL;"2023-09-06 12:44:17";"2023-09-06 12:44:17";"106"
"RESIST CARBON 3W 150R";"106239";NULL;NULL;"2023-09-06 12:44:17";"2023-09-06 12:44:17";"106"
"RESIST CARBON 3W 15R";"106240";NULL;NULL;"2023-09-06 12:44:17";"2023-09-06 12:44:17";"106"
"RESIST CARBON 3W 180R";"106231";NULL;NULL;"2023-09-06 12:44:17";"2023-09-06 12:44:17";"106"
"RESIST CARBON 3W 18R";"106241";NULL;NULL;"2023-09-06 12:44:17";"2023-09-06 12:44:17";"106"
"RESIST CARBON 3W 1KR";"106242";NULL;NULL;"2023-09-06 12:44:17";"2023-09-06 12:44:17";"106"
"RESIST CARBON 3W 2.2KR";"106243";NULL;NULL;"2023-09-06 12:44:17";"2023-09-06 12:44:17";"106"
"RESIST CARBON 3W 220R";"106244";NULL;NULL;"2023-09-06 12:44:17";"2023-09-06 12:44:17";"106"
"RESIST CARBON 3W 22KR";"106245";NULL;NULL;"2023-09-06 12:44:17";"2023-09-06 12:44:17";"106"
"RESIST CARBON 3W 22R";"106246";NULL;NULL;"2023-09-06 12:44:18";"2023-09-06 12:44:18";"106"
"RESIST CARBON 3W 3.3KR";"106247";NULL;NULL;"2023-09-06 12:44:18";"2023-09-06 12:44:18";"106"
"RESIST CARBON 3W 330KR";"106248";NULL;NULL;"2023-09-06 12:44:18";"2023-09-06 12:44:18";"106"
"RESIST CARBON 3W 330R";"106249";NULL;NULL;"2023-09-06 12:44:18";"2023-09-06 12:44:18";"106"
"RESIST CARBON 3W 33KR";"106250";NULL;NULL;"2023-09-06 12:44:18";"2023-09-06 12:44:18";"106"
"RESIST CARBON 3W 33R";"106251";NULL;NULL;"2023-09-06 12:44:18";"2023-09-06 12:44:18";"106"
"RESIST CARBON 3W 39KR";"106252";NULL;NULL;"2023-09-06 12:44:18";"2023-09-06 12:44:18";"106"
"RESIST CARBON 3W 39R";"106253";NULL;NULL;"2023-09-06 12:44:18";"2023-09-06 12:44:18";"106"
"RESIST CARBON 3W 470KR";"106254";NULL;NULL;"2023-09-06 12:44:18";"2023-09-06 12:44:18";"106"
"RESIST CARBON 3W 470R";"106232";NULL;NULL;"2023-09-06 12:44:17";"2023-09-06 12:44:17";"106"
"RESIST CARBON 3W 47KR";"106255";NULL;NULL;"2023-09-06 12:44:18";"2023-09-06 12:44:18";"106"
"RESIST CARBON 3W 47R";"106256";NULL;NULL;"2023-09-06 12:44:18";"2023-09-06 12:44:18";"106"
"RESIST CARBON 3W 560R";"106257";NULL;NULL;"2023-09-06 12:44:18";"2023-09-06 12:44:18";"106"
"RESIST CARBON 3W 6.8KR";"106258";NULL;NULL;"2023-09-06 12:44:18";"2023-09-06 12:44:18";"106"
"RESIST CARBON 3W 680KR";"106259";NULL;NULL;"2023-09-06 12:44:18";"2023-09-06 12:44:18";"106"
"RESIST CARBON 3W 680R";"106260";NULL;NULL;"2023-09-06 12:44:18";"2023-09-06 12:44:18";"106"
"RESIST CARBON 3W 68KR";"106261";NULL;NULL;"2023-09-06 12:44:18";"2023-09-06 12:44:18";"106"
"RESIST CARBON 3W 68R";"106262";NULL;NULL;"2023-09-06 12:44:18";"2023-09-06 12:44:18";"106"
"RESIST CARBON 3W 82R";"106263";NULL;NULL;"2023-09-06 12:44:18";"2023-09-06 12:44:18";"106"
"RESIST CARBON 4W 4.7R";"106264";NULL;NULL;"2023-09-06 12:44:18";"2023-09-06 12:44:18";"106"
"RESIST CARBON 5W 0.22R";"106266";NULL;NULL;"2023-09-06 12:44:18";"2023-09-06 12:44:18";"106"
"RESIST CARBON 5W 1.22KR";"106265";NULL;NULL;"2023-09-06 12:44:18";"2023-09-06 12:44:18";"106"
"RESIST CARBON 5W 120KR";"106267";NULL;NULL;"2023-09-06 12:44:18";"2023-09-06 12:44:18";"106"
"RESIST CARBON 5W 150R";"106268";NULL;NULL;"2023-09-06 12:44:18";"2023-09-06 12:44:18";"106"
"RESIST CARBON 5W 15R";"106269";NULL;NULL;"2023-09-06 12:44:18";"2023-09-06 12:44:18";"106"
"RESIST CARBON 5W 180R";"106270";NULL;NULL;"2023-09-06 12:44:18";"2023-09-06 12:44:18";"106"
"RESIST CARBON 5W 1KR";"106271";NULL;NULL;"2023-09-06 12:44:18";"2023-09-06 12:44:18";"106"
"RESIST CARBON 5W 33KR";"106272";NULL;NULL;"2023-09-06 12:44:18";"2023-09-06 12:44:18";"106"
"RESIST CARBON 5W 68R";"106273";NULL;NULL;"2023-09-06 12:44:18";"2023-09-06 12:44:18";"106"
"RESIST CHAUFTE 10W 0.22R";"128006";NULL;NULL;"2023-09-06 12:44:18";"2023-09-06 12:44:18";"128"
"RESIST CHAUFTE 10W 0.47R";"128007";NULL;NULL;"2023-09-06 12:44:18";"2023-09-06 12:44:18";"128"
"RESIST CHAUFTE 10W 100R";"128008";NULL;NULL;"2023-09-06 12:44:18";"2023-09-06 12:44:18";"128"
"RESIST CHAUFTE 10W 10R";"128009";NULL;NULL;"2023-09-06 12:44:18";"2023-09-06 12:44:18";"128"
"RESIST CHAUFTE 10W 120R";"128010";NULL;NULL;"2023-09-06 12:44:18";"2023-09-06 12:44:18";"128"
"RESIST CHAUFTE 10W 12R";"128011";NULL;NULL;"2023-09-06 12:44:18";"2023-09-06 12:44:18";"128"
"RESIST CHAUFTE 10W 150R";"128012";NULL;NULL;"2023-09-06 12:44:18";"2023-09-06 12:44:18";"128"
"RESIST CHAUFTE 10W 18R";"128013";NULL;NULL;"2023-09-06 12:44:18";"2023-09-06 12:44:18";"128"
"RESIST CHAUFTE 10W 1R";"128014";NULL;NULL;"2023-09-06 12:44:18";"2023-09-06 12:44:18";"128"
"RESIST CHAUFTE 10W 2.2R";"128015";NULL;NULL;"2023-09-06 12:44:18";"2023-09-06 12:44:18";"128"
"RESIST CHAUFTE 10W 2.7R";"128016";NULL;NULL;"2023-09-06 12:44:18";"2023-09-06 12:44:18";"128"
"RESIST CHAUFTE 10W 22R";"128017";NULL;NULL;"2023-09-06 12:44:19";"2023-09-06 12:44:19";"128"
"RESIST CHAUFTE 10W 27R";"128018";NULL;NULL;"2023-09-06 12:44:19";"2023-09-06 12:44:19";"128"
"RESIST CHAUFTE 10W 3.3R";"128021";NULL;NULL;"2023-09-06 12:44:19";"2023-09-06 12:44:19";"128"
"RESIST CHAUFTE 10W 3.9R";"128020";NULL;NULL;"2023-09-06 12:44:19";"2023-09-06 12:44:19";"128"
"RESIST CHAUFTE 10W 33R";"128019";NULL;NULL;"2023-09-06 12:44:19";"2023-09-06 12:44:19";"128"
"RESIST CHAUFTE 10W 4.7R";"128023";NULL;NULL;"2023-09-06 12:44:19";"2023-09-06 12:44:19";"128"
"RESIST CHAUFTE 10W 4.9R";"128022";NULL;NULL;"2023-09-06 12:44:19";"2023-09-06 12:44:19";"128"
"RESIST CHAUFTE 10W 47R";"128024";NULL;NULL;"2023-09-06 12:44:19";"2023-09-06 12:44:19";"128"
"RESIST CHAUFTE 10W 5.6R";"128025";NULL;NULL;"2023-09-06 12:44:19";"2023-09-06 12:44:19";"128"
"RESIST CHAUFTE 10W 56R";"128026";NULL;NULL;"2023-09-06 12:44:19";"2023-09-06 12:44:19";"128"
"RESIST CHAUFTE 10W 6.8R";"128027";NULL;NULL;"2023-09-06 12:44:19";"2023-09-06 12:44:19";"128"
"RESIST CHAUFTE 10W 68R";"128028";NULL;NULL;"2023-09-06 12:44:19";"2023-09-06 12:44:19";"128"
"RESIST CHAUFTE 15W 100R";"128029";NULL;NULL;"2023-09-06 12:44:19";"2023-09-06 12:44:19";"128"
"RESIST CHAUFTE 15W 120R";"128030";NULL;NULL;"2023-09-06 12:44:19";"2023-09-06 12:44:19";"128"
"RESIST CHAUFTE 15W 150R";"128031";NULL;NULL;"2023-09-06 12:44:19";"2023-09-06 12:44:19";"128"
"RESIST CHAUFTE 15W 18R";"128032";NULL;NULL;"2023-09-06 12:44:19";"2023-09-06 12:44:19";"128"
"RESIST CHAUFTE 15W 2.2R";"128033";NULL;NULL;"2023-09-06 12:44:19";"2023-09-06 12:44:19";"128"
"RESIST CHAUFTE 15W 20R";"128034";NULL;NULL;"2023-09-06 12:44:19";"2023-09-06 12:44:19";"128"
"RESIST CHAUFTE 15W 300R";"128035";NULL;NULL;"2023-09-06 12:44:19";"2023-09-06 12:44:19";"128"
"RESIST CHAUFTE 15W 33R";"128036";NULL;NULL;"2023-09-06 12:44:19";"2023-09-06 12:44:19";"128"
"RESIST CHAUFTE 15W 4.7R";"128037";NULL;NULL;"2023-09-06 12:44:19";"2023-09-06 12:44:19";"128"
"RESIST CHAUFTE 15W 5.6R";"128038";NULL;NULL;"2023-09-06 12:44:19";"2023-09-06 12:44:19";"128"
"RESIST CHAUFTE 15W 6.8R";"128039";NULL;NULL;"2023-09-06 12:44:19";"2023-09-06 12:44:19";"128"
"RESIST CHAUFTE 20W 100R";"128042";NULL;NULL;"2023-09-06 12:44:19";"2023-09-06 12:44:19";"128"
"RESIST CHAUFTE 20W 10R";"128043";NULL;NULL;"2023-09-06 12:44:19";"2023-09-06 12:44:19";"128"
"RESIST CHAUFTE 20W 120R";"128044";NULL;NULL;"2023-09-06 12:44:19";"2023-09-06 12:44:19";"128"
"RESIST CHAUFTE 20W 150R";"128045";NULL;NULL;"2023-09-06 12:44:19";"2023-09-06 12:44:19";"128"
"RESIST CHAUFTE 20W 15R";"128046";NULL;NULL;"2023-09-06 12:44:19";"2023-09-06 12:44:19";"128"
"RESIST CHAUFTE 20W 18R";"128047";NULL;NULL;"2023-09-06 12:44:19";"2023-09-06 12:44:19";"128"
"RESIST CHAUFTE 20W 2.7R";"128040";NULL;NULL;"2023-09-06 12:44:19";"2023-09-06 12:44:19";"128"
"RESIST CHAUFTE 20W 20R";"128041";NULL;NULL;"2023-09-06 12:44:19";"2023-09-06 12:44:19";"128"
"RESIST CHAUFTE 20W 22R";"128048";NULL;NULL;"2023-09-06 12:44:19";"2023-09-06 12:44:19";"128"
"RESIST CHAUFTE 20W 300R";"128049";NULL;NULL;"2023-09-06 12:44:19";"2023-09-06 12:44:19";"128"
"RESIST CHAUFTE 20W 4.7R";"128050";NULL;NULL;"2023-09-06 12:44:19";"2023-09-06 12:44:19";"128"
"RESIST CHAUFTE 20W 56R";"128051";NULL;NULL;"2023-09-06 12:44:19";"2023-09-06 12:44:19";"128"
"RESIST CHAUFTE 20W 6.8R";"128052";NULL;NULL;"2023-09-06 12:44:19";"2023-09-06 12:44:19";"128"
"RESIST CHAUFTE 20W 68R";"128053";NULL;NULL;"2023-09-06 12:44:19";"2023-09-06 12:44:19";"128"
"RESIST CHAUFTE 25W 10R";"128054";NULL;NULL;"2023-09-06 12:44:19";"2023-09-06 12:44:19";"128"
"RESIST CHAUFTE 25W 12R";"128055";NULL;NULL;"2023-09-06 12:44:19";"2023-09-06 12:44:19";"128"
"RESIST CHAUFTE 25W 15R";"128056";NULL;NULL;"2023-09-06 12:44:19";"2023-09-06 12:44:19";"128"
"RESIST CHAUFTE 25W 2.7R";"128057";NULL;NULL;"2023-09-06 12:44:19";"2023-09-06 12:44:19";"128"
"RESIST CHAUFTE 25W 22R";"128058";NULL;NULL;"2023-09-06 12:44:19";"2023-09-06 12:44:19";"128"
"RESIST CHAUFTE 25W 33R";"128059";NULL;NULL;"2023-09-06 12:44:19";"2023-09-06 12:44:19";"128"
"RESIST CHAUFTE 25W 4.7R";"128060";NULL;NULL;"2023-09-06 12:44:19";"2023-09-06 12:44:19";"128"
"RESIST CHAUFTE 25W 47R";"128062";NULL;NULL;"2023-09-06 12:44:19";"2023-09-06 12:44:19";"128"
"RESIST CHAUFTE 25W 5.6R";"128061";NULL;NULL;"2023-09-06 12:44:19";"2023-09-06 12:44:19";"128"
"RESIST CHAUFTE 30W 10KR";"128063";NULL;NULL;"2023-09-06 12:44:19";"2023-09-06 12:44:19";"128"
"RESIST CHAUFTE 30W 10R";"128064";NULL;NULL;"2023-09-06 12:44:19";"2023-09-06 12:44:19";"128"
"RESIST CHAUFTE 30W 15R";"128065";NULL;NULL;"2023-09-06 12:44:19";"2023-09-06 12:44:19";"128"
"RESIST CHAUFTE 30W 22R";"128066";NULL;NULL;"2023-09-06 12:44:19";"2023-09-06 12:44:19";"128"
"RESIST CHAUFTE 30W 33R";"128067";NULL;NULL;"2023-09-06 12:44:19";"2023-09-06 12:44:19";"128"
"RESIST CHAUFTE 30W 4.7R";"128068";NULL;NULL;"2023-09-06 12:44:19";"2023-09-06 12:44:19";"128"
"RESIST CHAUFTE 30W 47R";"128069";NULL;NULL;"2023-09-06 12:44:19";"2023-09-06 12:44:19";"128"
"RESIST CHAUFTE 5W 0.22R";"128071";NULL;NULL;"2023-09-06 12:44:20";"2023-09-06 12:44:20";"128"
"RESIST CHAUFTE 5W 0.27R";"128072";NULL;NULL;"2023-09-06 12:44:20";"2023-09-06 12:44:20";"128"
"RESIST CHAUFTE 5W 0.39R";"128073";NULL;NULL;"2023-09-06 12:44:20";"2023-09-06 12:44:20";"128"
"RESIST CHAUFTE 5W 0.47R";"128074";NULL;NULL;"2023-09-06 12:44:20";"2023-09-06 12:44:20";"128"
"RESIST CHAUFTE 5W 0.5R";"128075";NULL;NULL;"2023-09-06 12:44:20";"2023-09-06 12:44:20";"128"
"RESIST CHAUFTE 5W 1.5KR";"128077";NULL;NULL;"2023-09-06 12:44:20";"2023-09-06 12:44:20";"128"
"RESIST CHAUFTE 5W 1.5R";"128076";NULL;NULL;"2023-09-06 12:44:20";"2023-09-06 12:44:20";"128"
"RESIST CHAUFTE 5W 1.8R";"128078";NULL;NULL;"2023-09-06 12:44:20";"2023-09-06 12:44:20";"128"
"RESIST CHAUFTE 5W 100KR";"128079";NULL;NULL;"2023-09-06 12:44:20";"2023-09-06 12:44:20";"128"
"RESIST CHAUFTE 5W 100R";"128080";NULL;NULL;"2023-09-06 12:44:20";"2023-09-06 12:44:20";"128"
"RESIST CHAUFTE 5W 10KR";"128081";NULL;NULL;"2023-09-06 12:44:20";"2023-09-06 12:44:20";"128"
"RESIST CHAUFTE 5W 120R";"128082";NULL;NULL;"2023-09-06 12:44:20";"2023-09-06 12:44:20";"128"
"RESIST CHAUFTE 5W 12R";"128083";NULL;NULL;"2023-09-06 12:44:20";"2023-09-06 12:44:20";"128"
"RESIST CHAUFTE 5W 150R";"128084";NULL;NULL;"2023-09-06 12:44:20";"2023-09-06 12:44:20";"128"
"RESIST CHAUFTE 5W 15R";"128085";NULL;NULL;"2023-09-06 12:44:20";"2023-09-06 12:44:20";"128"
"RESIST CHAUFTE 5W 18R";"128086";NULL;NULL;"2023-09-06 12:44:20";"2023-09-06 12:44:20";"128"
"RESIST CHAUFTE 5W 1KR";"128087";NULL;NULL;"2023-09-06 12:44:20";"2023-09-06 12:44:20";"128"
"RESIST CHAUFTE 5W 1R";"128088";NULL;NULL;"2023-09-06 12:44:20";"2023-09-06 12:44:20";"128"
"RESIST CHAUFTE 5W 2.2KR";"128089";NULL;NULL;"2023-09-06 12:44:20";"2023-09-06 12:44:20";"128"
"RESIST CHAUFTE 5W 2.2R";"128090";NULL;NULL;"2023-09-06 12:44:20";"2023-09-06 12:44:20";"128"
"RESIST CHAUFTE 5W 2.7R";"128070";NULL;NULL;"2023-09-06 12:44:19";"2023-09-06 12:44:19";"128"
"RESIST CHAUFTE 5W 200R";"128091";NULL;NULL;"2023-09-06 12:44:20";"2023-09-06 12:44:20";"128"
"RESIST CHAUFTE 5W 220R";"128092";NULL;NULL;"2023-09-06 12:44:20";"2023-09-06 12:44:20";"128"
"RESIST CHAUFTE 5W 22KR";"128093";NULL;NULL;"2023-09-06 12:44:20";"2023-09-06 12:44:20";"128"
"RESIST CHAUFTE 5W 22R";"128094";NULL;NULL;"2023-09-06 12:44:20";"2023-09-06 12:44:20";"128"
"RESIST CHAUFTE 5W 27R";"128095";NULL;NULL;"2023-09-06 12:44:20";"2023-09-06 12:44:20";"128"
"RESIST CHAUFTE 5W 2KR";"128096";NULL;NULL;"2023-09-06 12:44:20";"2023-09-06 12:44:20";"128"
"RESIST CHAUFTE 5W 3.3KR";"128097";NULL;NULL;"2023-09-06 12:44:20";"2023-09-06 12:44:20";"128"
"RESIST CHAUFTE 5W 3.3R";"128098";NULL;NULL;"2023-09-06 12:44:20";"2023-09-06 12:44:20";"128"
"RESIST CHAUFTE 5W 3.8R";"128099";NULL;NULL;"2023-09-06 12:44:20";"2023-09-06 12:44:20";"128"
"RESIST CHAUFTE 5W 3.9R";"128100";NULL;NULL;"2023-09-06 12:44:20";"2023-09-06 12:44:20";"128"
"RESIST CHAUFTE 5W 330R";"128101";NULL;NULL;"2023-09-06 12:44:20";"2023-09-06 12:44:20";"128"
"RESIST CHAUFTE 5W 33KR";"128102";NULL;NULL;"2023-09-06 12:44:20";"2023-09-06 12:44:20";"128"
"RESIST CHAUFTE 5W 33R";"128103";NULL;NULL;"2023-09-06 12:44:20";"2023-09-06 12:44:20";"128"
"RESIST CHAUFTE 5W 39R";"128104";NULL;NULL;"2023-09-06 12:44:20";"2023-09-06 12:44:20";"128"
"RESIST CHAUFTE 5W 3KR";"128105";NULL;NULL;"2023-09-06 12:44:20";"2023-09-06 12:44:20";"128"
"RESIST CHAUFTE 5W 4.7R";"128106";NULL;NULL;"2023-09-06 12:44:20";"2023-09-06 12:44:20";"128"
"RESIST CHAUFTE 5W 42R";"128107";NULL;NULL;"2023-09-06 12:44:20";"2023-09-06 12:44:20";"128"
"RESIST CHAUFTE 5W 470R";"128108";NULL;NULL;"2023-09-06 12:44:20";"2023-09-06 12:44:20";"128"
"RESIST CHAUFTE 5W 47KR";"128109";NULL;NULL;"2023-09-06 12:44:20";"2023-09-06 12:44:20";"128"
"RESIST CHAUFTE 5W 47R";"128110";NULL;NULL;"2023-09-06 12:44:20";"2023-09-06 12:44:20";"128"
"RESIST CHAUFTE 5W 5.6R";"128001";NULL;NULL;"2023-09-06 12:44:18";"2023-09-06 12:44:18";"128"
"RESIST CHAUFTE 5W 56KR";"128111";NULL;NULL;"2023-09-06 12:44:20";"2023-09-06 12:44:20";"128"
"RESIST CHAUFTE 5W 6.8KR";"128112";NULL;NULL;"2023-09-06 12:44:20";"2023-09-06 12:44:20";"128"
"RESIST CHAUFTE 5W 6.8R";"128113";NULL;NULL;"2023-09-06 12:44:20";"2023-09-06 12:44:20";"128"
"RESIST CHAUFTE 5W 630R";"128114";NULL;NULL;"2023-09-06 12:44:20";"2023-09-06 12:44:20";"128"
"RESIST CHAUFTE 5W 68R";"128115";NULL;NULL;"2023-09-06 12:44:20";"2023-09-06 12:44:20";"128"
"RESIST CHAUFTE 5W 7.8R";"128116";NULL;NULL;"2023-09-06 12:44:20";"2023-09-06 12:44:20";"128"
"RESIST CHAUFTE 5W 8.2R";"128117";NULL;NULL;"2023-09-06 12:44:20";"2023-09-06 12:44:20";"128"
"RESIST CHAUFTE 5W 82R";"128118";NULL;NULL;"2023-09-06 12:44:20";"2023-09-06 12:44:20";"128"
"RESIST CHAUFTE 7W 10R";"128119";NULL;NULL;"2023-09-06 12:44:20";"2023-09-06 12:44:20";"128"
"RESIST CHAUFTE 7W 15R";"128120";NULL;NULL;"2023-09-06 12:44:20";"2023-09-06 12:44:20";"128"
"RESIST CHAUFTE 7W 2.2KR";"128121";NULL;NULL;"2023-09-06 12:44:20";"2023-09-06 12:44:20";"128"
"RESIST CHAUFTE 7W 2.7R";"128122";NULL;NULL;"2023-09-06 12:44:20";"2023-09-06 12:44:20";"128"
"RESIST CHAUFTE 7W 220R";"128123";NULL;NULL;"2023-09-06 12:44:20";"2023-09-06 12:44:20";"128"
"RESIST CHAUFTE 7W 22R";"128124";NULL;NULL;"2023-09-06 12:44:20";"2023-09-06 12:44:20";"128"
"RESIST CHAUFTE 7W 27R";"128125";NULL;NULL;"2023-09-06 12:44:20";"2023-09-06 12:44:20";"128"
"RESIST CHAUFTE 7W 3.3R";"128126";NULL;NULL;"2023-09-06 12:44:21";"2023-09-06 12:44:21";"128"
"RESIST CHAUFTE 7W 3.9R";"128127";NULL;NULL;"2023-09-06 12:44:21";"2023-09-06 12:44:21";"128"
"RESIST CHAUFTE 7W 33R";"128002";NULL;NULL;"2023-09-06 12:44:18";"2023-09-06 12:44:18";"128"
"RESIST CHAUFTE 7W 39R";"128003";NULL;NULL;"2023-09-06 12:44:18";"2023-09-06 12:44:18";"128"
"RESIST CHAUFTE 7W 4.7R";"128004";NULL;NULL;"2023-09-06 12:44:18";"2023-09-06 12:44:18";"128"
"RESIST CHAUFTE 7W 47R";"128128";NULL;NULL;"2023-09-06 12:44:21";"2023-09-06 12:44:21";"128"
"RESIST CHAUFTE 7W 5.6R";"128129";NULL;NULL;"2023-09-06 12:44:21";"2023-09-06 12:44:21";"128"
"RESIST CHAUFTE 7W 56R";"128005";NULL;NULL;"2023-09-06 12:44:18";"2023-09-06 12:44:18";"128"
"RESIST CHAUFTE 7W 6.8R";"128130";NULL;NULL;"2023-09-06 12:44:21";"2023-09-06 12:44:21";"128"
"RESIST CHAUFTE 7W 68R";"128131";NULL;NULL;"2023-09-06 12:44:21";"2023-09-06 12:44:21";"128"
"RESIST DE FER A SOUDER 60W EN SACHET ORG";"240017";NULL;NULL;"2023-12-12 03:21:33";"2023-12-12 03:21:33";"240"
"RESIST DE FER A SOUDER 60W ORG";"240016";NULL;NULL;"2023-12-12 03:21:33";"2023-12-12 03:21:33";"240"
"RESIST VAR 100KR";"129004";NULL;NULL;"2023-09-06 12:44:21";"2023-09-06 12:44:21";"129"
"RESIST VAR 100R";"129005";NULL;NULL;"2023-09-06 12:44:21";"2023-09-06 12:44:21";"129"
"RESIST VAR 102KR";"129006";NULL;NULL;"2023-09-06 12:44:21";"2023-09-06 12:44:21";"129"
"RESIST VAR 10KR";"129007";NULL;NULL;"2023-09-06 12:44:21";"2023-09-06 12:44:21";"129"
"RESIST VAR 150KR";"129031";NULL;NULL;"2023-09-06 12:44:21";"2023-09-06 12:44:21";"129"
"RESIST VAR 1KR";"129008";NULL;NULL;"2023-09-06 12:44:21";"2023-09-06 12:44:21";"129"
"RESIST VAR 1MR";"129009";NULL;NULL;"2023-09-06 12:44:21";"2023-09-06 12:44:21";"129"
"RESIST VAR 2.2KR";"129010";NULL;NULL;"2023-09-06 12:44:21";"2023-09-06 12:44:21";"129"
"RESIST VAR 200KR";"129011";NULL;NULL;"2023-09-06 12:44:21";"2023-09-06 12:44:21";"129"
"RESIST VAR 200R";"129012";NULL;NULL;"2023-09-06 12:44:21";"2023-09-06 12:44:21";"129"
"RESIST VAR 20KR";"129013";NULL;NULL;"2023-09-06 12:44:21";"2023-09-06 12:44:21";"129"
"RESIST VAR 22KR";"129014";NULL;NULL;"2023-09-06 12:44:21";"2023-09-06 12:44:21";"129"
"RESIST VAR 250KR";"129015";NULL;NULL;"2023-09-06 12:44:21";"2023-09-06 12:44:21";"129"
"RESIST VAR 250R";"129016";NULL;NULL;"2023-09-06 12:44:21";"2023-09-06 12:44:21";"129"
"RESIST VAR 25KR";"129017";NULL;NULL;"2023-09-06 12:44:21";"2023-09-06 12:44:21";"129"
"RESIST VAR 2KR";"129018";NULL;NULL;"2023-09-06 12:44:21";"2023-09-06 12:44:21";"129"
"RESIST VAR 3.3KR";"129019";NULL;NULL;"2023-09-06 12:44:21";"2023-09-06 12:44:21";"129"
"RESIST VAR 300KR";"129020";NULL;NULL;"2023-09-06 12:44:21";"2023-09-06 12:44:21";"129"
"RESIST VAR 30KR";"129021";NULL;NULL;"2023-09-06 12:44:21";"2023-09-06 12:44:21";"129"
"RESIST VAR 330KR";"129032";NULL;NULL;"2023-09-06 12:44:21";"2023-09-06 12:44:21";"129"
"RESIST VAR 3KR";"129022";NULL;NULL;"2023-09-06 12:44:21";"2023-09-06 12:44:21";"129"
"RESIST VAR 4.7KR";"129023";NULL;NULL;"2023-09-06 12:44:21";"2023-09-06 12:44:21";"129"
"RESIST VAR 470KR";"129024";NULL;NULL;"2023-09-06 12:44:21";"2023-09-06 12:44:21";"129"
"RESIST VAR 470R";"129025";NULL;NULL;"2023-09-06 12:44:21";"2023-09-06 12:44:21";"129"
"RESIST VAR 47KR";"129001";NULL;NULL;"2023-09-06 12:44:21";"2023-09-06 12:44:21";"129"
"RESIST VAR 4KR";"129026";NULL;NULL;"2023-09-06 12:44:21";"2023-09-06 12:44:21";"129"
"RESIST VAR 500KR";"129027";NULL;NULL;"2023-09-06 12:44:21";"2023-09-06 12:44:21";"129"
"RESIST VAR 500R";"129028";NULL;NULL;"2023-09-06 12:44:21";"2023-09-06 12:44:21";"129"
"RESIST VAR 50KR";"129029";NULL;NULL;"2023-09-06 12:44:21";"2023-09-06 12:44:21";"129"
"RESIST VAR 50R";"129002";NULL;NULL;"2023-09-06 12:44:21";"2023-09-06 12:44:21";"129"
"RESIST VAR 5KR";"129030";NULL;NULL;"2023-09-06 12:44:21";"2023-09-06 12:44:21";"129"
"RESIST VAR 6KR";"129003";NULL;NULL;"2023-09-06 12:44:21";"2023-09-06 12:44:21";"129"
"RESISTANCE 10W 3ohm";"215250";NULL;NULL;"2023-09-06 12:44:47";"2023-09-06 12:44:47";"215"
"RESSITANCE 30W 3,3ohm";"215251";NULL;NULL;"2023-09-06 12:44:47";"2023-09-06 12:44:47";"215"
"RETROVISEUR TOYOTA";"501076";NULL;NULL;"2023-09-06 14:58:55";"2023-09-06 14:58:55";"501"
"RJP 3053";"130001";NULL;NULL;"2023-09-06 12:44:21";"2023-09-06 12:44:21";"130"
"RJP 30A2";"130002";NULL;NULL;"2023-09-06 12:44:21";"2023-09-06 12:44:21";"130"
"RJP 30E2";"130003";NULL;NULL;"2023-09-06 12:44:21";"2023-09-06 12:44:21";"130"
"RJP 30E3";"130004";NULL;NULL;"2023-09-06 12:44:21";"2023-09-06 12:44:21";"130"
"RJP 30H1";"130005";NULL;NULL;"2023-09-06 12:44:21";"2023-09-06 12:44:21";"130"
"RJP 30H2";"130006";NULL;NULL;"2023-09-06 12:44:21";"2023-09-06 12:44:21";"130"
"RJP 30H2A";"130007";NULL;NULL;"2023-09-06 12:44:21";"2023-09-06 12:44:21";"130"
"RJP 31E2";"130008";NULL;NULL;"2023-09-06 12:44:21";"2023-09-06 12:44:21";"130"
"RJP 4536";"130009";NULL;NULL;"2023-09-06 12:44:21";"2023-09-06 12:44:21";"130"
"RJP 63E2";"130010";NULL;NULL;"2023-09-06 12:44:21";"2023-09-06 12:44:21";"130"
"RJP 63F3";"130011";NULL;NULL;"2023-09-06 12:44:21";"2023-09-06 12:44:21";"130"
"RJP 63K2";"130012";NULL;NULL;"2023-09-06 12:44:21";"2023-09-06 12:44:21";"130"
"ROULAU DE CABLE HP ALFIFA ";"215282";NULL;NULL;"2023-09-06 12:44:48";"2023-09-06 12:44:48";"215"
"RW 5453";"108011";NULL;NULL;"2023-09-06 12:44:21";"2023-09-06 12:44:21";"108"
"S 1854";"1031049";NULL;NULL;"2023-09-06 12:44:30";"2023-09-06 12:44:30";"103"
"S 2000";"1031044";NULL;NULL;"2023-09-06 12:44:29";"2023-09-06 12:44:29";"103"
"S 2000A";"1031050";NULL;NULL;"2023-09-06 12:44:30";"2023-09-06 12:44:30";"103"
"S 2000AF";"1031051";NULL;NULL;"2023-09-06 12:44:30";"2023-09-06 12:44:30";"103"
"S 2055AF";"1031052";NULL;NULL;"2023-09-06 12:44:30";"2023-09-06 12:44:30";"103"
"S 2055N";"1031053";NULL;NULL;"2023-09-06 12:44:30";"2023-09-06 12:44:30";"103"
"S 8550";"1031054";NULL;NULL;"2023-09-06 12:44:30";"2023-09-06 12:44:30";"103"
"SAA 1272";"102584";NULL;NULL;"2023-09-06 12:44:21";"2023-09-06 12:44:21";"102"
"SAA 1289";"102585";NULL;NULL;"2023-09-06 12:44:21";"2023-09-06 12:44:21";"102"
"SAA 5020";"102586";NULL;NULL;"2023-09-06 12:44:21";"2023-09-06 12:44:21";"102"
"SAA 5041";"102587";NULL;NULL;"2023-09-06 12:44:22";"2023-09-06 12:44:22";"102"
"SAA 5231";"102588";NULL;NULL;"2023-09-06 12:44:22";"2023-09-06 12:44:22";"102"
"SAB 3023";"102589";NULL;NULL;"2023-09-06 12:44:22";"2023-09-06 12:44:22";"102"
"SAB 3033";"102590";NULL;NULL;"2023-09-06 12:44:22";"2023-09-06 12:44:22";"102"
"SAC ECOLIER";"501089";NULL;NULL;"2023-09-06 14:58:55";"2023-09-06 14:58:55";"501"
"SALADIERE BELLE A VIE";"501191";NULL;NULL;"2023-09-06 14:59:03";"2023-09-06 14:59:03";"501"
"SALE A MANGER EN BOIS 6PLACE";"709001";NULL;NULL;"2023-09-06 14:59:01";"2023-09-06 14:59:01";"709"
"SALLE  A MANGER NAD 1040";"709004";NULL;NULL;"2023-09-06 14:59:01";"2023-09-06 14:59:01";"709"
"SALLE A MANGE BROC14 5PLACE";"709003";NULL;NULL;"2023-09-06 14:59:01";"2023-09-06 14:59:01";"709"
"SALON EN CUIR  7PLACCES";"702025";NULL;NULL;"2023-09-06 14:59:01";"2023-09-06 14:59:01";"702"
"SALON EN CUIR MARON 6PLS";"702026";NULL;NULL;"2023-09-06 14:59:01";"2023-09-06 14:59:01";"702"
"SALON EN CUIR ROUGE 6PLCS";"702024";NULL;NULL;"2023-09-06 14:59:01";"2023-09-06 14:59:01";"702"
"SATELITE FINDER";"215151";NULL;NULL;"2023-09-06 12:44:40";"2023-09-06 12:44:40";"215"
"SAVON DE TOILETTE CIEN";"501044";NULL;NULL;"2023-09-06 14:58:54";"2023-09-06 14:58:54";"501"
"SAVON DE TOILETTE LUX";"501045";NULL;NULL;"2023-09-06 14:58:54";"2023-09-06 14:58:54";"501"
"SCALPEL POUR ELECTRONICIEN";"215190";NULL;NULL;"2023-09-06 12:44:46";"2023-09-06 12:44:46";"215"
"SCEAU A CHAMPAGNE";"501276";NULL;NULL;"2023-12-12 03:33:49";"2023-12-12 03:33:49";"501"
"SCIE A BOIS";"501069";NULL;NULL;"2023-09-06 14:58:55";"2023-09-06 14:58:55";"501"
"SCIE ONGULAIRE";"501103";NULL;NULL;"2023-09-06 14:58:56";"2023-09-06 14:58:56";"501"
"SCISEAU POUR ELECTRONICIEN 1628";"215187";NULL;NULL;"2023-09-06 12:44:46";"2023-09-06 12:44:46";"215"
"SCISEAUX PM";"215006";NULL;NULL;"2023-09-06 12:43:24";"2023-09-06 12:43:24";"215"
"SCOTCH DOUBLE FACE";"215163";NULL;NULL;"2023-09-06 12:44:45";"2023-09-06 12:44:45";"215"
"SCOTCH JAUNE";"215140";NULL;NULL;"2023-09-06 12:44:22";"2023-09-06 12:44:22";"215"
"SCOTCH NOIR ABRO";"215138";NULL;NULL;"2023-09-06 12:44:22";"2023-09-06 12:44:22";"215"
"SCOTCH NOIR EN JX 10";"215141";NULL;NULL;"2023-09-06 12:44:22";"2023-09-06 12:44:22";"215"
"SCOTCH PAPIER ABRO";"215139";NULL;NULL;"2023-09-06 12:44:22";"2023-09-06 12:44:22";"215"
"SCOTCH ROUGE";"215142";NULL;NULL;"2023-09-06 12:44:22";"2023-09-06 12:44:22";"215"
"SD 3525";"105014";NULL;NULL;"2023-09-06 12:44:22";"2023-09-06 12:44:22";"105"
"SD 4841";"105015";NULL;NULL;"2023-09-06 12:44:22";"2023-09-06 12:44:22";"105"
"SD 4843";"105016";NULL;NULL;"2023-09-06 12:44:22";"2023-09-06 12:44:22";"105"
"SD 6832";"105017";NULL;NULL;"2023-09-06 12:44:22";"2023-09-06 12:44:22";"105"
"SD 6834";"105018";NULL;NULL;"2023-09-06 12:44:22";"2023-09-06 12:44:22";"105"
"SD 6835";"105019";NULL;NULL;"2023-09-06 12:44:22";"2023-09-06 12:44:22";"105"
"SD 6841";"105020";NULL;NULL;"2023-09-06 12:44:22";"2023-09-06 12:44:22";"105"
"SD 6853";"105021";NULL;NULL;"2023-09-06 12:44:22";"2023-09-06 12:44:22";"105"
"SDA 2006";"105007";NULL;NULL;"2023-09-06 12:44:22";"2023-09-06 12:44:22";"105"
"SDA 2010";"105008";NULL;NULL;"2023-09-06 12:44:22";"2023-09-06 12:44:22";"105"
"SDA 2090";"105009";NULL;NULL;"2023-09-06 12:44:22";"2023-09-06 12:44:22";"105"
"SDA 5231";"105010";NULL;NULL;"2023-09-06 12:44:22";"2023-09-06 12:44:22";"105"
"SDA 5241";"105011";NULL;NULL;"2023-09-06 12:44:22";"2023-09-06 12:44:22";"105"
"SDA 5243";"105012";NULL;NULL;"2023-09-06 12:44:22";"2023-09-06 12:44:22";"105"
"SDA 5273";"105013";NULL;NULL;"2023-09-06 12:44:22";"2023-09-06 12:44:22";"105"
"SE 115";"1031026";NULL;NULL;"2023-09-06 12:44:22";"2023-09-06 12:44:22";"103"
"SE 135";"1031027";NULL;NULL;"2023-09-06 12:44:22";"2023-09-06 12:44:22";"103"
"SEAU A BESSION";"501273";NULL;NULL;"2023-09-06 15:12:48";"2023-09-06 15:12:48";"501"
"SEAU A CHAMPAGNE";"501016";NULL;NULL;"2023-09-06 14:58:53";"2023-09-06 14:58:53";"501"
"SECHE CHEVEUX BROCANTE";"501002";NULL;NULL;"2023-09-06 14:58:51";"2023-09-06 14:58:51";"501"
"SECHE CHEVEUX SURKER";"501003";NULL;NULL;"2023-09-06 14:58:51";"2023-09-06 14:58:51";"501"
"SECHE LINGE  PM";"501060";NULL;NULL;"2023-09-06 14:58:55";"2023-09-06 14:58:55";"501"
"SECHE VERRE PLATIQUE";"501205";NULL;NULL;"2023-09-06 14:59:04";"2023-09-06 14:59:04";"501"
"SELECTEUR ANTEN 3 VOIES WINSTAR 203C";"265001";NULL;NULL;"2023-09-06 12:44:22";"2023-09-06 12:44:22";"265"
"SELECTEUR AV 3 PERITEL";"265003";NULL;NULL;"2023-09-06 12:44:22";"2023-09-06 12:44:22";"265"
"SELECTEUR AV 3 PERITEL OCAS";"265009";NULL;NULL;"2023-12-12 03:21:35";"2023-12-12 03:21:35";"265"
"SELECTEUR AV 3E/1S TRANSP SD-168";"265004";NULL;NULL;"2023-09-06 12:44:22";"2023-09-06 12:44:22";"265"
"SELECTEUR AV 4E/1S TRANSP";"265005";NULL;NULL;"2023-09-06 12:44:22";"2023-09-06 12:44:22";"265"
"SELECTEUR AV 5S/1E";"265006";NULL;NULL;"2023-09-06 12:44:22";"2023-09-06 12:44:22";"265"
"SELECTEUR AV+TELECMDE 4 IN/1 OUT";"265002";NULL;NULL;"2023-09-06 12:44:22";"2023-09-06 12:44:22";"265"
"SELECTEUR ROTAIF 5 POS";"265007";NULL;NULL;"2023-09-06 12:44:22";"2023-09-06 12:44:22";"265"
"SELECTEUR ROTATIF 5 POS";"265010";NULL;NULL;"2023-12-12 03:21:35";"2023-12-12 03:21:35";"265"
"SELECTEUR VIDEO 3E/1S NOIR Y/S 0301";"265008";NULL;NULL;"2023-09-06 12:44:22";"2023-09-06 12:44:22";"265"
"SERVO MOTEUR L293D";"306003";NULL;NULL;"2023-09-06 12:44:02";"2023-09-06 12:44:02";"306"
"SF 10A400 GM";"1031028";NULL;NULL;"2023-09-06 12:44:22";"2023-09-06 12:44:22";"103"
"SF 10A400 PM";"1031029";NULL;NULL;"2023-09-06 12:44:22";"2023-09-06 12:44:22";"103"
"SF 1565";"1031030";NULL;NULL;"2023-09-06 12:44:22";"2023-09-06 12:44:22";"103"
"SF2";"707007";NULL;NULL;"2023-09-06 14:58:58";"2023-09-06 14:58:58";"707"
"SG 3525";"1031031";NULL;NULL;"2023-09-06 12:44:22";"2023-09-06 12:44:22";"103"
"SG 3825";"1031032";NULL;NULL;"2023-09-06 12:44:22";"2023-09-06 12:44:22";"103"
"SG 6832";"1031033";NULL;NULL;"2023-09-06 12:44:22";"2023-09-06 12:44:22";"103"
"SG 6841";"1031034";NULL;NULL;"2023-09-06 12:44:22";"2023-09-06 12:44:22";"103"
"SG 6843";"1031035";NULL;NULL;"2023-09-06 12:44:22";"2023-09-06 12:44:22";"103"
"SG 6855";"1031036";NULL;NULL;"2023-09-06 12:44:22";"2023-09-06 12:44:22";"103"
"SHAMPOON CIEN 300ML";"501029";NULL;NULL;"2023-09-06 14:58:54";"2023-09-06 14:58:54";"501"
"SK 1851";"1031037";NULL;NULL;"2023-09-06 12:44:22";"2023-09-06 12:44:22";"103"
"SK 18751";"1031038";NULL;NULL;"2023-09-06 12:44:22";"2023-09-06 12:44:22";"103"
"SK 18752";"1031039";NULL;NULL;"2023-09-06 12:44:22";"2023-09-06 12:44:22";"103"
"SK 3875";"1031040";NULL;NULL;"2023-09-06 12:44:22";"2023-09-06 12:44:22";"103"
"SLA 4030";"1031041";NULL;NULL;"2023-09-06 12:44:22";"2023-09-06 12:44:22";"103"
"SLA 4060";"1031042";NULL;NULL;"2023-09-06 12:44:22";"2023-09-06 12:44:22";"103"
"SMR_40000";"1031043";NULL;NULL;"2023-09-06 12:44:22";"2023-09-06 12:44:22";"103"
"SN 4556";"117106";NULL;NULL;"2023-09-06 12:44:22";"2023-09-06 12:44:22";"117"
"SN 5481";"117107";NULL;NULL;"2023-09-06 12:44:22";"2023-09-06 12:44:22";"117"
"SN 7406";"117108";NULL;NULL;"2023-09-06 12:44:22";"2023-09-06 12:44:22";"117"
"SN 74104";"117109";NULL;NULL;"2023-09-06 12:44:22";"2023-09-06 12:44:22";"117"
"SN 74107";"117110";NULL;NULL;"2023-09-06 12:44:22";"2023-09-06 12:44:22";"117"
"SN 7411";"117111";NULL;NULL;"2023-09-06 12:44:23";"2023-09-06 12:44:23";"117"
"SN 74120";"117112";NULL;NULL;"2023-09-06 12:44:23";"2023-09-06 12:44:23";"117"
"SN 74123";"117113";NULL;NULL;"2023-09-06 12:44:23";"2023-09-06 12:44:23";"117"
"SN 7444";"117114";NULL;NULL;"2023-09-06 12:44:23";"2023-09-06 12:44:23";"117"
"SN 7446";"117115";NULL;NULL;"2023-09-06 12:44:23";"2023-09-06 12:44:23";"117"
"SN 7450";"117116";NULL;NULL;"2023-09-06 12:44:23";"2023-09-06 12:44:23";"117"
"SN 7453";"117117";NULL;NULL;"2023-09-06 12:44:23";"2023-09-06 12:44:23";"117"
"SN 7460";"117118";NULL;NULL;"2023-09-06 12:44:23";"2023-09-06 12:44:23";"117"
"SN 7470";"117119";NULL;NULL;"2023-09-06 12:44:23";"2023-09-06 12:44:23";"117"
"SN 7480";"117120";NULL;NULL;"2023-09-06 12:44:23";"2023-09-06 12:44:23";"117"
"SN 7484";"117121";NULL;NULL;"2023-09-06 12:44:23";"2023-09-06 12:44:23";"117"
"SN 7494";"117122";NULL;NULL;"2023-09-06 12:44:23";"2023-09-06 12:44:23";"117"
"SN 7497";"117123";NULL;NULL;"2023-09-06 12:44:23";"2023-09-06 12:44:23";"117"
"SN 74H87";"117124";NULL;NULL;"2023-09-06 12:44:23";"2023-09-06 12:44:23";"117"
"SN 74HC138";"117125";NULL;NULL;"2023-09-06 12:44:23";"2023-09-06 12:44:23";"117"
"SN 74HC141";"117126";NULL;NULL;"2023-09-06 12:44:23";"2023-09-06 12:44:23";"117"
"SN 74HC148";"117127";NULL;NULL;"2023-09-06 12:44:23";"2023-09-06 12:44:23";"117"
"SN 74HC244";"117128";NULL;NULL;"2023-09-06 12:44:23";"2023-09-06 12:44:23";"117"
"SN 74HC245";"117129";NULL;NULL;"2023-09-06 12:44:23";"2023-09-06 12:44:23";"117"
"SN 74HC32";"117130";NULL;NULL;"2023-09-06 12:44:23";"2023-09-06 12:44:23";"117"
"SN 74HC4040";"117131";NULL;NULL;"2023-09-06 12:44:23";"2023-09-06 12:44:23";"117"
"SN 74HC4538";"117132";NULL;NULL;"2023-09-06 12:44:23";"2023-09-06 12:44:23";"117"
"SN 74HC574";"117133";NULL;NULL;"2023-09-06 12:44:23";"2023-09-06 12:44:23";"117"
"SN 74HC59";"117134";NULL;NULL;"2023-09-06 12:44:23";"2023-09-06 12:44:23";"117"
"SN 74HC595";"117135";NULL;NULL;"2023-09-06 12:44:23";"2023-09-06 12:44:23";"117"
"SN 74HC77";"117136";NULL;NULL;"2023-09-06 12:44:23";"2023-09-06 12:44:23";"117"
"SN 74HC86";"117137";NULL;NULL;"2023-09-06 12:44:23";"2023-09-06 12:44:23";"117"
"SN 74LS00";"117138";NULL;NULL;"2023-09-06 12:44:23";"2023-09-06 12:44:23";"117"
"SN 74LS01";"117139";NULL;NULL;"2023-09-06 12:44:23";"2023-09-06 12:44:23";"117"
"SN 74LS02";"117140";NULL;NULL;"2023-09-06 12:44:23";"2023-09-06 12:44:23";"117"
"SN 74LS04";"117141";NULL;NULL;"2023-09-06 12:44:23";"2023-09-06 12:44:23";"117"
"SN 74LS06";"117142";NULL;NULL;"2023-09-06 12:44:23";"2023-09-06 12:44:23";"117"
"SN 74LS07";"117143";NULL;NULL;"2023-09-06 12:44:23";"2023-09-06 12:44:23";"117"
"SN 74LS08";"117144";NULL;NULL;"2023-09-06 12:44:23";"2023-09-06 12:44:23";"117"
"SN 74LS105";"117145";NULL;NULL;"2023-09-06 12:44:23";"2023-09-06 12:44:23";"117"
"SN 74LS109";"117146";NULL;NULL;"2023-09-06 12:44:23";"2023-09-06 12:44:23";"117"
"SN 74LS110";"117147";NULL;NULL;"2023-09-06 12:44:23";"2023-09-06 12:44:23";"117"
"SN 74LS111";"117148";NULL;NULL;"2023-09-06 12:44:23";"2023-09-06 12:44:23";"117"
"SN 74LS112";"117149";NULL;NULL;"2023-09-06 12:44:23";"2023-09-06 12:44:23";"117"
"SN 74LS113";"117150";NULL;NULL;"2023-09-06 12:44:23";"2023-09-06 12:44:23";"117"
"SN 74LS114";"117151";NULL;NULL;"2023-09-06 12:44:23";"2023-09-06 12:44:23";"117"
"SN 74LS121";"117152";NULL;NULL;"2023-09-06 12:44:23";"2023-09-06 12:44:23";"117"
"SN 74LS122";"117153";NULL;NULL;"2023-09-06 12:44:23";"2023-09-06 12:44:23";"117"
"SN 74LS123";"117154";NULL;NULL;"2023-09-06 12:44:23";"2023-09-06 12:44:23";"117"
"SN 74LS126";"117155";NULL;NULL;"2023-09-06 12:44:23";"2023-09-06 12:44:23";"117"
"SN 74LS128";"117156";NULL;NULL;"2023-09-06 12:44:23";"2023-09-06 12:44:23";"117"
"SN 74LS132";"117157";NULL;NULL;"2023-09-06 12:44:23";"2023-09-06 12:44:23";"117"
"SN 74LS133";"117158";NULL;NULL;"2023-09-06 12:44:23";"2023-09-06 12:44:23";"117"
"SN 74LS136";"117159";NULL;NULL;"2023-09-06 12:44:23";"2023-09-06 12:44:23";"117"
"SN 74LS14";"117160";NULL;NULL;"2023-09-06 12:44:23";"2023-09-06 12:44:23";"117"
"SN 74LS141";"117161";NULL;NULL;"2023-09-06 12:44:23";"2023-09-06 12:44:23";"117"
"SN 74LS145";"117162";NULL;NULL;"2023-09-06 12:44:23";"2023-09-06 12:44:23";"117"
"SN 74LS147";"117163";NULL;NULL;"2023-09-06 12:44:23";"2023-09-06 12:44:23";"117"
"SN 74LS148";"117164";NULL;NULL;"2023-09-06 12:44:23";"2023-09-06 12:44:23";"117"
"SN 74LS150";"117165";NULL;NULL;"2023-09-06 12:44:23";"2023-09-06 12:44:23";"117"
"SN 74LS151";"117166";NULL;NULL;"2023-09-06 12:44:23";"2023-09-06 12:44:23";"117"
"SN 74LS154";"117167";NULL;NULL;"2023-09-06 12:44:24";"2023-09-06 12:44:24";"117"
"SN 74LS158";"117168";NULL;NULL;"2023-09-06 12:44:24";"2023-09-06 12:44:24";"117"
"SN 74LS160";"117169";NULL;NULL;"2023-09-06 12:44:24";"2023-09-06 12:44:24";"117"
"SN 74LS161";"117170";NULL;NULL;"2023-09-06 12:44:24";"2023-09-06 12:44:24";"117"
"SN 74LS164";"117171";NULL;NULL;"2023-09-06 12:44:24";"2023-09-06 12:44:24";"117"
"SN 74LS175";"117172";NULL;NULL;"2023-09-06 12:44:24";"2023-09-06 12:44:24";"117"
"SN 74LS190";"117173";NULL;NULL;"2023-09-06 12:44:24";"2023-09-06 12:44:24";"117"
"SN 74LS193";"117174";NULL;NULL;"2023-09-06 12:44:24";"2023-09-06 12:44:24";"117"
"SN 74LS240";"117175";NULL;NULL;"2023-09-06 12:44:24";"2023-09-06 12:44:24";"117"
"SN 74LS244";"117176";NULL;NULL;"2023-09-06 12:44:24";"2023-09-06 12:44:24";"117"
"SN 74LS245";"117177";NULL;NULL;"2023-09-06 12:44:24";"2023-09-06 12:44:24";"117"
"SN 74LS247";"117178";NULL;NULL;"2023-09-06 12:44:24";"2023-09-06 12:44:24";"117"
"SN 74LS299";"117179";NULL;NULL;"2023-09-06 12:44:24";"2023-09-06 12:44:24";"117"
"SN 74LS32";"117180";NULL;NULL;"2023-09-06 12:44:24";"2023-09-06 12:44:24";"117"
"SN 74LS356";"117181";NULL;NULL;"2023-09-06 12:44:24";"2023-09-06 12:44:24";"117"
"SN 74LS373";"117182";NULL;NULL;"2023-09-06 12:44:24";"2023-09-06 12:44:24";"117"
"SN 74LS393";"117183";NULL;NULL;"2023-09-06 12:44:24";"2023-09-06 12:44:24";"117"
"SN 74LS4040";"117184";NULL;NULL;"2023-09-06 12:44:24";"2023-09-06 12:44:24";"117"
"SN 74LS43";"117185";NULL;NULL;"2023-09-06 12:44:24";"2023-09-06 12:44:24";"117"
"SN 74LS44";"117186";NULL;NULL;"2023-09-06 12:44:24";"2023-09-06 12:44:24";"117"
"SN 74LS47";"117187";NULL;NULL;"2023-09-06 12:44:24";"2023-09-06 12:44:24";"117"
"SN 74LS48";"117188";NULL;NULL;"2023-09-06 12:44:24";"2023-09-06 12:44:24";"117"
"SN 74LS49";"117189";NULL;NULL;"2023-09-06 12:44:24";"2023-09-06 12:44:24";"117"
"SN 74LS51";"117190";NULL;NULL;"2023-09-06 12:44:24";"2023-09-06 12:44:24";"117"
"SN 74LS512";"117191";NULL;NULL;"2023-09-06 12:44:24";"2023-09-06 12:44:24";"117"
"SN 74LS54";"117192";NULL;NULL;"2023-09-06 12:44:24";"2023-09-06 12:44:24";"117"
"SN 74LS55";"117193";NULL;NULL;"2023-09-06 12:44:24";"2023-09-06 12:44:24";"117"
"SN 74LS574";"117194";NULL;NULL;"2023-09-06 12:44:24";"2023-09-06 12:44:24";"117"
"SN 74LS595";"117195";NULL;NULL;"2023-09-06 12:44:24";"2023-09-06 12:44:24";"117"
"SN 74LS63";"117196";NULL;NULL;"2023-09-06 12:44:24";"2023-09-06 12:44:24";"117"
"SN 74LS73";"117197";NULL;NULL;"2023-09-06 12:44:24";"2023-09-06 12:44:24";"117"
"SN 74LS74";"117198";NULL;NULL;"2023-09-06 12:44:24";"2023-09-06 12:44:24";"117"
"SN 74LS75";"117199";NULL;NULL;"2023-09-06 12:44:24";"2023-09-06 12:44:24";"117"
"SN 74LS76";"117200";NULL;NULL;"2023-09-06 12:44:24";"2023-09-06 12:44:24";"117"
"SN 74LS77";"117201";NULL;NULL;"2023-09-06 12:44:24";"2023-09-06 12:44:24";"117"
"SN 74LS78";"117202";NULL;NULL;"2023-09-06 12:44:24";"2023-09-06 12:44:24";"117"
"SN 74LS81";"117203";NULL;NULL;"2023-09-06 12:44:24";"2023-09-06 12:44:24";"117"
"SN 74LS83";"117204";NULL;NULL;"2023-09-06 12:44:24";"2023-09-06 12:44:24";"117"
"SN 74LS85";"117205";NULL;NULL;"2023-09-06 12:44:24";"2023-09-06 12:44:24";"117"
"SN 74LS86";"117206";NULL;NULL;"2023-09-06 12:44:24";"2023-09-06 12:44:24";"117"
"SN 74LS87";"117207";NULL;NULL;"2023-09-06 12:44:24";"2023-09-06 12:44:24";"117"
"SN 74LS89";"117208";NULL;NULL;"2023-09-06 12:44:24";"2023-09-06 12:44:24";"117"
"SN 74LS90";"117209";NULL;NULL;"2023-09-06 12:44:24";"2023-09-06 12:44:24";"117"
"SN 74LS91";"117210";NULL;NULL;"2023-09-06 12:44:24";"2023-09-06 12:44:24";"117"
"SN 74LS92";"117211";NULL;NULL;"2023-09-06 12:44:24";"2023-09-06 12:44:24";"117"
"SN 74LS93";"117212";NULL;NULL;"2023-09-06 12:44:24";"2023-09-06 12:44:24";"117"
"SN 74LS96";"117213";NULL;NULL;"2023-09-06 12:44:24";"2023-09-06 12:44:24";"117"
"SN 8404";"117214";NULL;NULL;"2023-09-06 12:44:24";"2023-09-06 12:44:24";"117"
"SN 8494";"117215";NULL;NULL;"2023-09-06 12:44:24";"2023-09-06 12:44:24";"117"
"SN 84LS63";"117216";NULL;NULL;"2023-09-06 12:44:24";"2023-09-06 12:44:24";"117"
"SOCLE 3 FICHES RCA FEM";"266001";NULL;NULL;"2023-09-06 12:44:24";"2023-09-06 12:44:24";"266"
"SOCLE 4 FICHES RCA FEM";"266002";NULL;NULL;"2023-09-06 12:44:24";"2023-09-06 12:44:24";"266"
"SOCLE 6 FICHES RCA FEM";"266003";NULL;NULL;"2023-09-06 12:44:24";"2023-09-06 12:44:24";"266"
"SOCLE A RELAIS 8P";"266004";NULL;NULL;"2023-09-06 12:44:24";"2023-09-06 12:44:24";"266"
"SOCLE AC 3POL PLAST REG TENSION";"215133";NULL;NULL;"2023-09-06 12:44:11";"2023-09-06 12:44:11";"215"
"SOCLE ALIMT ORDINATEUR MAL";"266005";NULL;NULL;"2023-09-06 12:44:25";"2023-09-06 12:44:25";"266"
"SOCLE ALIMT RADIO MAL 220V";"266006";NULL;NULL;"2023-09-06 12:44:25";"2023-09-06 12:44:25";"266"
"SOCLE AV/3RCA FEM";"220017";NULL;NULL;"2023-12-12 03:21:10";"2023-12-12 03:21:10";"220"
"SOCLE DC LAPTOP FEM";"266007";NULL;NULL;"2023-09-06 12:44:25";"2023-09-06 12:44:25";"266"
"SOCLE DC LAPTOP MAL";"266008";NULL;NULL;"2023-09-06 12:44:25";"2023-09-06 12:44:25";"266"
"SOCLE FEM 6 BROCHE";"266010";NULL;NULL;"2023-09-06 12:44:25";"2023-09-06 12:44:25";"266"
"SOCLE JK 6.5 FEM MNO 5PAT - 6PAT";"266013";NULL;NULL;"2023-09-06 12:44:25";"2023-09-06 12:44:25";"266"
"SOCLE JK 6.5 FEM MNO GUITAR EN ARG";"266011";NULL;NULL;"2023-09-06 12:44:25";"2023-09-06 12:44:25";"266"
"SOCLE JK 6.5 FEM MNO MIC PLAST";"266012";NULL;NULL;"2023-09-06 12:44:25";"2023-09-06 12:44:25";"266"
"SOCLE JK 6.5 FEM ST 3PAT  AMPLI";"266014";NULL;NULL;"2023-09-06 12:44:25";"2023-09-06 12:44:25";"266"
"SOCLE JK 6.5 FEM ST MIC PLAST";"266015";NULL;NULL;"2023-09-06 12:44:25";"2023-09-06 12:44:25";"266"
"SOCLE RJ 45";"266009";NULL;NULL;"2023-09-06 12:44:25";"2023-09-06 12:44:25";"266"
"SOCLE TV EN FER";"266016";NULL;NULL;"2023-09-06 12:44:25";"2023-09-06 12:44:25";"266"
"SOCLE TV EN PLASTIQ";"266017";NULL;NULL;"2023-09-06 12:44:25";"2023-09-06 12:44:25";"266"
"SOCLE USB ARDUINO";"266018";NULL;NULL;"2023-09-06 12:44:25";"2023-09-06 12:44:25";"266"
"SOCLE USB COUR VISABLE DROIT";"266019";NULL;NULL;"2023-09-06 12:44:25";"2023-09-06 12:44:25";"266"
"SOCLE USB FIXATION DE COTE";"266021";NULL;NULL;"2023-09-06 12:44:25";"2023-09-06 12:44:25";"266"
"SOCLE USB FIXATION DESSUS";"266020";NULL;NULL;"2023-09-06 12:44:25";"2023-09-06 12:44:25";"266"
"SOCLE USB VISABLE DROIT LONG";"266022";NULL;NULL;"2023-09-06 12:44:25";"2023-09-06 12:44:25";"266"
"SOCLE VGA FEM AVEC BORN 8 BROCH";"266023";NULL;NULL;"2023-09-06 12:44:25";"2023-09-06 12:44:25";"266"
"SOCLE XRL MAL";"266024";NULL;NULL;"2023-09-06 12:44:25";"2023-09-06 12:44:25";"266"
"SOUFLEUR CRYSTAL";"215204";NULL;NULL;"2023-09-06 12:44:46";"2023-09-06 12:44:46";"215"
"SOURIS AVEC FILS HP";"215165";NULL;NULL;"2023-09-06 12:44:45";"2023-09-06 12:44:45";"215"
"SOURIS HP FIL USB PM";"215143";NULL;NULL;"2023-09-06 12:44:25";"2023-09-06 12:44:25";"215"
"SOURIS SANS FILS HP";"215164";NULL;NULL;"2023-09-06 12:44:45";"2023-09-06 12:44:45";"215"
"SOUS TASS";"501196";NULL;NULL;"2023-09-06 14:59:03";"2023-09-06 14:59:03";"501"
"SPLITER 1 HDMI IN / 4 HDMI OUT (1*4)";"267001";NULL;NULL;"2023-09-06 12:44:25";"2023-09-06 12:44:25";"267"
"SPLITER 1 HDMI IN / 8 HDMI OUT (1*8)";"267002";NULL;NULL;"2023-09-06 12:44:25";"2023-09-06 12:44:25";"267"
"SPLITER AUDIO VIDEO 4 PORT (AV 104)";"267003";NULL;NULL;"2023-09-06 12:44:25";"2023-09-06 12:44:25";"267"
"SPLITER AUDIO VIDEO 8 PORT (AV 108)";"267004";NULL;NULL;"2023-09-06 12:44:25";"2023-09-06 12:44:25";"267"
"SQ 1565";"102591";NULL;NULL;"2023-09-06 12:44:25";"2023-09-06 12:44:25";"102"
"ST 1802";"1031001";NULL;NULL;"2023-09-06 12:44:02";"2023-09-06 12:44:02";"103"
"ST 1802 OCAS ";"1031098";NULL;NULL;"2023-12-12 03:21:28";"2023-12-12 03:21:28";"103"
"ST 1803";"1031002";NULL;NULL;"2023-09-06 12:44:02";"2023-09-06 12:44:02";"103"
"ST 1803 OCAS";"1031099";NULL;NULL;"2023-12-12 03:21:28";"2023-12-12 03:21:28";"103"
"ST 2310";"1031045";NULL;NULL;"2023-09-06 12:44:29";"2023-09-06 12:44:29";"103"
"ST 2498";"1031046";NULL;NULL;"2023-09-06 12:44:29";"2023-09-06 12:44:29";"103"
"ST 2499";"1031047";NULL;NULL;"2023-09-06 12:44:29";"2023-09-06 12:44:29";"103"
"ST Z0107";"1031048";NULL;NULL;"2023-09-06 12:44:29";"2023-09-06 12:44:29";"103"
"STA 540 GM";"118002";NULL;NULL;"2023-09-06 12:44:25";"2023-09-06 12:44:25";"118"
"STA 540 PM";"118001";NULL;NULL;"2023-09-06 12:44:25";"2023-09-06 12:44:25";"118"
"STATION A DESOUDER 8032";"215180";NULL;NULL;"2023-09-06 12:44:46";"2023-09-06 12:44:46";"215"
"STERILISATEUR BIBERON";"501101";NULL;NULL;"2023-09-06 14:58:56";"2023-09-06 14:58:56";"501"
"STK 0025";"107001";NULL;NULL;"2023-09-06 12:44:25";"2023-09-06 12:44:25";"107"
"STK 0035";"107002";NULL;NULL;"2023-09-06 12:44:25";"2023-09-06 12:44:25";"107"
"STK 0039";"107003";NULL;NULL;"2023-09-06 12:44:25";"2023-09-06 12:44:25";"107"
"STK 0040";"107004";NULL;NULL;"2023-09-06 12:44:25";"2023-09-06 12:44:25";"107"
"STK 0050";"107005";NULL;NULL;"2023-09-06 12:44:25";"2023-09-06 12:44:25";"107"
"STK 0055";"107006";NULL;NULL;"2023-09-06 12:44:25";"2023-09-06 12:44:25";"107"
"STK 0080";"107007";NULL;NULL;"2023-09-06 12:44:25";"2023-09-06 12:44:25";"107"
"STK 0082";"107008";NULL;NULL;"2023-09-06 12:44:25";"2023-09-06 12:44:25";"107"
"STK 070";"107009";NULL;NULL;"2023-09-06 12:44:25";"2023-09-06 12:44:25";"107"
"STK 1050 II";"107010";NULL;NULL;"2023-09-06 12:44:25";"2023-09-06 12:44:25";"107"
"STK 1060 II";"107011";NULL;NULL;"2023-09-06 12:44:25";"2023-09-06 12:44:25";"107"
"STK 1070";"107012";NULL;NULL;"2023-09-06 12:44:25";"2023-09-06 12:44:25";"107"
"STK 2028";"107013";NULL;NULL;"2023-09-06 12:44:25";"2023-09-06 12:44:25";"107"
"STK 2029";"107014";NULL;NULL;"2023-09-06 12:44:25";"2023-09-06 12:44:25";"107"
"STK 2038";"107015";NULL;NULL;"2023-09-06 12:44:25";"2023-09-06 12:44:25";"107"
"STK 2125";"107016";NULL;NULL;"2023-09-06 12:44:25";"2023-09-06 12:44:25";"107"
"STK 2145";"107017";NULL;NULL;"2023-09-06 12:44:25";"2023-09-06 12:44:25";"107"
"STK 2240";"107018";NULL;NULL;"2023-09-06 12:44:25";"2023-09-06 12:44:25";"107"
"STK 3042";"107019";NULL;NULL;"2023-09-06 12:44:25";"2023-09-06 12:44:25";"107"
"STK 3082";"107020";NULL;NULL;"2023-09-06 12:44:25";"2023-09-06 12:44:25";"107"
"STK 402-040";"107021";NULL;NULL;"2023-09-06 12:44:25";"2023-09-06 12:44:25";"107"
"STK 402-070";"107022";NULL;NULL;"2023-09-06 12:44:25";"2023-09-06 12:44:25";"107"
"STK 402-090S";"107023";NULL;NULL;"2023-09-06 12:44:25";"2023-09-06 12:44:25";"107"
"STK 405-100";"107024";NULL;NULL;"2023-09-06 12:44:25";"2023-09-06 12:44:25";"107"
"STK 407-040";"107025";NULL;NULL;"2023-09-06 12:44:26";"2023-09-06 12:44:26";"107"
"STK 407-070";"107026";NULL;NULL;"2023-09-06 12:44:26";"2023-09-06 12:44:26";"107"
"STK 409-090";"107027";NULL;NULL;"2023-09-06 12:44:26";"2023-09-06 12:44:26";"107"
"STK 4112 II";"107028";NULL;NULL;"2023-09-06 12:44:26";"2023-09-06 12:44:26";"107"
"STK 412-090";"107029";NULL;NULL;"2023-09-06 12:44:26";"2023-09-06 12:44:26";"107"
"STK 4121";"107030";NULL;NULL;"2023-09-06 12:44:26";"2023-09-06 12:44:26";"107"
"STK 4122 II";"107031";NULL;NULL;"2023-09-06 12:44:26";"2023-09-06 12:44:26";"107"
"STK 4131 II";"107032";NULL;NULL;"2023-09-06 12:44:26";"2023-09-06 12:44:26";"107"
"STK 4132 II";"107033";NULL;NULL;"2023-09-06 12:44:26";"2023-09-06 12:44:26";"107"
"STK 4141 II";"107034";NULL;NULL;"2023-09-06 12:44:26";"2023-09-06 12:44:26";"107"
"STK 4141 V";"107035";NULL;NULL;"2023-09-06 12:44:26";"2023-09-06 12:44:26";"107"
"STK 4142 II";"107036";NULL;NULL;"2023-09-06 12:44:26";"2023-09-06 12:44:26";"107"
"STK 4151 II";"107037";NULL;NULL;"2023-09-06 12:44:26";"2023-09-06 12:44:26";"107"
"STK 4152 II";"107038";NULL;NULL;"2023-09-06 12:44:26";"2023-09-06 12:44:26";"107"
"STK 4152 V";"107039";NULL;NULL;"2023-09-06 12:44:26";"2023-09-06 12:44:26";"107"
"STK 4159 II";"107040";NULL;NULL;"2023-09-06 12:44:26";"2023-09-06 12:44:26";"107"
"STK 4161 II";"107041";NULL;NULL;"2023-09-06 12:44:26";"2023-09-06 12:44:26";"107"
"STK 4162 V";"107042";NULL;NULL;"2023-09-06 12:44:26";"2023-09-06 12:44:26";"107"
"STK 4171 II";"107043";NULL;NULL;"2023-09-06 12:44:26";"2023-09-06 12:44:26";"107"
"STK 4171 V";"107044";NULL;NULL;"2023-09-06 12:44:26";"2023-09-06 12:44:26";"107"
"STK 4172";"107045";NULL;NULL;"2023-09-06 12:44:26";"2023-09-06 12:44:26";"107"
"STK 4172 II";"107046";NULL;NULL;"2023-09-06 12:44:26";"2023-09-06 12:44:26";"107"
"STK 4181 II";"107047";NULL;NULL;"2023-09-06 12:44:26";"2023-09-06 12:44:26";"107"
"STK 4182 II";"107048";NULL;NULL;"2023-09-06 12:44:26";"2023-09-06 12:44:26";"107"
"STK 419-150";"107049";NULL;NULL;"2023-09-06 12:44:26";"2023-09-06 12:44:26";"107"
"STK 4191 II";"107050";NULL;NULL;"2023-09-06 12:44:26";"2023-09-06 12:44:26";"107"
"STK 4191 V";"107051";NULL;NULL;"2023-09-06 12:44:26";"2023-09-06 12:44:26";"107"
"STK 4192 II";"107052";NULL;NULL;"2023-09-06 12:44:26";"2023-09-06 12:44:26";"107"
"STK 4201 II";"107053";NULL;NULL;"2023-09-06 12:44:26";"2023-09-06 12:44:26";"107"
"STK 4231 II";"107054";NULL;NULL;"2023-09-06 12:44:26";"2023-09-06 12:44:26";"107"
"STK 4231 V";"107055";NULL;NULL;"2023-09-06 12:44:26";"2023-09-06 12:44:26";"107"
"STK 4241 V";"107056";NULL;NULL;"2023-09-06 12:44:26";"2023-09-06 12:44:26";"107"
"STK 4311";"107057";NULL;NULL;"2023-09-06 12:44:26";"2023-09-06 12:44:26";"107"
"STK 433";"107058";NULL;NULL;"2023-09-06 12:44:26";"2023-09-06 12:44:26";"107"
"STK 4352";"107059";NULL;NULL;"2023-09-06 12:44:26";"2023-09-06 12:44:26";"107"
"STK 436";"107060";NULL;NULL;"2023-09-06 12:44:26";"2023-09-06 12:44:26";"107"
"STK 4392";"107061";NULL;NULL;"2023-09-06 12:44:26";"2023-09-06 12:44:26";"107"
"STK 441";"107062";NULL;NULL;"2023-09-06 12:44:26";"2023-09-06 12:44:26";"107"
"STK 443";"107063";NULL;NULL;"2023-09-06 12:44:26";"2023-09-06 12:44:26";"107"
"STK 457";"107064";NULL;NULL;"2023-09-06 12:44:26";"2023-09-06 12:44:26";"107"
"STK 459";"107065";NULL;NULL;"2023-09-06 12:44:26";"2023-09-06 12:44:26";"107"
"STK 460";"107066";NULL;NULL;"2023-09-06 12:44:26";"2023-09-06 12:44:26";"107"
"STK 461";"107067";NULL;NULL;"2023-09-06 12:44:26";"2023-09-06 12:44:26";"107"
"STK 463";"107068";NULL;NULL;"2023-09-06 12:44:26";"2023-09-06 12:44:26";"107"
"STK 465";"107069";NULL;NULL;"2023-09-06 12:44:26";"2023-09-06 12:44:26";"107"
"STK 4853";"107070";NULL;NULL;"2023-09-06 12:44:26";"2023-09-06 12:44:26";"107"
"STK 4893";"107071";NULL;NULL;"2023-09-06 12:44:26";"2023-09-06 12:44:26";"107"
"STK 4913";"107072";NULL;NULL;"2023-09-06 12:44:26";"2023-09-06 12:44:26";"107"
"STK 5325";"107073";NULL;NULL;"2023-09-06 12:44:26";"2023-09-06 12:44:26";"107"
"STK 5333";"107074";NULL;NULL;"2023-09-06 12:44:26";"2023-09-06 12:44:26";"107"
"STK 5342";"107075";NULL;NULL;"2023-09-06 12:44:26";"2023-09-06 12:44:26";"107"
"STK 5343";"107076";NULL;NULL;"2023-09-06 12:44:26";"2023-09-06 12:44:26";"107"
"STK 5372";"107077";NULL;NULL;"2023-09-06 12:44:26";"2023-09-06 12:44:26";"107"
"STK 5422";"107078";NULL;NULL;"2023-09-06 12:44:27";"2023-09-06 12:44:27";"107"
"STK 5481";"107079";NULL;NULL;"2023-09-06 12:44:27";"2023-09-06 12:44:27";"107"
"STK 5490";"107080";NULL;NULL;"2023-09-06 12:44:27";"2023-09-06 12:44:27";"107"
"STK 6759";"107081";NULL;NULL;"2023-09-06 12:44:27";"2023-09-06 12:44:27";"107"
"STK 730-060";"107082";NULL;NULL;"2023-09-06 12:44:27";"2023-09-06 12:44:27";"107"
"STK 730-080";"107083";NULL;NULL;"2023-09-06 12:44:27";"2023-09-06 12:44:27";"107"
"STK 7308";"107084";NULL;NULL;"2023-09-06 12:44:27";"2023-09-06 12:44:27";"107"
"STK 73605";"107085";NULL;NULL;"2023-09-06 12:44:27";"2023-09-06 12:44:27";"107"
"STR 10006";"108012";NULL;NULL;"2023-09-06 12:44:27";"2023-09-06 12:44:27";"108"
"STR 11006";"108013";NULL;NULL;"2023-09-06 12:44:27";"2023-09-06 12:44:27";"108"
"STR 1806";"108014";NULL;NULL;"2023-09-06 12:44:27";"2023-09-06 12:44:27";"108"
"STR 30125";"108015";NULL;NULL;"2023-09-06 12:44:27";"2023-09-06 12:44:27";"108"
"STR 3105";"108016";NULL;NULL;"2023-09-06 12:44:27";"2023-09-06 12:44:27";"108"
"STR 40090";"108017";NULL;NULL;"2023-09-06 12:44:27";"2023-09-06 12:44:27";"108"
"STR 40115";"108018";NULL;NULL;"2023-09-06 12:44:27";"2023-09-06 12:44:27";"108"
"STR 4090";"108019";NULL;NULL;"2023-09-06 12:44:27";"2023-09-06 12:44:27";"108"
"STR 41090";"108020";NULL;NULL;"2023-09-06 12:44:27";"2023-09-06 12:44:27";"108"
"STR 440";"108021";NULL;NULL;"2023-09-06 12:44:27";"2023-09-06 12:44:27";"108"
"STR 44115";"108022";NULL;NULL;"2023-09-06 12:44:27";"2023-09-06 12:44:27";"108"
"STR 4412";"108023";NULL;NULL;"2023-09-06 12:44:27";"2023-09-06 12:44:27";"108"
"STR 450";"108024";NULL;NULL;"2023-09-06 12:44:27";"2023-09-06 12:44:27";"108"
"STR 451";"108025";NULL;NULL;"2023-09-06 12:44:27";"2023-09-06 12:44:27";"108"
"STR 4512";"108026";NULL;NULL;"2023-09-06 12:44:27";"2023-09-06 12:44:27";"108"
"STR 455";"108027";NULL;NULL;"2023-09-06 12:44:27";"2023-09-06 12:44:27";"108"
"STR 456";"108028";NULL;NULL;"2023-09-06 12:44:27";"2023-09-06 12:44:27";"108"
"STR 463";"108029";NULL;NULL;"2023-09-06 12:44:27";"2023-09-06 12:44:27";"108"
"STR 50092";"108030";NULL;NULL;"2023-09-06 12:44:27";"2023-09-06 12:44:27";"108"
"STR 50103";"108031";NULL;NULL;"2023-09-06 12:44:27";"2023-09-06 12:44:27";"108"
"STR 50113";"108032";NULL;NULL;"2023-09-06 12:44:27";"2023-09-06 12:44:27";"108"
"STR 50115";"108033";NULL;NULL;"2023-09-06 12:44:27";"2023-09-06 12:44:27";"108"
"STR 50213";"108034";NULL;NULL;"2023-09-06 12:44:27";"2023-09-06 12:44:27";"108"
"STR 5325";"108035";NULL;NULL;"2023-09-06 12:44:27";"2023-09-06 12:44:27";"108"
"STR 54041";"108036";NULL;NULL;"2023-09-06 12:44:27";"2023-09-06 12:44:27";"108"
"STR 5412";"108037";NULL;NULL;"2023-09-06 12:44:27";"2023-09-06 12:44:27";"108"
"STR 5481";"108038";NULL;NULL;"2023-09-06 12:44:27";"2023-09-06 12:44:27";"108"
"STR 56041";"108039";NULL;NULL;"2023-09-06 12:44:27";"2023-09-06 12:44:27";"108"
"STR 5653";"108040";NULL;NULL;"2023-09-06 12:44:27";"2023-09-06 12:44:27";"108"
"STR 5670";"108041";NULL;NULL;"2023-09-06 12:44:27";"2023-09-06 12:44:27";"108"
"STR 5707";"108042";NULL;NULL;"2023-09-06 12:44:27";"2023-09-06 12:44:27";"108"
"STR 58041";"108043";NULL;NULL;"2023-09-06 12:44:27";"2023-09-06 12:44:27";"108"
"STR 59041";"108044";NULL;NULL;"2023-09-06 12:44:27";"2023-09-06 12:44:27";"108"
"STR 5941";"108045";NULL;NULL;"2023-09-06 12:44:27";"2023-09-06 12:44:27";"108"
"STR 6020";"108046";NULL;NULL;"2023-09-06 12:44:27";"2023-09-06 12:44:27";"108"
"STR 6052";"108047";NULL;NULL;"2023-09-06 12:44:27";"2023-09-06 12:44:27";"108"
"STR 6055";"108048";NULL;NULL;"2023-09-06 12:44:27";"2023-09-06 12:44:27";"108"
"STR 6175";"215259";NULL;NULL;"2023-09-06 12:44:47";"2023-09-06 12:44:47";"215"
"STR 6251";"108049";NULL;NULL;"2023-09-06 12:44:27";"2023-09-06 12:44:27";"108"
"STR 6352";"108050";NULL;NULL;"2023-09-06 12:44:27";"2023-09-06 12:44:27";"108"
"STR 6553";"215258";NULL;NULL;"2023-09-06 12:44:47";"2023-09-06 12:44:47";"215"
"STR 6654";"108051";NULL;NULL;"2023-09-06 12:44:27";"2023-09-06 12:44:27";"108"
"STR 6656";"108010";NULL;NULL;"2023-09-06 12:44:21";"2023-09-06 12:44:21";"108"
"STR 6707";"108052";NULL;NULL;"2023-09-06 12:44:27";"2023-09-06 12:44:27";"108"
"STR 6708";"108053";NULL;NULL;"2023-09-06 12:44:27";"2023-09-06 12:44:27";"108"
"STR 6757";"108054";NULL;NULL;"2023-09-06 12:44:27";"2023-09-06 12:44:27";"108"
"STR 6765";"108055";NULL;NULL;"2023-09-06 12:44:27";"2023-09-06 12:44:27";"108"
"STR 6853";"108056";NULL;NULL;"2023-09-06 12:44:27";"2023-09-06 12:44:27";"108"
"STR 80145";"108057";NULL;NULL;"2023-09-06 12:44:27";"2023-09-06 12:44:27";"108"
"STR 83115";"108058";NULL;NULL;"2023-09-06 12:44:27";"2023-09-06 12:44:27";"108"
"STR D5441";"108059";NULL;NULL;"2023-09-06 12:44:28";"2023-09-06 12:44:28";"108"
"STR D5541";"108060";NULL;NULL;"2023-09-06 12:44:28";"2023-09-06 12:44:28";"108"
"STR D6601";"108061";NULL;NULL;"2023-09-06 12:44:28";"2023-09-06 12:44:28";"108"
"STR D6802";"108062";NULL;NULL;"2023-09-06 12:44:28";"2023-09-06 12:44:28";"108"
"STR F54041";"108063";NULL;NULL;"2023-09-06 12:44:28";"2023-09-06 12:44:28";"108"
"STR F5652";"108064";NULL;NULL;"2023-09-06 12:44:28";"2023-09-06 12:44:28";"108"
"STR F5653";"108065";NULL;NULL;"2023-09-06 12:44:28";"2023-09-06 12:44:28";"108"
"STR F5707";"108066";NULL;NULL;"2023-09-06 12:44:28";"2023-09-06 12:44:28";"108"
"STR F58041";"108067";NULL;NULL;"2023-09-06 12:44:28";"2023-09-06 12:44:28";"108"
"STR F6168";"108068";NULL;NULL;"2023-09-06 12:44:28";"2023-09-06 12:44:28";"108"
"STR F6254";"108069";NULL;NULL;"2023-09-06 12:44:28";"2023-09-06 12:44:28";"108"
"STR F6257";"108070";NULL;NULL;"2023-09-06 12:44:28";"2023-09-06 12:44:28";"108"
"STR F6264";"108071";NULL;NULL;"2023-09-06 12:44:28";"2023-09-06 12:44:28";"108"
"STR F6267";"108072";NULL;NULL;"2023-09-06 12:44:28";"2023-09-06 12:44:28";"108"
"STR F6268";"108073";NULL;NULL;"2023-09-06 12:44:28";"2023-09-06 12:44:28";"108"
"STR F6352";"108074";NULL;NULL;"2023-09-06 12:44:28";"2023-09-06 12:44:28";"108"
"STR F6354";"108075";NULL;NULL;"2023-09-06 12:44:28";"2023-09-06 12:44:28";"108"
"STR F6454";"108076";NULL;NULL;"2023-09-06 12:44:28";"2023-09-06 12:44:28";"108"
"STR F6456";"108077";NULL;NULL;"2023-09-06 12:44:28";"2023-09-06 12:44:28";"108"
"STR F6556";"108078";NULL;NULL;"2023-09-06 12:44:28";"2023-09-06 12:44:28";"108"
"STR F6652";"108079";NULL;NULL;"2023-09-06 12:44:28";"2023-09-06 12:44:28";"108"
"STR F6653";"108080";NULL;NULL;"2023-09-06 12:44:28";"2023-09-06 12:44:28";"108"
"STR F6654";"108081";NULL;NULL;"2023-09-06 12:44:28";"2023-09-06 12:44:28";"108"
"STR F6656";"108082";NULL;NULL;"2023-09-06 12:44:28";"2023-09-06 12:44:28";"108"
"STR F6658";"108083";NULL;NULL;"2023-09-06 12:44:28";"2023-09-06 12:44:28";"108"
"STR F6668";"108084";NULL;NULL;"2023-09-06 12:44:28";"2023-09-06 12:44:28";"108"
"STR F6676";"108085";NULL;NULL;"2023-09-06 12:44:28";"2023-09-06 12:44:28";"108"
"STR F6706";"108086";NULL;NULL;"2023-09-06 12:44:28";"2023-09-06 12:44:28";"108"
"STR G5653";"108087";NULL;NULL;"2023-09-06 12:44:28";"2023-09-06 12:44:28";"108"
"STR G6151";"108088";NULL;NULL;"2023-09-06 12:44:28";"2023-09-06 12:44:28";"108"
"STR G6153";"108089";NULL;NULL;"2023-09-06 12:44:28";"2023-09-06 12:44:28";"108"
"STR G6352";"108090";NULL;NULL;"2023-09-06 12:44:28";"2023-09-06 12:44:28";"108"
"STR G6354";"108091";NULL;NULL;"2023-09-06 12:44:28";"2023-09-06 12:44:28";"108"
"STR G8656";"108092";NULL;NULL;"2023-09-06 12:44:28";"2023-09-06 12:44:28";"108"
"STR S5241";"108093";NULL;NULL;"2023-09-06 12:44:28";"2023-09-06 12:44:28";"108"
"STR S5707";"108094";NULL;NULL;"2023-09-06 12:44:28";"2023-09-06 12:44:28";"108"
"STR S6307";"108095";NULL;NULL;"2023-09-06 12:44:28";"2023-09-06 12:44:28";"108"
"STR S6707";"108096";NULL;NULL;"2023-09-06 12:44:28";"2023-09-06 12:44:28";"108"
"STR S6709";"108097";NULL;NULL;"2023-09-06 12:44:28";"2023-09-06 12:44:28";"108"
"STR W54051";"108098";NULL;NULL;"2023-09-06 12:44:28";"2023-09-06 12:44:28";"108"
"STR W5453";"108099";NULL;NULL;"2023-09-06 12:44:28";"2023-09-06 12:44:28";"108"
"STR W5455";"108100";NULL;NULL;"2023-09-06 12:44:28";"2023-09-06 12:44:28";"108"
"STR W5653";"108101";NULL;NULL;"2023-09-06 12:44:28";"2023-09-06 12:44:28";"108"
"STR W5753";"108102";NULL;NULL;"2023-09-06 12:44:28";"2023-09-06 12:44:28";"108"
"STR W6041";"108103";NULL;NULL;"2023-09-06 12:44:28";"2023-09-06 12:44:28";"108"
"STR W6051";"108104";NULL;NULL;"2023-09-06 12:44:28";"2023-09-06 12:44:28";"108"
"STR W6052";"108105";NULL;NULL;"2023-09-06 12:44:28";"2023-09-06 12:44:28";"108"
"STR W6253";"108106";NULL;NULL;"2023-09-06 12:44:28";"2023-09-06 12:44:28";"108"
"STR W6256";"108107";NULL;NULL;"2023-09-06 12:44:28";"2023-09-06 12:44:28";"108"
"STR W6262";"108108";NULL;NULL;"2023-09-06 12:44:29";"2023-09-06 12:44:29";"108"
"STR W6309";"108109";NULL;NULL;"2023-09-06 12:44:29";"2023-09-06 12:44:29";"108"
"STR W6553";"108110";NULL;NULL;"2023-09-06 12:44:29";"2023-09-06 12:44:29";"108"
"STR W6554";"108111";NULL;NULL;"2023-09-06 12:44:29";"2023-09-06 12:44:29";"108"
"STR W6750";"108112";NULL;NULL;"2023-09-06 12:44:29";"2023-09-06 12:44:29";"108"
"STR W6754";"108113";NULL;NULL;"2023-09-06 12:44:29";"2023-09-06 12:44:29";"108"
"STR W6756";"108114";NULL;NULL;"2023-09-06 12:44:29";"2023-09-06 12:44:29";"108"
"STR W6757";"108115";NULL;NULL;"2023-09-06 12:44:29";"2023-09-06 12:44:29";"108"
"STR W6763";"108116";NULL;NULL;"2023-09-06 12:44:29";"2023-09-06 12:44:29";"108"
"STR W6765";"108117";NULL;NULL;"2023-09-06 12:44:29";"2023-09-06 12:44:29";"108"
"STR W6850";"108118";NULL;NULL;"2023-09-06 12:44:29";"2023-09-06 12:44:29";"108"
"STR W6853";"108119";NULL;NULL;"2023-09-06 12:44:29";"2023-09-06 12:44:29";"108"
"STV 9306";"108120";NULL;NULL;"2023-09-06 12:44:29";"2023-09-06 12:44:29";"108"
"STV 9326";"108121";NULL;NULL;"2023-09-06 12:44:29";"2023-09-06 12:44:29";"108"
"STV 9327";"108122";NULL;NULL;"2023-09-06 12:44:29";"2023-09-06 12:44:29";"108"
"STV 9379";"108123";NULL;NULL;"2023-09-06 12:44:29";"2023-09-06 12:44:29";"108"
"STV 9380";"108124";NULL;NULL;"2023-09-06 12:44:29";"2023-09-06 12:44:29";"108"
"STZ 0107";"102706";NULL;NULL;"2023-12-12 03:21:38";"2023-12-12 03:21:38";"102"
"SUP FER A SOUDER ";"240015";NULL;NULL;"2023-09-06 12:44:25";"2023-09-06 12:44:25";"240"
"SUP LCD  LCD 14""-42"" ROTATIF 20KG";"215147";NULL;NULL;"2023-09-06 12:44:29";"2023-09-06 12:44:29";"215"
"SUP LCD LCD 23""-55"" ROTATIF  35KG";"215146";NULL;NULL;"2023-09-06 12:44:29";"2023-09-06 12:44:29";"215"
"SUP LCD/LED  LCD 32""-70""55KG";"215145";NULL;NULL;"2023-09-06 12:44:29";"2023-09-06 12:44:29";"215"
"SUP LCD/LED LCD 14""-37""40KG";"215148";NULL;NULL;"2023-09-06 12:44:29";"2023-09-06 12:44:29";"215"
"SUP LCD/LED LCD 14""-42""  25KG";"215144";NULL;NULL;"2023-09-06 12:44:29";"2023-09-06 12:44:29";"215"
"SUPLIME SOFTLAN 1L";"501042";NULL;NULL;"2023-09-06 14:58:54";"2023-09-06 14:58:54";"501"
"SUPORT CI 14PAT";"131002";NULL;NULL;"2023-09-06 12:44:29";"2023-09-06 12:44:29";"131"
"SUPORT CI 16PAT";"131003";NULL;NULL;"2023-09-06 12:44:29";"2023-09-06 12:44:29";"131"
"SUPORT CI 18PAT";"131004";NULL;NULL;"2023-09-06 12:44:29";"2023-09-06 12:44:29";"131"
"SUPORT CI 20PAT";"131005";NULL;NULL;"2023-09-06 12:44:29";"2023-09-06 12:44:29";"131"
"SUPORT CI 24PAT";"131006";NULL;NULL;"2023-09-06 12:44:29";"2023-09-06 12:44:29";"131"
"SUPORT CI 28PAT";"131001";NULL;NULL;"2023-09-06 12:44:29";"2023-09-06 12:44:29";"131"
"SUPORT CI 32PAT";"131007";NULL;NULL;"2023-09-06 12:44:29";"2023-09-06 12:44:29";"131"
"SUPORT CI 36PAT";"131008";NULL;NULL;"2023-09-06 12:44:29";"2023-09-06 12:44:29";"131"
"SUPORT CI 40PAT";"131009";NULL;NULL;"2023-09-06 12:44:30";"2023-09-06 12:44:30";"131"
"SUPORT CI 48PAT";"131010";NULL;NULL;"2023-09-06 12:44:30";"2023-09-06 12:44:30";"131"
"SUPORT CI 52PAT";"131011";NULL;NULL;"2023-09-06 12:44:30";"2023-09-06 12:44:30";"131"
"SUPORT CI 54PAT";"131012";NULL;NULL;"2023-09-06 12:44:30";"2023-09-06 12:44:30";"131"
"SUPORT CI 56PAT";"131013";NULL;NULL;"2023-09-06 12:44:30";"2023-09-06 12:44:30";"131"
"SUPORT CI 64PAT";"131014";NULL;NULL;"2023-09-06 12:44:30";"2023-09-06 12:44:30";"131"
"SUPORT CI 8PAT";"131015";NULL;NULL;"2023-09-06 12:44:30";"2023-09-06 12:44:30";"131"
"SUPORT TV GM 14""_71""";"611001";NULL;NULL;"2023-09-06 14:58:55";"2023-09-06 14:58:55";"611"
"SURPRESSEUR 1000W 45M";"501075";NULL;NULL;"2023-09-06 14:58:55";"2023-09-06 14:58:55";"501"
"TA 1521";"132001";NULL;NULL;"2023-09-06 12:44:30";"2023-09-06 12:44:30";"132"
"TA 194";"132002";NULL;NULL;"2023-09-06 12:44:30";"2023-09-06 12:44:30";"132"
"TA 2003";"132003";NULL;NULL;"2023-09-06 12:44:30";"2023-09-06 12:44:30";"132"
"TA 2057";"132004";NULL;NULL;"2023-09-06 12:44:30";"2023-09-06 12:44:30";"132"
"TA 2068";"132005";NULL;NULL;"2023-09-06 12:44:30";"2023-09-06 12:44:30";"132"
"TA 2111";"132006";NULL;NULL;"2023-09-06 12:44:30";"2023-09-06 12:44:30";"132"
"TA 2113";"132007";NULL;NULL;"2023-09-06 12:44:30";"2023-09-06 12:44:30";"132"
"TA 2206";"132008";NULL;NULL;"2023-09-06 12:44:30";"2023-09-06 12:44:30";"132"
"TA 7205";"132009";NULL;NULL;"2023-09-06 12:44:30";"2023-09-06 12:44:30";"132"
"TA 7222";"132010";NULL;NULL;"2023-09-06 12:44:30";"2023-09-06 12:44:30";"132"
"TA 7225";"132011";NULL;NULL;"2023-09-06 12:44:30";"2023-09-06 12:44:30";"132"
"TA 7229";"132012";NULL;NULL;"2023-09-06 12:44:30";"2023-09-06 12:44:30";"132"
"TA 7230";"132013";NULL;NULL;"2023-09-06 12:44:30";"2023-09-06 12:44:30";"132"
"TA 7232";"132014";NULL;NULL;"2023-09-06 12:44:30";"2023-09-06 12:44:30";"132"
"TA 7233";"132015";NULL;NULL;"2023-09-06 12:44:30";"2023-09-06 12:44:30";"132"
"TA 7242";"132016";NULL;NULL;"2023-09-06 12:44:30";"2023-09-06 12:44:30";"132"
"TA 7248";"132017";NULL;NULL;"2023-09-06 12:44:30";"2023-09-06 12:44:30";"132"
"TA 7250";"132018";NULL;NULL;"2023-09-06 12:44:30";"2023-09-06 12:44:30";"132"
"TA 7251";"132019";NULL;NULL;"2023-09-06 12:44:30";"2023-09-06 12:44:30";"132"
"TA 7257";"132020";NULL;NULL;"2023-09-06 12:44:30";"2023-09-06 12:44:30";"132"
"TA 7264";"132021";NULL;NULL;"2023-09-06 12:44:30";"2023-09-06 12:44:30";"132"
"TA 7267";"132022";NULL;NULL;"2023-09-06 12:44:30";"2023-09-06 12:44:30";"132"
"TA 7269";"132023";NULL;NULL;"2023-09-06 12:44:30";"2023-09-06 12:44:30";"132"
"TA 7270";"132024";NULL;NULL;"2023-09-06 12:44:30";"2023-09-06 12:44:30";"132"
"TA 7271";"132025";NULL;NULL;"2023-09-06 12:44:30";"2023-09-06 12:44:30";"132"
"TA 7272";"132026";NULL;NULL;"2023-09-06 12:44:30";"2023-09-06 12:44:30";"132"
"TA 7274";"132027";NULL;NULL;"2023-09-06 12:44:30";"2023-09-06 12:44:30";"132"
"TA 7279";"132028";NULL;NULL;"2023-09-06 12:44:30";"2023-09-06 12:44:30";"132"
"TA 7280";"132029";NULL;NULL;"2023-09-06 12:44:30";"2023-09-06 12:44:30";"132"
"TA 7281";"132030";NULL;NULL;"2023-09-06 12:44:30";"2023-09-06 12:44:30";"132"
"TA 7282";"132031";NULL;NULL;"2023-09-06 12:44:30";"2023-09-06 12:44:30";"132"
"TA 7283";"132032";NULL;NULL;"2023-09-06 12:44:30";"2023-09-06 12:44:30";"132"
"TA 7288";"132033";NULL;NULL;"2023-09-06 12:44:30";"2023-09-06 12:44:30";"132"
"TA 7291";"132034";NULL;NULL;"2023-09-06 12:44:30";"2023-09-06 12:44:30";"132"
"TA 7299";"132035";NULL;NULL;"2023-09-06 12:44:31";"2023-09-06 12:44:31";"132"
"TA 7303";"132036";NULL;NULL;"2023-09-06 12:44:31";"2023-09-06 12:44:31";"132"
"TA 7313";"132037";NULL;NULL;"2023-09-06 12:44:31";"2023-09-06 12:44:31";"132"
"TA 7317";"132038";NULL;NULL;"2023-09-06 12:44:31";"2023-09-06 12:44:31";"132"
"TA 7335";"132039";NULL;NULL;"2023-09-06 12:44:31";"2023-09-06 12:44:31";"132"
"TA 7343";"132040";NULL;NULL;"2023-09-06 12:44:31";"2023-09-06 12:44:31";"132"
"TA 7348";"132041";NULL;NULL;"2023-09-06 12:44:31";"2023-09-06 12:44:31";"132"
"TA 7368";"132042";NULL;NULL;"2023-09-06 12:44:31";"2023-09-06 12:44:31";"132"
"TA 7378";"132043";NULL;NULL;"2023-09-06 12:44:31";"2023-09-06 12:44:31";"132"
"TA 7417";"132044";NULL;NULL;"2023-09-06 12:44:31";"2023-09-06 12:44:31";"132"
"TA 75393";"132045";NULL;NULL;"2023-09-06 12:44:31";"2023-09-06 12:44:31";"132"
"TA 7604";"132046";NULL;NULL;"2023-09-06 12:44:31";"2023-09-06 12:44:31";"132"
"TA 7607";"132047";NULL;NULL;"2023-09-06 12:44:31";"2023-09-06 12:44:31";"132"
"TA 7609";"132048";NULL;NULL;"2023-09-06 12:44:31";"2023-09-06 12:44:31";"132"
"TA 7611";"132049";NULL;NULL;"2023-09-06 12:44:31";"2023-09-06 12:44:31";"132"
"TA 7613";"132050";NULL;NULL;"2023-09-06 12:44:31";"2023-09-06 12:44:31";"132"
"TA 7614";"132051";NULL;NULL;"2023-09-06 12:44:31";"2023-09-06 12:44:31";"132"
"TA 7621";"132052";NULL;NULL;"2023-09-06 12:44:31";"2023-09-06 12:44:31";"132"
"TA 7622";"132053";NULL;NULL;"2023-09-06 12:44:31";"2023-09-06 12:44:31";"132"
"TA 7625";"132054";NULL;NULL;"2023-09-06 12:44:31";"2023-09-06 12:44:31";"132"
"TA 7628";"132055";NULL;NULL;"2023-09-06 12:44:31";"2023-09-06 12:44:31";"132"
"TA 7629";"132056";NULL;NULL;"2023-09-06 12:44:31";"2023-09-06 12:44:31";"132"
"TA 7630";"132057";NULL;NULL;"2023-09-06 12:44:31";"2023-09-06 12:44:31";"132"
"TA 7634";"132058";NULL;NULL;"2023-09-06 12:44:31";"2023-09-06 12:44:31";"132"
"TA 7640";"132059";NULL;NULL;"2023-09-06 12:44:31";"2023-09-06 12:44:31";"132"
"TA 7668";"132060";NULL;NULL;"2023-09-06 12:44:31";"2023-09-06 12:44:31";"132"
"TA 7680";"132061";NULL;NULL;"2023-09-06 12:44:31";"2023-09-06 12:44:31";"132"
"TA 7698";"132062";NULL;NULL;"2023-09-06 12:44:31";"2023-09-06 12:44:31";"132"
"TA 7705";"132063";NULL;NULL;"2023-09-06 12:44:31";"2023-09-06 12:44:31";"132"
"TA 7750";"132064";NULL;NULL;"2023-09-06 12:44:31";"2023-09-06 12:44:31";"132"
"TA 7764";"132065";NULL;NULL;"2023-09-06 12:44:31";"2023-09-06 12:44:31";"132"
"TA 7769";"132066";NULL;NULL;"2023-09-06 12:44:31";"2023-09-06 12:44:31";"132"
"TA 7778";"132067";NULL;NULL;"2023-09-06 12:44:31";"2023-09-06 12:44:31";"132"
"TA 7784";"132068";NULL;NULL;"2023-09-06 12:44:31";"2023-09-06 12:44:31";"132"
"TA 7808";"132069";NULL;NULL;"2023-09-06 12:44:31";"2023-09-06 12:44:31";"132"
"TA 8100";"132070";NULL;NULL;"2023-09-06 12:44:31";"2023-09-06 12:44:31";"132"
"TA 8102";"132071";NULL;NULL;"2023-09-06 12:44:31";"2023-09-06 12:44:31";"132"
"TA 8127";"132072";NULL;NULL;"2023-09-06 12:44:31";"2023-09-06 12:44:31";"132"
"TA 8132";"132073";NULL;NULL;"2023-09-06 12:44:31";"2023-09-06 12:44:31";"132"
"TA 8164";"132074";NULL;NULL;"2023-09-06 12:44:31";"2023-09-06 12:44:31";"132"
"TA 8176";"132075";NULL;NULL;"2023-09-06 12:44:31";"2023-09-06 12:44:31";"132"
"TA 8187";"132076";NULL;NULL;"2023-09-06 12:44:31";"2023-09-06 12:44:31";"132"
"TA 8189";"132077";NULL;NULL;"2023-09-06 12:44:31";"2023-09-06 12:44:31";"132"
"TA 8200";"132078";NULL;NULL;"2023-09-06 12:44:31";"2023-09-06 12:44:31";"132"
"TA 8201";"132079";NULL;NULL;"2023-09-06 12:44:31";"2023-09-06 12:44:31";"132"
"TA 8202";"132080";NULL;NULL;"2023-09-06 12:44:31";"2023-09-06 12:44:31";"132"
"TA 8205";"132081";NULL;NULL;"2023-09-06 12:44:31";"2023-09-06 12:44:31";"132"
"TA 8207";"132082";NULL;NULL;"2023-09-06 12:44:31";"2023-09-06 12:44:31";"132"
"TA 8210";"132083";NULL;NULL;"2023-09-06 12:44:31";"2023-09-06 12:44:31";"132"
"TA 8211";"132084";NULL;NULL;"2023-09-06 12:44:31";"2023-09-06 12:44:31";"132"
"TA 8214";"132085";NULL;NULL;"2023-09-06 12:44:31";"2023-09-06 12:44:31";"132"
"TA 8215";"132086";NULL;NULL;"2023-09-06 12:44:32";"2023-09-06 12:44:32";"132"
"TA 8216";"132087";NULL;NULL;"2023-09-06 12:44:32";"2023-09-06 12:44:32";"132"
"TA 8217";"132088";NULL;NULL;"2023-09-06 12:44:32";"2023-09-06 12:44:32";"132"
"TA 8220";"132089";NULL;NULL;"2023-09-06 12:44:32";"2023-09-06 12:44:32";"132"
"TA 8221";"132090";NULL;NULL;"2023-09-06 12:44:32";"2023-09-06 12:44:32";"132"
"TA 8223";"132091";NULL;NULL;"2023-09-06 12:44:32";"2023-09-06 12:44:32";"132"
"TA 8225";"132092";NULL;NULL;"2023-09-06 12:44:32";"2023-09-06 12:44:32";"132"
"TA 8227";"132093";NULL;NULL;"2023-09-06 12:44:32";"2023-09-06 12:44:32";"132"
"TA 8229";"132094";NULL;NULL;"2023-09-06 12:44:32";"2023-09-06 12:44:32";"132"
"TA 8232";"132095";NULL;NULL;"2023-09-06 12:44:32";"2023-09-06 12:44:32";"132"
"TA 8238";"132096";NULL;NULL;"2023-09-06 12:44:32";"2023-09-06 12:44:32";"132"
"TA 8239";"132097";NULL;NULL;"2023-09-06 12:44:32";"2023-09-06 12:44:32";"132"
"TA 8251";"132098";NULL;NULL;"2023-09-06 12:44:32";"2023-09-06 12:44:32";"132"
"TA 8256";"132099";NULL;NULL;"2023-09-06 12:44:32";"2023-09-06 12:44:32";"132"
"TA 8263";"132100";NULL;NULL;"2023-09-06 12:44:32";"2023-09-06 12:44:32";"132"
"TA 8400";"132101";NULL;NULL;"2023-09-06 12:44:32";"2023-09-06 12:44:32";"132"
"TA 8403";"132102";NULL;NULL;"2023-09-06 12:44:32";"2023-09-06 12:44:32";"132"
"TA 8405";"132103";NULL;NULL;"2023-09-06 12:44:32";"2023-09-06 12:44:32";"132"
"TA 8406";"132104";NULL;NULL;"2023-09-06 12:44:32";"2023-09-06 12:44:32";"132"
"TA 8409";"132105";NULL;NULL;"2023-09-06 12:44:32";"2023-09-06 12:44:32";"132"
"TA 8410";"132106";NULL;NULL;"2023-09-06 12:44:32";"2023-09-06 12:44:32";"132"
"TA 8427";"132107";NULL;NULL;"2023-09-06 12:44:32";"2023-09-06 12:44:32";"132"
"TA 8432";"132108";NULL;NULL;"2023-09-06 12:44:32";"2023-09-06 12:44:32";"132"
"TA 8445";"132109";NULL;NULL;"2023-09-06 12:44:32";"2023-09-06 12:44:32";"132"
"TA 8632";"132110";NULL;NULL;"2023-09-06 12:44:32";"2023-09-06 12:44:32";"132"
"TA 8644";"132111";NULL;NULL;"2023-09-06 12:44:32";"2023-09-06 12:44:32";"132"
"TA 8652";"132112";NULL;NULL;"2023-09-06 12:44:32";"2023-09-06 12:44:32";"132"
"TA 8654";"132113";NULL;NULL;"2023-09-06 12:44:32";"2023-09-06 12:44:32";"132"
"TA 8659";"132114";NULL;NULL;"2023-09-06 12:44:32";"2023-09-06 12:44:32";"132"
"TA 8662";"132115";NULL;NULL;"2023-09-06 12:44:32";"2023-09-06 12:44:32";"132"
"TA 8690";"132116";NULL;NULL;"2023-09-06 12:44:32";"2023-09-06 12:44:32";"132"
"TA 8701";"132117";NULL;NULL;"2023-09-06 12:44:32";"2023-09-06 12:44:32";"132"
"TA 8710";"132118";NULL;NULL;"2023-09-06 12:44:32";"2023-09-06 12:44:32";"132"
"TA 8718";"132119";NULL;NULL;"2023-09-06 12:44:32";"2023-09-06 12:44:32";"132"
"TA 8750";"132120";NULL;NULL;"2023-09-06 12:44:32";"2023-09-06 12:44:32";"132"
"TA 8759";"132121";NULL;NULL;"2023-09-06 12:44:32";"2023-09-06 12:44:32";"132"
"TA 8867";"132122";NULL;NULL;"2023-09-06 12:44:32";"2023-09-06 12:44:32";"132"
"TA 8872";"132123";NULL;NULL;"2023-09-06 12:44:32";"2023-09-06 12:44:32";"132"
"TA 8892";"132124";NULL;NULL;"2023-09-06 12:44:32";"2023-09-06 12:44:32";"132"
"TAB BUREAU NAD 002";"701001";NULL;NULL;"2023-09-06 14:58:53";"2023-09-06 14:58:53";"701"
"TABE RONDE C37 PM";"701004";NULL;NULL;"2023-09-06 14:59:01";"2023-09-06 14:59:01";"701"
"TABLE A REPASER BROC";"501078";NULL;NULL;"2023-09-06 14:58:55";"2023-09-06 14:58:55";"501"
"TABLE A REPASSER KARIMO";"501018";NULL;NULL;"2023-09-06 14:58:53";"2023-09-06 14:58:53";"501"
"TABLE BROC 01";"701011";NULL;NULL;"2023-09-06 14:59:02";"2023-09-06 14:59:02";"701"
"TABLE BROC 02";"701012";NULL;NULL;"2023-09-06 14:59:02";"2023-09-06 14:59:02";"701"
"TABLE BROC 08";"701010";NULL;NULL;"2023-09-06 14:59:02";"2023-09-06 14:59:02";"701"
"TABLE BUREAU NAD F123";"701015";NULL;NULL;"2023-09-06 14:59:02";"2023-09-06 14:59:02";"701"
"TABLE BUREAU VITREE";"701008";NULL;NULL;"2023-09-06 14:59:02";"2023-09-06 14:59:02";"701"
"TABLE DE BUREAU DG";"701013";NULL;NULL;"2023-09-06 14:59:02";"2023-09-06 14:59:02";"701"
"TABLE DE BUREAU NAD 001";"701007";NULL;NULL;"2023-09-06 14:59:02";"2023-09-06 14:59:02";"701"
"TABLE MASSAGE";"701005";NULL;NULL;"2023-09-06 14:59:01";"2023-09-06 14:59:01";"701"
"TABLE PLIANTE BLANCH";"701002";NULL;NULL;"2023-09-06 14:58:53";"2023-09-06 14:58:53";"701"
"TABLE ROND C37 GM";"701003";NULL;NULL;"2023-09-06 14:59:01";"2023-09-06 14:59:01";"701"
"TABLE SALLE A MANGER BROC 4PLS";"701006";NULL;NULL;"2023-09-06 14:59:02";"2023-09-06 14:59:02";"701"
"TABLE TV  MM VERRE BLC";"701009";NULL;NULL;"2023-09-06 14:59:02";"2023-09-06 14:59:02";"701"
"TABLE TV VERS FUMER";"701016";NULL;NULL;"2023-09-06 14:59:02";"2023-09-06 14:59:02";"701"
"TALE BROCANT PLIANTE";"701014";NULL;NULL;"2023-09-06 14:59:02";"2023-09-06 14:59:02";"701"
"TALLASO";"501024";NULL;NULL;"2023-09-06 14:58:53";"2023-09-06 14:58:53";"501"
"TAPIS 110 X100 ROUGE BLANC";"710002";NULL;NULL;"2023-09-06 14:59:02";"2023-09-06 14:59:02";"710"
"TAPIS 110X100 VIOLET";"710001";NULL;NULL;"2023-09-06 14:59:02";"2023-09-06 14:59:02";"710"
"TAPIS 2X220";"710012";NULL;NULL;"2023-09-06 14:59:02";"2023-09-06 14:59:02";"710"
"TAPIS 340X250";"710018";NULL;NULL;"2023-09-06 14:59:02";"2023-09-06 14:59:02";"710"
"TAPIS BROC 230X160";"710013";NULL;NULL;"2023-09-06 14:59:02";"2023-09-06 14:59:02";"710"
"TAPIS BROC 240X340";"710011";NULL;NULL;"2023-09-06 14:59:02";"2023-09-06 14:59:02";"710"
"TAPIS BROC 250X350";"710010";NULL;NULL;"2023-09-06 14:59:02";"2023-09-06 14:59:02";"710"
"TAPIS BROC 260X225";"710016";NULL;NULL;"2023-09-06 14:59:02";"2023-09-06 14:59:02";"710"
"TAPIS BROC 2X280";"710015";NULL;NULL;"2023-09-06 14:59:02";"2023-09-06 14:59:02";"710"
"TAPIS BROC 2X300";"710017";NULL;NULL;"2023-09-06 14:59:02";"2023-09-06 14:59:02";"710"
"TAPIS BROC 385X300";"710014";NULL;NULL;"2023-09-06 14:59:02";"2023-09-06 14:59:02";"710"
"TAPIS SHAGGY 120X170";"710007";NULL;NULL;"2023-09-06 14:59:02";"2023-09-06 14:59:02";"710"
"TAPIS SHAGGY 160X230";"710008";NULL;NULL;"2023-09-06 14:59:02";"2023-09-06 14:59:02";"710"
"TAPIS SHAGGY 180X280";"710009";NULL;NULL;"2023-09-06 14:59:02";"2023-09-06 14:59:02";"710"
"TAPIS SHORT 120X170";"710003";NULL;NULL;"2023-09-06 14:59:02";"2023-09-06 14:59:02";"710"
"TAPIS SHORT 150X200";"710004";NULL;NULL;"2023-09-06 14:59:02";"2023-09-06 14:59:02";"710"
"TAPIS SHORT 180X 250";"710005";NULL;NULL;"2023-09-06 14:59:02";"2023-09-06 14:59:02";"710"
"TAPIS SHORT 200X300";"710006";NULL;NULL;"2023-09-06 14:59:02";"2023-09-06 14:59:02";"710"
"TASS +SOUS TASS MARK";"501199";NULL;NULL;"2023-09-06 14:59:03";"2023-09-06 14:59:03";"501"
"TASS BLCH GM SR";"501198";NULL;NULL;"2023-09-06 14:59:03";"2023-09-06 14:59:03";"501"
"TASS PM";"501197";NULL;NULL;"2023-09-06 14:59:03";"2023-09-06 14:59:03";"501"
"TASS+SOUS TASS MARON";"501200";NULL;NULL;"2023-09-06 14:59:04";"2023-09-06 14:59:04";"501"
"TASTASS ET SOUS TASS BROCANE";"501230";NULL;NULL;"2023-09-06 14:59:04";"2023-09-06 14:59:04";"501"
"TDA 1010";"118003";NULL;NULL;"2023-09-06 12:44:32";"2023-09-06 12:44:32";"118"
"TDA 1011";"118004";NULL;NULL;"2023-09-06 12:44:32";"2023-09-06 12:44:32";"118"
"TDA 1013";"118005";NULL;NULL;"2023-09-06 12:44:32";"2023-09-06 12:44:32";"118"
"TDA 1014";"118006";NULL;NULL;"2023-09-06 12:44:32";"2023-09-06 12:44:32";"118"
"TDA 1015";"118007";NULL;NULL;"2023-09-06 12:44:32";"2023-09-06 12:44:32";"118"
"TDA 1020";"118008";NULL;NULL;"2023-09-06 12:44:32";"2023-09-06 12:44:32";"118"
"TDA 1029";"118009";NULL;NULL;"2023-09-06 12:44:32";"2023-09-06 12:44:32";"118"
"TDA 1037";"118010";NULL;NULL;"2023-09-06 12:44:32";"2023-09-06 12:44:32";"118"
"TDA 1083";"118011";NULL;NULL;"2023-09-06 12:44:32";"2023-09-06 12:44:32";"118"
"TDA 11105";"118012";NULL;NULL;"2023-09-06 12:44:32";"2023-09-06 12:44:32";"118"
"TDA 1170";"118013";NULL;NULL;"2023-09-06 12:44:32";"2023-09-06 12:44:32";"118"
"TDA 1220";"118014";NULL;NULL;"2023-09-06 12:44:32";"2023-09-06 12:44:32";"118"
"TDA 1270";"118015";NULL;NULL;"2023-09-06 12:44:32";"2023-09-06 12:44:32";"118"
"TDA 1296";"118016";NULL;NULL;"2023-09-06 12:44:32";"2023-09-06 12:44:32";"118"
"TDA 1510";"118017";NULL;NULL;"2023-09-06 12:44:33";"2023-09-06 12:44:33";"118"
"TDA 1514";"118018";NULL;NULL;"2023-09-06 12:44:33";"2023-09-06 12:44:33";"118"
"TDA 1515";"118019";NULL;NULL;"2023-09-06 12:44:33";"2023-09-06 12:44:33";"118"
"TDA 1516";"118020";NULL;NULL;"2023-09-06 12:44:33";"2023-09-06 12:44:33";"118"
"TDA 1517";"118021";NULL;NULL;"2023-09-06 12:44:33";"2023-09-06 12:44:33";"118"
"TDA 1518";"118022";NULL;NULL;"2023-09-06 12:44:33";"2023-09-06 12:44:33";"118"
"TDA 1519";"118023";NULL;NULL;"2023-09-06 12:44:33";"2023-09-06 12:44:33";"118"
"TDA 1521";"118024";NULL;NULL;"2023-09-06 12:44:33";"2023-09-06 12:44:33";"118"
"TDA 1524";"118025";NULL;NULL;"2023-09-06 12:44:33";"2023-09-06 12:44:33";"118"
"TDA 1533";"118026";NULL;NULL;"2023-09-06 12:44:33";"2023-09-06 12:44:33";"118"
"TDA 1554";"118027";NULL;NULL;"2023-09-06 12:44:33";"2023-09-06 12:44:33";"118"
"TDA 1555";"118028";NULL;NULL;"2023-09-06 12:44:33";"2023-09-06 12:44:33";"118"
"TDA 1557";"118029";NULL;NULL;"2023-09-06 12:44:33";"2023-09-06 12:44:33";"118"
"TDA 1558";"118030";NULL;NULL;"2023-09-06 12:44:33";"2023-09-06 12:44:33";"118"
"TDA 1562";"118031";NULL;NULL;"2023-09-06 12:44:33";"2023-09-06 12:44:33";"118"
"TDA 1574";"118032";NULL;NULL;"2023-09-06 12:44:33";"2023-09-06 12:44:33";"118"
"TDA 16018";"118033";NULL;NULL;"2023-09-06 12:44:33";"2023-09-06 12:44:33";"118"
"TDA 1670";"118034";NULL;NULL;"2023-09-06 12:44:33";"2023-09-06 12:44:33";"118"
"TDA 16846";"118035";NULL;NULL;"2023-09-06 12:44:33";"2023-09-06 12:44:33";"118"
"TDA 16847";"118036";NULL;NULL;"2023-09-06 12:44:33";"2023-09-06 12:44:33";"118"
"TDA 1770";"118037";NULL;NULL;"2023-09-06 12:44:33";"2023-09-06 12:44:33";"118"
"TDA 1771";"118038";NULL;NULL;"2023-09-06 12:44:33";"2023-09-06 12:44:33";"118"
"TDA 1870";"118039";NULL;NULL;"2023-09-06 12:44:33";"2023-09-06 12:44:33";"118"
"TDA 1904";"118040";NULL;NULL;"2023-09-06 12:44:33";"2023-09-06 12:44:33";"118"
"TDA 1905";"118041";NULL;NULL;"2023-09-06 12:44:33";"2023-09-06 12:44:33";"118"
"TDA 1940";"118042";NULL;NULL;"2023-09-06 12:44:33";"2023-09-06 12:44:33";"118"
"TDA 2002";"118043";NULL;NULL;"2023-09-06 12:44:33";"2023-09-06 12:44:33";"118"
"TDA 2003";"118044";NULL;NULL;"2023-09-06 12:44:33";"2023-09-06 12:44:33";"118"
"TDA 2004";"118045";NULL;NULL;"2023-09-06 12:44:33";"2023-09-06 12:44:33";"118"
"TDA 2005";"118046";NULL;NULL;"2023-09-06 12:44:33";"2023-09-06 12:44:33";"118"
"TDA 2006";"118047";NULL;NULL;"2023-09-06 12:44:33";"2023-09-06 12:44:33";"118"
"TDA 2007";"118048";NULL;NULL;"2023-09-06 12:44:33";"2023-09-06 12:44:33";"118"
"TDA 2008";"118049";NULL;NULL;"2023-09-06 12:44:33";"2023-09-06 12:44:33";"118"
"TDA 2009";"118050";NULL;NULL;"2023-09-06 12:44:33";"2023-09-06 12:44:33";"118"
"TDA 2019";"118051";NULL;NULL;"2023-09-06 12:44:33";"2023-09-06 12:44:33";"118"
"TDA 2020";"118052";NULL;NULL;"2023-09-06 12:44:33";"2023-09-06 12:44:33";"118"
"TDA 2030";"118053";NULL;NULL;"2023-09-06 12:44:33";"2023-09-06 12:44:33";"118"
"TDA 2040";"118054";NULL;NULL;"2023-09-06 12:44:33";"2023-09-06 12:44:33";"118"
"TDA 2050";"118055";NULL;NULL;"2023-09-06 12:44:33";"2023-09-06 12:44:33";"118"
"TDA 2052";"118056";NULL;NULL;"2023-09-06 12:44:33";"2023-09-06 12:44:33";"118"
"TDA 2148";"118057";NULL;NULL;"2023-09-06 12:44:33";"2023-09-06 12:44:33";"118"
"TDA 2320";"118058";NULL;NULL;"2023-09-06 12:44:33";"2023-09-06 12:44:33";"118"
"TDA 2450";"118059";NULL;NULL;"2023-09-06 12:44:33";"2023-09-06 12:44:33";"118"
"TDA 2510";"118060";NULL;NULL;"2023-09-06 12:44:33";"2023-09-06 12:44:33";"118"
"TDA 2520";"118061";NULL;NULL;"2023-09-06 12:44:33";"2023-09-06 12:44:33";"118"
"TDA 2521";"118062";NULL;NULL;"2023-09-06 12:44:33";"2023-09-06 12:44:33";"118"
"TDA 2522";"118063";NULL;NULL;"2023-09-06 12:44:33";"2023-09-06 12:44:33";"118"
"TDA 2540";"118064";NULL;NULL;"2023-09-06 12:44:33";"2023-09-06 12:44:33";"118"
"TDA 2541";"118065";NULL;NULL;"2023-09-06 12:44:33";"2023-09-06 12:44:33";"118"
"TDA 2545";"118066";NULL;NULL;"2023-09-06 12:44:33";"2023-09-06 12:44:33";"118"
"TDA 2549";"118067";NULL;NULL;"2023-09-06 12:44:33";"2023-09-06 12:44:33";"118"
"TDA 2560";"118068";NULL;NULL;"2023-09-06 12:44:33";"2023-09-06 12:44:33";"118"
"TDA 2571";"118069";NULL;NULL;"2023-09-06 12:44:33";"2023-09-06 12:44:33";"118"
"TDA 2577";"118070";NULL;NULL;"2023-09-06 12:44:34";"2023-09-06 12:44:34";"118"
"TDA 2578";"118071";NULL;NULL;"2023-09-06 12:44:34";"2023-09-06 12:44:34";"118"
"TDA 2579";"118072";NULL;NULL;"2023-09-06 12:44:34";"2023-09-06 12:44:34";"118"
"TDA 2581";"118073";NULL;NULL;"2023-09-06 12:44:34";"2023-09-06 12:44:34";"118"
"TDA 2585";"118074";NULL;NULL;"2023-09-06 12:44:34";"2023-09-06 12:44:34";"118"
"TDA 2591";"118075";NULL;NULL;"2023-09-06 12:44:34";"2023-09-06 12:44:34";"118"
"TDA 2593";"118076";NULL;NULL;"2023-09-06 12:44:34";"2023-09-06 12:44:34";"118"
"TDA 2611";"118077";NULL;NULL;"2023-09-06 12:44:34";"2023-09-06 12:44:34";"118"
"TDA 2612";"118078";NULL;NULL;"2023-09-06 12:44:34";"2023-09-06 12:44:34";"118"
"TDA 2613";"118079";NULL;NULL;"2023-09-06 12:44:34";"2023-09-06 12:44:34";"118"
"TDA 2614";"118080";NULL;NULL;"2023-09-06 12:44:34";"2023-09-06 12:44:34";"118"
"TDA 2615";"118081";NULL;NULL;"2023-09-06 12:44:34";"2023-09-06 12:44:34";"118"
"TDA 2616";"118082";NULL;NULL;"2023-09-06 12:44:34";"2023-09-06 12:44:34";"118"
"TDA 2640";"118083";NULL;NULL;"2023-09-06 12:44:34";"2023-09-06 12:44:34";"118"
"TDA 2653";"118084";NULL;NULL;"2023-09-06 12:44:34";"2023-09-06 12:44:34";"118"
"TDA 2658";"118085";NULL;NULL;"2023-09-06 12:44:34";"2023-09-06 12:44:34";"118"
"TDA 2800";"118086";NULL;NULL;"2023-09-06 12:44:34";"2023-09-06 12:44:34";"118"
"TDA 2822";"118087";NULL;NULL;"2023-09-06 12:44:34";"2023-09-06 12:44:34";"118"
"TDA 2824";"118088";NULL;NULL;"2023-09-06 12:44:34";"2023-09-06 12:44:34";"118"
"TDA 3300";"118089";NULL;NULL;"2023-09-06 12:44:34";"2023-09-06 12:44:34";"118"
"TDA 3500";"118090";NULL;NULL;"2023-09-06 12:44:34";"2023-09-06 12:44:34";"118"
"TDA 3504";"118091";NULL;NULL;"2023-09-06 12:44:34";"2023-09-06 12:44:34";"118"
"TDA 3505";"118092";NULL;NULL;"2023-09-06 12:44:34";"2023-09-06 12:44:34";"118"
"TDA 3506";"118093";NULL;NULL;"2023-09-06 12:44:34";"2023-09-06 12:44:34";"118"
"TDA 3510";"118094";NULL;NULL;"2023-09-06 12:44:34";"2023-09-06 12:44:34";"118"
"TDA 3541";"118095";NULL;NULL;"2023-09-06 12:44:34";"2023-09-06 12:44:34";"118"
"TDA 3560";"118096";NULL;NULL;"2023-09-06 12:44:34";"2023-09-06 12:44:34";"118"
"TDA 3561";"118097";NULL;NULL;"2023-09-06 12:44:34";"2023-09-06 12:44:34";"118"
"TDA 3562";"118098";NULL;NULL;"2023-09-06 12:44:34";"2023-09-06 12:44:34";"118"
"TDA 3565";"118099";NULL;NULL;"2023-09-06 12:44:34";"2023-09-06 12:44:34";"118"
"TDA 3566";"118100";NULL;NULL;"2023-09-06 12:44:34";"2023-09-06 12:44:34";"118"
"TDA 3590";"118101";NULL;NULL;"2023-09-06 12:44:34";"2023-09-06 12:44:34";"118"
"TDA 3602";"118102";NULL;NULL;"2023-09-06 12:44:34";"2023-09-06 12:44:34";"118"
"TDA 3651";"118103";NULL;NULL;"2023-09-06 12:44:34";"2023-09-06 12:44:34";"118"
"TDA 3652";"118104";NULL;NULL;"2023-09-06 12:44:34";"2023-09-06 12:44:34";"118"
"TDA 3653B";"118105";NULL;NULL;"2023-09-06 12:44:34";"2023-09-06 12:44:34";"118"
"TDA 3653C";"118106";NULL;NULL;"2023-09-06 12:44:34";"2023-09-06 12:44:34";"118"
"TDA 3654";"118107";NULL;NULL;"2023-09-06 12:44:34";"2023-09-06 12:44:34";"118"
"TDA 3827";"118108";NULL;NULL;"2023-09-06 12:44:34";"2023-09-06 12:44:34";"118"
"TDA 3843";"118109";NULL;NULL;"2023-09-06 12:44:34";"2023-09-06 12:44:34";"118"
"TDA 4190";"118110";NULL;NULL;"2023-09-06 12:44:34";"2023-09-06 12:44:34";"118"
"TDA 4420";"118111";NULL;NULL;"2023-09-06 12:44:34";"2023-09-06 12:44:34";"118"
"TDA 4430";"118112";NULL;NULL;"2023-09-06 12:44:34";"2023-09-06 12:44:34";"118"
"TDA 4433";"118113";NULL;NULL;"2023-09-06 12:44:34";"2023-09-06 12:44:34";"118"
"TDA 4440";"118114";NULL;NULL;"2023-09-06 12:44:34";"2023-09-06 12:44:34";"118"
"TDA 4442";"118115";NULL;NULL;"2023-09-06 12:44:34";"2023-09-06 12:44:34";"118"
"TDA 4445";"118116";NULL;NULL;"2023-09-06 12:44:34";"2023-09-06 12:44:34";"118"
"TDA 4453";"118117";NULL;NULL;"2023-09-06 12:44:34";"2023-09-06 12:44:34";"118"
"TDA 4500";"118118";NULL;NULL;"2023-09-06 12:44:34";"2023-09-06 12:44:34";"118"
"TDA 4501";"118119";NULL;NULL;"2023-09-06 12:44:34";"2023-09-06 12:44:34";"118"
"TDA 4504";"118120";NULL;NULL;"2023-09-06 12:44:34";"2023-09-06 12:44:34";"118"
"TDA 4505";"118121";NULL;NULL;"2023-09-06 12:44:34";"2023-09-06 12:44:34";"118"
"TDA 4510";"118122";NULL;NULL;"2023-09-06 12:44:35";"2023-09-06 12:44:35";"118"
"TDA 4555";"118123";NULL;NULL;"2023-09-06 12:44:35";"2023-09-06 12:44:35";"118"
"TDA 4556";"118124";NULL;NULL;"2023-09-06 12:44:35";"2023-09-06 12:44:35";"118"
"TDA 4565";"118125";NULL;NULL;"2023-09-06 12:44:35";"2023-09-06 12:44:35";"118"
"TDA 4580";"118126";NULL;NULL;"2023-09-06 12:44:35";"2023-09-06 12:44:35";"118"
"TDA 4600";"118127";NULL;NULL;"2023-09-06 12:44:35";"2023-09-06 12:44:35";"118"
"TDA 4601";"118128";NULL;NULL;"2023-09-06 12:44:35";"2023-09-06 12:44:35";"118"
"TDA 4605";"118129";NULL;NULL;"2023-09-06 12:44:35";"2023-09-06 12:44:35";"118"
"TDA 4650";"118130";NULL;NULL;"2023-09-06 12:44:35";"2023-09-06 12:44:35";"118"
"TDA 4661";"118131";NULL;NULL;"2023-09-06 12:44:35";"2023-09-06 12:44:35";"118"
"TDA 4665";"118132";NULL;NULL;"2023-09-06 12:44:35";"2023-09-06 12:44:35";"118"
"TDA 4680";"118133";NULL;NULL;"2023-09-06 12:44:35";"2023-09-06 12:44:35";"118"
"TDA 4708";"118134";NULL;NULL;"2023-09-06 12:44:35";"2023-09-06 12:44:35";"118"
"TDA 4863";"118135";NULL;NULL;"2023-09-06 12:44:35";"2023-09-06 12:44:35";"118"
"TDA 4864";"118136";NULL;NULL;"2023-09-06 12:44:35";"2023-09-06 12:44:35";"118"
"TDA 4865";"118137";NULL;NULL;"2023-09-06 12:44:35";"2023-09-06 12:44:35";"118"
"TDA 4866";"118138";NULL;NULL;"2023-09-06 12:44:35";"2023-09-06 12:44:35";"118"
"TDA 4950";"118139";NULL;NULL;"2023-09-06 12:44:35";"2023-09-06 12:44:35";"118"
"TDA 5708";"118140";NULL;NULL;"2023-09-06 12:44:35";"2023-09-06 12:44:35";"118"
"TDA 6101";"118141";NULL;NULL;"2023-09-06 12:44:35";"2023-09-06 12:44:35";"118"
"TDA 6103";"118142";NULL;NULL;"2023-09-06 12:44:35";"2023-09-06 12:44:35";"118"
"TDA 6106";"118143";NULL;NULL;"2023-09-06 12:44:35";"2023-09-06 12:44:35";"118"
"TDA 6107";"118144";NULL;NULL;"2023-09-06 12:44:35";"2023-09-06 12:44:35";"118"
"TDA 6108";"118145";NULL;NULL;"2023-09-06 12:44:35";"2023-09-06 12:44:35";"118"
"TDA 6200";"118146";NULL;NULL;"2023-09-06 12:44:35";"2023-09-06 12:44:35";"118"
"TDA 6600";"118147";NULL;NULL;"2023-09-06 12:44:35";"2023-09-06 12:44:35";"118"
"TDA 6610";"118148";NULL;NULL;"2023-09-06 12:44:35";"2023-09-06 12:44:35";"118"
"TDA 670A";"118149";NULL;NULL;"2023-09-06 12:44:35";"2023-09-06 12:44:35";"118"
"TDA 7050";"118150";NULL;NULL;"2023-09-06 12:44:35";"2023-09-06 12:44:35";"118"
"TDA 7052";"118151";NULL;NULL;"2023-09-06 12:44:35";"2023-09-06 12:44:35";"118"
"TDA 7056";"118152";NULL;NULL;"2023-09-06 12:44:35";"2023-09-06 12:44:35";"118"
"TDA 7057";"118153";NULL;NULL;"2023-09-06 12:44:35";"2023-09-06 12:44:35";"118"
"TDA 7073";"118154";NULL;NULL;"2023-09-06 12:44:35";"2023-09-06 12:44:35";"118"
"TDA 7235";"118155";NULL;NULL;"2023-09-06 12:44:35";"2023-09-06 12:44:35";"118"
"TDA 7240";"118156";NULL;NULL;"2023-09-06 12:44:35";"2023-09-06 12:44:35";"118"
"TDA 7245";"118157";NULL;NULL;"2023-09-06 12:44:35";"2023-09-06 12:44:35";"118"
"TDA 7253";"118158";NULL;NULL;"2023-09-06 12:44:35";"2023-09-06 12:44:35";"118"
"TDA 7255";"118159";NULL;NULL;"2023-09-06 12:44:35";"2023-09-06 12:44:35";"118"
"TDA 7262";"118160";NULL;NULL;"2023-09-06 12:44:35";"2023-09-06 12:44:35";"118"
"TDA 7263";"118161";NULL;NULL;"2023-09-06 12:44:35";"2023-09-06 12:44:35";"118"
"TDA 7265";"118162";NULL;NULL;"2023-09-06 12:44:35";"2023-09-06 12:44:35";"118"
"TDA 7266";"118163";NULL;NULL;"2023-09-06 12:44:35";"2023-09-06 12:44:35";"118"
"TDA 7267";"118164";NULL;NULL;"2023-09-06 12:44:35";"2023-09-06 12:44:35";"118"
"TDA 7269";"118165";NULL;NULL;"2023-09-06 12:44:35";"2023-09-06 12:44:35";"118"
"TDA 7270";"118166";NULL;NULL;"2023-09-06 12:44:35";"2023-09-06 12:44:35";"118"
"TDA 7271";"118167";NULL;NULL;"2023-09-06 12:44:35";"2023-09-06 12:44:35";"118"
"TDA 7272";"118168";NULL;NULL;"2023-09-06 12:44:35";"2023-09-06 12:44:35";"118"
"TDA 7273";"118169";NULL;NULL;"2023-09-06 12:44:35";"2023-09-06 12:44:35";"118"
"TDA 7274";"118170";NULL;NULL;"2023-09-06 12:44:35";"2023-09-06 12:44:35";"118"
"TDA 7275";"118171";NULL;NULL;"2023-09-06 12:44:35";"2023-09-06 12:44:35";"118"
"TDA 7279";"118172";NULL;NULL;"2023-09-06 12:44:35";"2023-09-06 12:44:35";"118"
"TDA 7282";"118173";NULL;NULL;"2023-09-06 12:44:35";"2023-09-06 12:44:35";"118"
"TDA 7283";"118174";NULL;NULL;"2023-09-06 12:44:35";"2023-09-06 12:44:35";"118"
"TDA 7285";"118175";NULL;NULL;"2023-09-06 12:44:35";"2023-09-06 12:44:35";"118"
"TDA 7292";"118176";NULL;NULL;"2023-09-06 12:44:36";"2023-09-06 12:44:36";"118"
"TDA 7294 ORD";"118177";NULL;NULL;"2023-09-06 12:44:36";"2023-09-06 12:44:36";"118"
"TDA 7295";"118179";NULL;NULL;"2023-09-06 12:44:36";"2023-09-06 12:44:36";"118"
"TDA 7296";"118180";NULL;NULL;"2023-09-06 12:44:36";"2023-09-06 12:44:36";"118"
"TDA 7297";"118181";NULL;NULL;"2023-09-06 12:44:36";"2023-09-06 12:44:36";"118"
"TDA 7313";"118182";NULL;NULL;"2023-09-06 12:44:36";"2023-09-06 12:44:36";"118"
"TDA 7350";"118183";NULL;NULL;"2023-09-06 12:44:36";"2023-09-06 12:44:36";"118"
"TDA 7375";"118184";NULL;NULL;"2023-09-06 12:44:36";"2023-09-06 12:44:36";"118"
"TDA 7377";"118185";NULL;NULL;"2023-09-06 12:44:36";"2023-09-06 12:44:36";"118"
"TDA 7379";"118186";NULL;NULL;"2023-09-06 12:44:36";"2023-09-06 12:44:36";"118"
"TDA 7388";"118187";NULL;NULL;"2023-09-06 12:44:36";"2023-09-06 12:44:36";"118"
"TDA 7393";"118188";NULL;NULL;"2023-09-06 12:44:36";"2023-09-06 12:44:36";"118"
"TDA 7394";"118189";NULL;NULL;"2023-09-06 12:44:36";"2023-09-06 12:44:36";"118"
"TDA 7399";"118190";NULL;NULL;"2023-09-06 12:44:36";"2023-09-06 12:44:36";"118"
"TDA 7494";"118191";NULL;NULL;"2023-09-06 12:44:36";"2023-09-06 12:44:36";"118"
"TDA 7494 ORG";"118178";NULL;NULL;"2023-09-06 12:44:36";"2023-09-06 12:44:36";"118"
"TDA 7496";"118192";NULL;NULL;"2023-09-06 12:44:36";"2023-09-06 12:44:36";"118"
"TDA 7577";"118193";NULL;NULL;"2023-09-06 12:44:36";"2023-09-06 12:44:36";"118"
"TDA 7988";"118194";NULL;NULL;"2023-09-06 12:44:36";"2023-09-06 12:44:36";"118"
"TDA 8115";"118195";NULL;NULL;"2023-09-06 12:44:36";"2023-09-06 12:44:36";"118"
"TDA 8136";"118196";NULL;NULL;"2023-09-06 12:44:36";"2023-09-06 12:44:36";"118"
"TDA 8137";"118197";NULL;NULL;"2023-09-06 12:44:36";"2023-09-06 12:44:36";"118"
"TDA 8138";"118198";NULL;NULL;"2023-09-06 12:44:36";"2023-09-06 12:44:36";"118"
"TDA 8139";"118199";NULL;NULL;"2023-09-06 12:44:36";"2023-09-06 12:44:36";"118"
"TDA 8140";"118200";NULL;NULL;"2023-09-06 12:44:36";"2023-09-06 12:44:36";"118"
"TDA 8143";"118201";NULL;NULL;"2023-09-06 12:44:36";"2023-09-06 12:44:36";"118"
"TDA 8145";"118202";NULL;NULL;"2023-09-06 12:44:36";"2023-09-06 12:44:36";"118"
"TDA 8153";"118203";NULL;NULL;"2023-09-06 12:44:36";"2023-09-06 12:44:36";"118"
"TDA 8170";"118204";NULL;NULL;"2023-09-06 12:44:36";"2023-09-06 12:44:36";"118"
"TDA 8172";"118205";NULL;NULL;"2023-09-06 12:44:36";"2023-09-06 12:44:36";"118"
"TDA 8174";"118206";NULL;NULL;"2023-09-06 12:44:36";"2023-09-06 12:44:36";"118"
"TDA 8175";"118207";NULL;NULL;"2023-09-06 12:44:36";"2023-09-06 12:44:36";"118"
"TDA 8177";"118208";NULL;NULL;"2023-09-06 12:44:36";"2023-09-06 12:44:36";"118"
"TDA 8178";"118209";NULL;NULL;"2023-09-06 12:44:36";"2023-09-06 12:44:36";"118"
"TDA 8185";"118210";NULL;NULL;"2023-09-06 12:44:36";"2023-09-06 12:44:36";"118"
"TDA 8190";"118211";NULL;NULL;"2023-09-06 12:44:36";"2023-09-06 12:44:36";"118"
"TDA 8192";"118212";NULL;NULL;"2023-09-06 12:44:36";"2023-09-06 12:44:36";"118"
"TDA 8215";"118213";NULL;NULL;"2023-09-06 12:44:36";"2023-09-06 12:44:36";"118"
"TDA 8216";"118214";NULL;NULL;"2023-09-06 12:44:36";"2023-09-06 12:44:36";"118"
"TDA 8217";"118215";NULL;NULL;"2023-09-06 12:44:36";"2023-09-06 12:44:36";"118"
"TDA 8222";"118216";NULL;NULL;"2023-09-06 12:44:36";"2023-09-06 12:44:36";"118"
"TDA 8227";"118217";NULL;NULL;"2023-09-06 12:44:36";"2023-09-06 12:44:36";"118"
"TDA 8305";"118218";NULL;NULL;"2023-09-06 12:44:36";"2023-09-06 12:44:36";"118"
"TDA 8350";"118219";NULL;NULL;"2023-09-06 12:44:36";"2023-09-06 12:44:36";"118"
"TDA 8351";"118220";NULL;NULL;"2023-09-06 12:44:36";"2023-09-06 12:44:36";"118"
"TDA 8356";"118221";NULL;NULL;"2023-09-06 12:44:36";"2023-09-06 12:44:36";"118"
"TDA 8357";"118222";NULL;NULL;"2023-09-06 12:44:36";"2023-09-06 12:44:36";"118"
"TDA 8358";"118223";NULL;NULL;"2023-09-06 12:44:36";"2023-09-06 12:44:36";"118"
"TDA 8359";"118224";NULL;NULL;"2023-09-06 12:44:36";"2023-09-06 12:44:36";"118"
"TDA 8361";"118225";NULL;NULL;"2023-09-06 12:44:36";"2023-09-06 12:44:36";"118"
"TDA 8362";"118226";NULL;NULL;"2023-09-06 12:44:36";"2023-09-06 12:44:36";"118"
"TDA 8366";"118227";NULL;NULL;"2023-09-06 12:44:36";"2023-09-06 12:44:36";"118"
"TDA 8370";"118228";NULL;NULL;"2023-09-06 12:44:36";"2023-09-06 12:44:36";"118"
"TDA 8374";"118229";NULL;NULL;"2023-09-06 12:44:37";"2023-09-06 12:44:37";"118"
"TDA 8375";"118230";NULL;NULL;"2023-09-06 12:44:37";"2023-09-06 12:44:37";"118"
"TDA 8380";"118231";NULL;NULL;"2023-09-06 12:44:37";"2023-09-06 12:44:37";"118"
"TDA 8390";"118232";NULL;NULL;"2023-09-06 12:44:37";"2023-09-06 12:44:37";"118"
"TDA 8395";"118233";NULL;NULL;"2023-09-06 12:44:37";"2023-09-06 12:44:37";"118"
"TDA 8405";"118234";NULL;NULL;"2023-09-06 12:44:37";"2023-09-06 12:44:37";"118"
"TDA 8425";"118235";NULL;NULL;"2023-09-06 12:44:37";"2023-09-06 12:44:37";"118"
"TDA 8442";"118236";NULL;NULL;"2023-09-06 12:44:37";"2023-09-06 12:44:37";"118"
"TDA 8444";"118237";NULL;NULL;"2023-09-06 12:44:37";"2023-09-06 12:44:37";"118"
"TDA 8451";"118238";NULL;NULL;"2023-09-06 12:44:37";"2023-09-06 12:44:37";"118"
"TDA 8452";"118239";NULL;NULL;"2023-09-06 12:44:37";"2023-09-06 12:44:37";"118"
"TDA 8490";"118240";NULL;NULL;"2023-09-06 12:44:37";"2023-09-06 12:44:37";"118"
"TDA 8496";"118241";NULL;NULL;"2023-09-06 12:44:37";"2023-09-06 12:44:37";"118"
"TDA 8560";"118242";NULL;NULL;"2023-09-06 12:44:37";"2023-09-06 12:44:37";"118"
"TDA 8563";"118243";NULL;NULL;"2023-09-06 12:44:37";"2023-09-06 12:44:37";"118"
"TDA 8571";"118244";NULL;NULL;"2023-09-06 12:44:37";"2023-09-06 12:44:37";"118"
"TDA 8840";"118245";NULL;NULL;"2023-09-06 12:44:37";"2023-09-06 12:44:37";"118"
"TDA 8842";"118246";NULL;NULL;"2023-09-06 12:44:37";"2023-09-06 12:44:37";"118"
"TDA 8843";"118247";NULL;NULL;"2023-09-06 12:44:37";"2023-09-06 12:44:37";"118"
"TDA 8844";"118248";NULL;NULL;"2023-09-06 12:44:37";"2023-09-06 12:44:37";"118"
"TDA 8862";"118249";NULL;NULL;"2023-09-06 12:44:37";"2023-09-06 12:44:37";"118"
"TDA 8920";"118250";NULL;NULL;"2023-09-06 12:44:37";"2023-09-06 12:44:37";"118"
"TDA 8943";"118251";NULL;NULL;"2023-09-06 12:44:37";"2023-09-06 12:44:37";"118"
"TDA 8944";"118252";NULL;NULL;"2023-09-06 12:44:37";"2023-09-06 12:44:37";"118"
"TDA 8946";"118253";NULL;NULL;"2023-09-06 12:44:37";"2023-09-06 12:44:37";"118"
"TDA 8947";"118254";NULL;NULL;"2023-09-06 12:44:37";"2023-09-06 12:44:37";"118"
"TDA 9102";"118255";NULL;NULL;"2023-09-06 12:44:37";"2023-09-06 12:44:37";"118"
"TDA 9302";"118256";NULL;NULL;"2023-09-06 12:44:37";"2023-09-06 12:44:37";"118"
"TDA 9341";"118257";NULL;NULL;"2023-09-06 12:44:37";"2023-09-06 12:44:37";"118"
"TDA 9361";"118258";NULL;NULL;"2023-09-06 12:44:37";"2023-09-06 12:44:37";"118"
"TDA 9381";"118259";NULL;NULL;"2023-09-06 12:44:37";"2023-09-06 12:44:37";"118"
"TEA 1014";"119001";NULL;NULL;"2023-09-06 12:44:37";"2023-09-06 12:44:37";"119"
"TEA 1039";"119002";NULL;NULL;"2023-09-06 12:44:37";"2023-09-06 12:44:37";"119"
"TEA 1507";"119003";NULL;NULL;"2023-09-06 12:44:37";"2023-09-06 12:44:37";"119"
"TEA 1520";"119004";NULL;NULL;"2023-09-06 12:44:37";"2023-09-06 12:44:37";"119"
"TEA 1522";"119005";NULL;NULL;"2023-09-06 12:44:37";"2023-09-06 12:44:37";"119"
"TEA 1523";"119006";NULL;NULL;"2023-09-06 12:44:37";"2023-09-06 12:44:37";"119"
"TEA 1533";"119007";NULL;NULL;"2023-09-06 12:44:37";"2023-09-06 12:44:37";"119"
"TEA 1620";"119008";NULL;NULL;"2023-09-06 12:44:37";"2023-09-06 12:44:37";"119"
"TEA 2014";"119009";NULL;NULL;"2023-09-06 12:44:37";"2023-09-06 12:44:37";"119"
"TEA 2015";"119010";NULL;NULL;"2023-09-06 12:44:37";"2023-09-06 12:44:37";"119"
"TEA 2018";"119011";NULL;NULL;"2023-09-06 12:44:37";"2023-09-06 12:44:37";"119"
"TEA 2019";"119012";NULL;NULL;"2023-09-06 12:44:37";"2023-09-06 12:44:37";"119"
"TEA 2025";"119013";NULL;NULL;"2023-09-06 12:44:37";"2023-09-06 12:44:37";"119"
"TEA 2029";"119014";NULL;NULL;"2023-09-06 12:44:37";"2023-09-06 12:44:37";"119"
"TEA 2031";"119015";NULL;NULL;"2023-09-06 12:44:37";"2023-09-06 12:44:37";"119"
"TEA 2114";"119016";NULL;NULL;"2023-09-06 12:44:37";"2023-09-06 12:44:37";"119"
"TEA 2164";"119017";NULL;NULL;"2023-09-06 12:44:37";"2023-09-06 12:44:37";"119"
"TEA 2261";"119018";NULL;NULL;"2023-09-06 12:44:37";"2023-09-06 12:44:37";"119"
"TEA 2262";"119019";NULL;NULL;"2023-09-06 12:44:37";"2023-09-06 12:44:37";"119"
"TEA 3717";"119020";NULL;NULL;"2023-09-06 12:44:37";"2023-09-06 12:44:37";"119"
"TEA 3718";"119021";NULL;NULL;"2023-09-06 12:44:37";"2023-09-06 12:44:37";"119"
"TEA 5031";"119022";NULL;NULL;"2023-09-06 12:44:37";"2023-09-06 12:44:37";"119"
"TEA 5040";"119023";NULL;NULL;"2023-09-06 12:44:38";"2023-09-06 12:44:38";"119"
"TEA 5170";"119024";NULL;NULL;"2023-09-06 12:44:38";"2023-09-06 12:44:38";"119"
"TEA 5570";"119025";NULL;NULL;"2023-09-06 12:44:38";"2023-09-06 12:44:38";"119"
"TEA 6420";"119026";NULL;NULL;"2023-09-06 12:44:38";"2023-09-06 12:44:38";"119"
"TEA 9842";"119027";NULL;NULL;"2023-09-06 12:44:38";"2023-09-06 12:44:38";"119"
"TELECMDE AIWA OCAS";"268002";NULL;NULL;"2023-09-06 12:44:38";"2023-09-06 12:44:38";"268"
"TELECMDE BUSH LED AD44/AMD 128E";"268009";NULL;NULL;"2023-09-06 12:44:38";"2023-09-06 12:44:38";"268"
"TELECMDE CATOD BEKO  12.1";"268003";NULL;NULL;"2023-09-06 12:44:38";"2023-09-06 12:44:38";"268"
"TELECMDE CATOD BEKO  12.5 G";"268004";NULL;NULL;"2023-09-06 12:44:38";"2023-09-06 12:44:38";"268"
"TELECMDE CATOD BEKO  16.9";"268005";NULL;NULL;"2023-09-06 12:44:38";"2023-09-06 12:44:38";"268"
"TELECMDE CATOD BEKO  RC647340";"268006";NULL;NULL;"2023-09-06 12:44:38";"2023-09-06 12:44:38";"268"
"TELECMDE CATOD BEKO  RM515D";"268007";NULL;NULL;"2023-09-06 12:44:38";"2023-09-06 12:44:38";"268"
"TELECMDE CATOD BUSH 1045";"268008";NULL;NULL;"2023-09-06 12:44:38";"2023-09-06 12:44:38";"268"
"TELECMDE CATOD CHUNGHOP PHLIP 606";"268013";NULL;NULL;"2023-09-06 12:44:38";"2023-09-06 12:44:38";"268"
"TELECMDE CATOD CHUNGHOP PHLIP CK388";"268014";NULL;NULL;"2023-09-06 12:44:38";"2023-09-06 12:44:38";"268"
"TELECMDE CATOD CHUNGHOP PHLIP CS-606";"268015";NULL;NULL;"2023-09-06 12:44:38";"2023-09-06 12:44:38";"268"
"TELECMDE CATOD CHUNGHOP PHLIP CT-518";"268016";NULL;NULL;"2023-09-06 12:44:38";"2023-09-06 12:44:38";"268"
"TELECMDE CATOD CHUNGHOP PHLIP RM-88E";"268017";NULL;NULL;"2023-09-06 12:44:38";"2023-09-06 12:44:38";"268"
"TELECMDE CATOD DAEWOOD OCAS";"268021";NULL;NULL;"2023-09-06 12:44:38";"2023-09-06 12:44:38";"268"
"TELECMDE CATOD DAEWOOD R 46G22";"268020";NULL;NULL;"2023-09-06 12:44:38";"2023-09-06 12:44:38";"268"
"TELECMDE CATOD GRUNDIG LONG";"268042";NULL;NULL;"2023-09-06 12:44:38";"2023-09-06 12:44:38";"268"
"TELECMDE CATOD GRUNDIG OCAS";"268043";NULL;NULL;"2023-09-06 12:44:38";"2023-09-06 12:44:38";"268"
"TELECMDE CATOD GRUNDIG TP 160C";"268046";NULL;NULL;"2023-09-06 12:44:39";"2023-09-06 12:44:39";"268"
"TELECMDE CATOD GRUNDIG TP 720";"268048";NULL;NULL;"2023-09-06 12:44:39";"2023-09-06 12:44:39";"268"
"TELECMDE CATOD GRUNDIG TP 760";"268049";NULL;NULL;"2023-09-06 12:44:39";"2023-09-06 12:44:39";"268"
"TELECMDE CATOD GRUNDIG TP622";"268047";NULL;NULL;"2023-09-06 12:44:39";"2023-09-06 12:44:39";"268"
"TELECMDE CATOD HITACHI OCAS";"268053";NULL;NULL;"2023-09-06 12:44:39";"2023-09-06 12:44:39";"268"
"TELECMDE CATOD LONG RC 2040";"268113";NULL;NULL;"2023-09-06 12:44:40";"2023-09-06 12:44:40";"268"
"TELECMDE CATOD MATSUI 2107R";"268078";NULL;NULL;"2023-09-06 12:44:39";"2023-09-06 12:44:39";"268"
"TELECMDE CATOD MATSUI DS-10";"268079";NULL;NULL;"2023-09-06 12:44:39";"2023-09-06 12:44:39";"268"
"TELECMDE CATOD MAZDA";"268080";NULL;NULL;"2023-09-06 12:44:39";"2023-09-06 12:44:39";"268"
"TELECMDE CATOD PHILIP ";"268088";NULL;NULL;"2023-09-06 12:44:39";"2023-09-06 12:44:39";"268"
"TELECMDE CATOD PHILIP 7940";"268091";NULL;NULL;"2023-09-06 12:44:39";"2023-09-06 12:44:39";"268"
"TELECMDE CATOD SAMSUMG";"268119";NULL;NULL;"2023-09-06 12:44:40";"2023-09-06 12:44:40";"268"
"TELECMDE CATOD SHARP OCAS";"268096";NULL;NULL;"2023-09-06 12:44:39";"2023-09-06 12:44:39";"268"
"TELECMDE CATOD SONY OCAS";"268099";NULL;NULL;"2023-09-06 12:44:40";"2023-09-06 12:44:40";"268"
"TELECMDE CATOD TCL";"268101";NULL;NULL;"2023-09-06 12:44:40";"2023-09-06 12:44:40";"268"
"TELECMDE CATOD UNIVER ST620+";"268010";NULL;NULL;"2023-09-06 12:44:38";"2023-09-06 12:44:38";"268"
"TELECMDE CATOD VESTEL COURT RC 3040-2";"268112";NULL;NULL;"2023-09-06 12:44:40";"2023-09-06 12:44:40";"268"
"TELECMDE CHINOISE KL-2020";"268011";NULL;NULL;"2023-09-06 12:44:38";"2023-09-06 12:44:38";"268"
"TELECMDE CHINOISE W-55L7";"268012";NULL;NULL;"2023-09-06 12:44:38";"2023-09-06 12:44:38";"268"
"TELECMDE COMBO TV RM 008V";"268018";NULL;NULL;"2023-09-06 12:44:38";"2023-09-06 12:44:38";"268"
"TELECMDE DECOD CANAL+ HD";"268025";NULL;NULL;"2023-09-06 12:44:38";"2023-09-06 12:44:38";"268"
"TELECMDE DECOD CANAL+ SIMPLE";"268026";NULL;NULL;"2023-09-06 12:44:38";"2023-09-06 12:44:38";"268"
"TELECMDE DECOD DIGISAT AMELY";"268027";NULL;NULL;"2023-09-06 12:44:38";"2023-09-06 12:44:38";"268"
"TELECMDE DECOD DIGISAT GM";"268029";NULL;NULL;"2023-09-06 12:44:38";"2023-09-06 12:44:38";"268"
"TELECMDE DECOD DIGISAT MOY";"268028";NULL;NULL;"2023-09-06 12:44:38";"2023-09-06 12:44:38";"268"
"TELECMDE DECOD DIGISAT PM";"268030";NULL;NULL;"2023-09-06 12:44:38";"2023-09-06 12:44:38";"268"
"TELECMDE DECOD SHINE STAR";"268023";NULL;NULL;"2023-09-06 12:44:38";"2023-09-06 12:44:38";"268"
"TELECMDE DECOD STRONG";"268022";NULL;NULL;"2023-09-06 12:44:38";"2023-09-06 12:44:38";"268"
"TELECMDE DIGISAT OCAS";"268024";NULL;NULL;"2023-09-06 12:44:38";"2023-09-06 12:44:38";"268"
"TELECMDE DVD AMSTECH";"268031";NULL;NULL;"2023-09-06 12:44:38";"2023-09-06 12:44:38";"268"
"TELECMDE DVD AMSTECH DVD-141";"268032";NULL;NULL;"2023-09-06 12:44:38";"2023-09-06 12:44:38";"268"
"TELECMDE DVD DENVER";"268033";NULL;NULL;"2023-09-06 12:44:38";"2023-09-06 12:44:38";"268"
"TELECMDE DVD EVD";"268038";NULL;NULL;"2023-09-06 12:44:38";"2023-09-06 12:44:38";"268"
"TELECMDE DVD EVD UNIV RM 230";"268039";NULL;NULL;"2023-09-06 12:44:38";"2023-09-06 12:44:38";"268"
"TELECMDE DVD LEADER";"268034";NULL;NULL;"2023-09-06 12:44:38";"2023-09-06 12:44:38";"268"
"TELECMDE DVD R302";"268035";NULL;NULL;"2023-09-06 12:44:38";"2023-09-06 12:44:38";"268"
"TELECMDE DVD SHARP";"268036";NULL;NULL;"2023-09-06 12:44:38";"2023-09-06 12:44:38";"268"
"TELECMDE DVD SONICA";"268098";NULL;NULL;"2023-09-06 12:44:40";"2023-09-06 12:44:40";"268"
"TELECMDE DVD VIDEO";"268037";NULL;NULL;"2023-09-06 12:44:38";"2023-09-06 12:44:38";"268"
"TELECMDE DVD WINSOR";"268115";NULL;NULL;"2023-09-06 12:44:40";"2023-09-06 12:44:40";"268"
"TELECMDE E-JEFF";"268040";NULL;NULL;"2023-09-06 12:44:38";"2023-09-06 12:44:38";"268"
"TELECMDE FIVE SAT";"268041";NULL;NULL;"2023-09-06 12:44:38";"2023-09-06 12:44:38";"268"
"TELECMDE HANDY";"268051";NULL;NULL;"2023-09-06 12:44:39";"2023-09-06 12:44:39";"268"
"TELECMDE HITACHI LCD";"268054";NULL;NULL;"2023-09-06 12:44:39";"2023-09-06 12:44:39";"268"
"TELECMDE HITACHI WM-Y 5507";"268055";NULL;NULL;"2023-09-06 12:44:39";"2023-09-06 12:44:39";"268"
"TELECMDE HUAYA RM-0671";"268056";NULL;NULL;"2023-09-06 12:44:39";"2023-09-06 12:44:39";"268"
"TELECMDE INMOHIT";"268057";NULL;NULL;"2023-09-06 12:44:39";"2023-09-06 12:44:39";"268"
"TELECMDE JVC";"268050";NULL;NULL;"2023-09-06 12:44:39";"2023-09-06 12:44:39";"268"
"TELECMDE JVC CT-90336";"268058";NULL;NULL;"2023-09-06 12:44:39";"2023-09-06 12:44:39";"268"
"TELECMDE JVC LCD WM-YJS29";"268061";NULL;NULL;"2023-09-06 12:44:39";"2023-09-06 12:44:39";"268"
"TELECMDE JVC OCAS";"268059";NULL;NULL;"2023-09-06 12:44:39";"2023-09-06 12:44:39";"268"
"TELECMDE JVC RM-9511";"268064";NULL;NULL;"2023-09-06 12:44:39";"2023-09-06 12:44:39";"268"
"TELECMDE JVC RM-C 360";"268063";NULL;NULL;"2023-09-06 12:44:39";"2023-09-06 12:44:39";"268"
"TELECMDE JVC RM-C 463";"268062";NULL;NULL;"2023-09-06 12:44:39";"2023-09-06 12:44:39";"268"
"TELECMDE LCD DAEWOOD IRCB 1713";"268019";NULL;NULL;"2023-09-06 12:44:38";"2023-09-06 12:44:38";"268"
"TELECMDE LCD GRUNDIG AD-GD01";"268044";NULL;NULL;"2023-09-06 12:44:38";"2023-09-06 12:44:38";"268"
"TELECMDE LCD GRUNDIG PROGRAMABLE OCAS";"268045";NULL;NULL;"2023-09-06 12:44:38";"2023-09-06 12:44:38";"268"
"TELECMDE LCD HISENCE EN -83801";"268052";NULL;NULL;"2023-09-06 12:44:39";"2023-09-06 12:44:39";"268"
"TELECMDE LCD JVC  DS 448";"268060";NULL;NULL;"2023-09-06 12:44:39";"2023-09-06 12:44:39";"268"
"TELECMDE LCD UNIV NEW STAR 96-H6998";"268001";NULL;NULL;"2023-09-06 12:44:38";"2023-09-06 12:44:38";"268"
"TELECMDE LED UNIV";"268065";NULL;NULL;"2023-09-06 12:44:39";"2023-09-06 12:44:39";"268"
"TELECMDE LED WM-4N001";"268066";NULL;NULL;"2023-09-06 12:44:39";"2023-09-06 12:44:39";"268"
"TELECMDE LG 105-230A";"268067";NULL;NULL;"2023-09-06 12:44:39";"2023-09-06 12:44:39";"268"
"TELECMDE LG 6710V00009K";"268068";NULL;NULL;"2023-09-06 12:44:39";"2023-09-06 12:44:39";"268"
"TELECMDE LG 6710V00017H";"268069";NULL;NULL;"2023-09-06 12:44:39";"2023-09-06 12:44:39";"268"
"TELECMDE LG 6710V00046C";"268070";NULL;NULL;"2023-09-06 12:44:39";"2023-09-06 12:44:39";"268"
"TELECMDE LG 6710V00090A";"268071";NULL;NULL;"2023-09-06 12:44:39";"2023-09-06 12:44:39";"268"
"TELECMDE LG 6710V00124D";"268072";NULL;NULL;"2023-09-06 12:44:39";"2023-09-06 12:44:39";"268"
"TELECMDE LG LCD DS-464";"268073";NULL;NULL;"2023-09-06 12:44:39";"2023-09-06 12:44:39";"268"
"TELECMDE LG LCD RLM 1162 COURT";"268074";NULL;NULL;"2023-09-06 12:44:39";"2023-09-06 12:44:39";"268"
"TELECMDE LG R40B02";"268075";NULL;NULL;"2023-09-06 12:44:39";"2023-09-06 12:44:39";"268"
"TELECMDE LOEWE OCAS";"268076";NULL;NULL;"2023-09-06 12:44:39";"2023-09-06 12:44:39";"268"
"TELECMDE LST-8873S";"268077";NULL;NULL;"2023-09-06 12:44:39";"2023-09-06 12:44:39";"268"
"TELECMDE METZ OCAS";"268081";NULL;NULL;"2023-09-06 12:44:39";"2023-09-06 12:44:39";"268"
"TELECMDE MITSHUBISHI OCAS";"268082";NULL;NULL;"2023-09-06 12:44:39";"2023-09-06 12:44:39";"268"
"TELECMDE PANASONIC 3592 OCAS";"268083";NULL;NULL;"2023-09-06 12:44:39";"2023-09-06 12:44:39";"268"
"TELECMDE PANASONIC LCD DS-454";"268084";NULL;NULL;"2023-09-06 12:44:39";"2023-09-06 12:44:39";"268"
"TELECMDE PANASONIC LCD DS-481";"268085";NULL;NULL;"2023-09-06 12:44:39";"2023-09-06 12:44:39";"268"
"TELECMDE PANASONIC LCD LCD/LED";"268087";NULL;NULL;"2023-09-06 12:44:39";"2023-09-06 12:44:39";"268"
"TELECMDE PANASONIC RM-D920";"268086";NULL;NULL;"2023-09-06 12:44:39";"2023-09-06 12:44:39";"268"
"TELECMDE PHILIP DVD";"268090";NULL;NULL;"2023-09-06 12:44:39";"2023-09-06 12:44:39";"268"
"TELECMDE PHILIP LCD RC-0301";"268092";NULL;NULL;"2023-09-06 12:44:39";"2023-09-06 12:44:39";"268"
"TELECMDE PHILIP LCD WM-TJS19";"268089";NULL;NULL;"2023-09-06 12:44:39";"2023-09-06 12:44:39";"268"
"TELECMDE SAMSUNG LCD AA59-00617A";"268093";NULL;NULL;"2023-09-06 12:44:39";"2023-09-06 12:44:39";"268"
"TELECMDE SANYO OCAS";"268094";NULL;NULL;"2023-09-06 12:44:39";"2023-09-06 12:44:39";"268"
"TELECMDE SHARP LCD";"268095";NULL;NULL;"2023-09-06 12:44:39";"2023-09-06 12:44:39";"268"
"TELECMDE SHINE STAR";"268097";NULL;NULL;"2023-09-06 12:44:39";"2023-09-06 12:44:39";"268"
"TELECMDE SONY LCD LCD WM-YJS26";"268100";NULL;NULL;"2023-09-06 12:44:40";"2023-09-06 12:44:40";"268"
"TELECMDE TECHLINE";"268102";NULL;NULL;"2023-09-06 12:44:40";"2023-09-06 12:44:40";"268"
"TELECMDE THOMPSON LCD";"268103";NULL;NULL;"2023-09-06 12:44:40";"2023-09-06 12:44:40";"268"
"TELECMDE THOMSON RCT-3004";"268104";NULL;NULL;"2023-09-06 12:44:40";"2023-09-06 12:44:40";"268"
"TELECMDE TOSHIBA COURT CT-9859";"268105";NULL;NULL;"2023-09-06 12:44:40";"2023-09-06 12:44:40";"268"
"TELECMDE TOSHIBA CT-9493";"268106";NULL;NULL;"2023-09-06 12:44:40";"2023-09-06 12:44:40";"268"
"TELECMDE TOSHIBA OCAS";"268107";NULL;NULL;"2023-09-06 12:44:40";"2023-09-06 12:44:40";"268"
"TELECMDE UNIV 002";"268111";NULL;NULL;"2023-09-06 12:44:40";"2023-09-06 12:44:40";"268"
"TELECMDE UNIV CATOD NEW STAR";"268109";NULL;NULL;"2023-09-06 12:44:40";"2023-09-06 12:44:40";"268"
"TELECMDE UNIV LCD RM 014S+";"268108";NULL;NULL;"2023-09-06 12:44:40";"2023-09-06 12:44:40";"268"
"TELECMDE UNIV LCD RM-L812";"268110";NULL;NULL;"2023-09-06 12:44:40";"2023-09-06 12:44:40";"268"
"TELECMDE UNIV VIERGE LCD IHANDY";"268114";NULL;NULL;"2023-09-06 12:44:40";"2023-09-06 12:44:40";"268"
"TELECMDE WOOFER E-JEFF";"268117";NULL;NULL;"2023-09-06 12:44:40";"2023-09-06 12:44:40";"268"
"TELECMDE WOOFER JIEPAK";"268118";NULL;NULL;"2023-09-06 12:44:40";"2023-09-06 12:44:40";"268"
"TELECMDE WOOFER UNIV AMELY";"268116";NULL;NULL;"2023-09-06 12:44:40";"2023-09-06 12:44:40";"268"
"TELECOMMANDE VENTILATEUR";"215239";NULL;NULL;"2023-09-06 12:44:47";"2023-09-06 12:44:47";"215"
"TELERUPTEUR LEGRAND 16A 04015";"215283";NULL;NULL;"2023-09-06 12:44:48";"2023-09-06 12:44:48";"215"
"TESTEUR CABLE RESEAU";"215169";NULL;NULL;"2023-09-06 12:44:45";"2023-09-06 12:44:45";"215"
"TESTEUR CABLE RESO";"215312";NULL;NULL;"2023-12-12 03:21:42";"2023-12-12 03:21:42";"215"
"TESTEUR DE BILLET";"215149";NULL;NULL;"2023-09-06 12:44:40";"2023-09-06 12:44:40";"215"
"TESTEUR DE LED";"215150";NULL;NULL;"2023-09-06 12:44:40";"2023-09-06 12:44:40";"215"
"TESTEUR DE PHASE ";"215262";NULL;NULL;"2023-09-06 12:44:47";"2023-09-06 12:44:47";"215"
"TETE DE LECTEUR AUDIO";"215153";NULL;NULL;"2023-09-06 12:44:40";"2023-09-06 12:44:40";"215"
"TETE DE MIC 1-502 YANKINK SANS FIL";"215152";NULL;NULL;"2023-09-06 12:44:40";"2023-09-06 12:44:40";"215"
"TETE LNB 1 SORTIE";"215154";NULL;NULL;"2023-09-06 12:44:40";"2023-09-06 12:44:40";"215"
"TETE LNB 1 SOTIE ETS 2001";"215156";NULL;NULL;"2023-09-06 12:44:40";"2023-09-06 12:44:40";"215"
"TETE LNB 2 SORTIES SC210";"215155";NULL;NULL;"2023-09-06 12:44:40";"2023-09-06 12:44:40";"215"
"TETE MIC SONY -355";"215157";NULL;NULL;"2023-09-06 12:44:40";"2023-09-06 12:44:40";"215"
"TETE MIC SONY -356";"215158";NULL;NULL;"2023-09-06 12:44:40";"2023-09-06 12:44:40";"215"
"TETE MIC SONY A-502";"215159";NULL;NULL;"2023-09-06 12:44:40";"2023-09-06 12:44:40";"215"
"TETE TROMPET 406";"215160";NULL;NULL;"2023-09-06 12:44:40";"2023-09-06 12:44:40";"215"
"TETE TWEETEUR 308";"215161";NULL;NULL;"2023-09-06 12:44:40";"2023-09-06 12:44:40";"215"
"THERMISTANCE CTN 10D09";"120018";NULL;NULL;"2023-09-06 12:44:41";"2023-09-06 12:44:41";"120"
"THERMISTANCE CTN 15";"120019";NULL;NULL;"2023-09-06 12:44:41";"2023-09-06 12:44:41";"120"
"THERMISTANCE CTN 2";"120020";NULL;NULL;"2023-09-06 12:44:41";"2023-09-06 12:44:41";"120"
"THERMISTANCE CTN 2.2";"120021";NULL;NULL;"2023-09-06 12:44:41";"2023-09-06 12:44:41";"120"
"THERMISTANCE CTN 2.5";"120022";NULL;NULL;"2023-09-06 12:44:41";"2023-09-06 12:44:41";"120"
"THERMISTANCE CTN 22";"120023";NULL;NULL;"2023-09-06 12:44:41";"2023-09-06 12:44:41";"120"
"THERMISTANCE CTN 5D";"120001";NULL;NULL;"2023-09-06 12:44:40";"2023-09-06 12:44:40";"120"
"THERMISTANCE CTN 7";"120002";NULL;NULL;"2023-09-06 12:44:40";"2023-09-06 12:44:40";"120"
"THERMISTANCE CTP 10";"120003";NULL;NULL;"2023-09-06 12:44:40";"2023-09-06 12:44:40";"120"
"THERMISTANCE CTP 10D15";"120012";NULL;NULL;"2023-09-06 12:44:40";"2023-09-06 12:44:40";"120"
"THERMISTANCE CTP 10D9";"120013";NULL;NULL;"2023-09-06 12:44:40";"2023-09-06 12:44:40";"120"
"THERMISTANCE CTP 10R9MM";"120014";NULL;NULL;"2023-09-06 12:44:40";"2023-09-06 12:44:40";"120"
"THERMISTANCE CTP 14D22";"120015";NULL;NULL;"2023-09-06 12:44:40";"2023-09-06 12:44:40";"120"
"THERMISTANCE CTP 15";"120004";NULL;NULL;"2023-09-06 12:44:40";"2023-09-06 12:44:40";"120"
"THERMISTANCE CTP 2";"120005";NULL;NULL;"2023-09-06 12:44:40";"2023-09-06 12:44:40";"120"
"THERMISTANCE CTP 2.2";"120006";NULL;NULL;"2023-09-06 12:44:40";"2023-09-06 12:44:40";"120"
"THERMISTANCE CTP 2.5";"120007";NULL;NULL;"2023-09-06 12:44:40";"2023-09-06 12:44:40";"120"
"THERMISTANCE CTP 22";"120008";NULL;NULL;"2023-09-06 12:44:40";"2023-09-06 12:44:40";"120"
"THERMISTANCE CTP 3";"120009";NULL;NULL;"2023-09-06 12:44:40";"2023-09-06 12:44:40";"120"
"THERMISTANCE CTP 5";"120010";NULL;NULL;"2023-09-06 12:44:40";"2023-09-06 12:44:40";"120"
"THERMISTANCE CTP 5D22";"120016";NULL;NULL;"2023-09-06 12:44:40";"2023-09-06 12:44:40";"120"
"THERMISTANCE CTP 5R15MM";"120017";NULL;NULL;"2023-09-06 12:44:40";"2023-09-06 12:44:40";"120"
"THERMISTANCE CTP 7";"120011";NULL;NULL;"2023-09-06 12:44:40";"2023-09-06 12:44:40";"120"
"THERMOS PM";"501102";NULL;NULL;"2023-09-06 14:58:56";"2023-09-06 14:58:56";"501"
"THT 1010A";"201011";NULL;NULL;"2023-09-06 12:44:41";"2023-09-06 12:44:41";"201"
"THT 2045";"201012";NULL;NULL;"2023-09-06 12:44:41";"2023-09-06 12:44:41";"201"
"THT LED + 1 CONDO + 2FIL 22/400 115-120V (32"")";"201005";NULL;NULL;"2023-09-06 12:44:41";"2023-09-06 12:44:41";"201"
"THT LED + 1 CONDO RECT 32P COURT";"201004";NULL;NULL;"2023-09-06 12:44:41";"2023-09-06 12:44:41";"201"
"THT LED + 2 CONDO LONG 0-300V (45""-50""-55"")";"201006";NULL;NULL;"2023-09-06 12:44:41";"2023-09-06 12:44:41";"201"
"THT LED + 2 CONDO RECT 42P LONG";"201007";NULL;NULL;"2023-09-06 12:44:41";"2023-09-06 12:44:41";"201"
"THT LED + 3 CONDO LONG";"201008";NULL;NULL;"2023-09-06 12:44:41";"2023-09-06 12:44:41";"201"
"THT LED + CONDO + 2FIL 5.8V PM 18W";"201003";NULL;NULL;"2023-09-06 12:44:41";"2023-09-06 12:44:41";"201"
"THT LED + CONDO + 4FIL 22/400 (42""-45"")";"201002";NULL;NULL;"2023-09-06 12:44:41";"2023-09-06 12:44:41";"201"
"THT LED + CONDO 4FIL+TUBE";"201010";NULL;NULL;"2023-09-06 12:44:41";"2023-09-06 12:44:41";"201"
"THT LED + CONDO JAUNE 225V (32""-42""-45"")";"201009";NULL;NULL;"2023-09-06 12:44:41";"2023-09-06 12:44:41";"201"
"THT LED CONDO + 4FIL";"201001";NULL;NULL;"2023-09-06 12:44:41";"2023-09-06 12:44:41";"201"
"TIP 112";"1031055";NULL;NULL;"2023-09-06 12:44:41";"2023-09-06 12:44:41";"103"
"TIP 122";"1031056";NULL;NULL;"2023-09-06 12:44:41";"2023-09-06 12:44:41";"103"
"TIP 127";"1031057";NULL;NULL;"2023-09-06 12:44:41";"2023-09-06 12:44:41";"103"
"TIP 142";"1031058";NULL;NULL;"2023-09-06 12:44:41";"2023-09-06 12:44:41";"103"
"TIP 147";"1031059";NULL;NULL;"2023-09-06 12:44:41";"2023-09-06 12:44:41";"103"
"TIP 31";"1031060";NULL;NULL;"2023-09-06 12:44:41";"2023-09-06 12:44:41";"103"
"TIP 32";"1031061";NULL;NULL;"2023-09-06 12:44:41";"2023-09-06 12:44:41";"103"
"TIP 33C";"1031062";NULL;NULL;"2023-09-06 12:44:41";"2023-09-06 12:44:41";"103"
"TIP 41";"1031063";NULL;NULL;"2023-09-06 12:44:41";"2023-09-06 12:44:41";"103"
"TIP 41C";"1031064";NULL;NULL;"2023-09-06 12:44:41";"2023-09-06 12:44:41";"103"
"TIP 42C";"1031065";NULL;NULL;"2023-09-06 12:44:41";"2023-09-06 12:44:41";"103"
"TIP 47";"1031066";NULL;NULL;"2023-09-06 12:44:41";"2023-09-06 12:44:41";"103"
"TIP 50";"1031067";NULL;NULL;"2023-09-06 12:44:41";"2023-09-06 12:44:41";"103"
"TL 071";"102594";NULL;NULL;"2023-09-06 12:44:41";"2023-09-06 12:44:41";"102"
"TL 072";"102595";NULL;NULL;"2023-09-06 12:44:41";"2023-09-06 12:44:41";"102"
"TL 074";"102596";NULL;NULL;"2023-09-06 12:44:41";"2023-09-06 12:44:41";"102"
"TL 080";"102597";NULL;NULL;"2023-09-06 12:44:41";"2023-09-06 12:44:41";"102"
"TL 081";"102598";NULL;NULL;"2023-09-06 12:44:41";"2023-09-06 12:44:41";"102"
"TL 082";"102599";NULL;NULL;"2023-09-06 12:44:41";"2023-09-06 12:44:41";"102"
"TL 084";"102600";NULL;NULL;"2023-09-06 12:44:41";"2023-09-06 12:44:41";"102"
"TL 431";"102601";NULL;NULL;"2023-09-06 12:44:41";"2023-09-06 12:44:41";"102"
"TL 437";"102602";NULL;NULL;"2023-09-06 12:44:41";"2023-09-06 12:44:41";"102"
"TL 494";"102603";NULL;NULL;"2023-09-06 12:44:41";"2023-09-06 12:44:41";"102"
"TL 495";"102604";NULL;NULL;"2023-09-06 12:44:41";"2023-09-06 12:44:41";"102"
"TL P250";"102605";NULL;NULL;"2023-09-06 12:44:41";"2023-09-06 12:44:41";"102"
"TL P580";"102606";NULL;NULL;"2023-09-06 12:44:41";"2023-09-06 12:44:41";"102"
"TL P631";"102607";NULL;NULL;"2023-09-06 12:44:41";"2023-09-06 12:44:41";"102"
"TL P632";"102608";NULL;NULL;"2023-09-06 12:44:41";"2023-09-06 12:44:41";"102"
"TLP 284";"102593";NULL;NULL;"2023-09-06 12:44:41";"2023-09-06 12:44:41";"102"
"TMP 4740";"102609";NULL;NULL;"2023-09-06 12:44:41";"2023-09-06 12:44:41";"102"
"TNY 164";"102610";NULL;NULL;"2023-09-06 12:44:41";"2023-09-06 12:44:41";"102"
"TNY 168";"102611";NULL;NULL;"2023-09-06 12:44:42";"2023-09-06 12:44:42";"102"
"TNY 176";"102592";NULL;NULL;"2023-09-06 12:44:41";"2023-09-06 12:44:41";"102"
"TNY 177";"102612";NULL;NULL;"2023-09-06 12:44:42";"2023-09-06 12:44:42";"102"
"TNY 178";"102613";NULL;NULL;"2023-09-06 12:44:42";"2023-09-06 12:44:42";"102"
"TNY 245";"102614";NULL;NULL;"2023-09-06 12:44:42";"2023-09-06 12:44:42";"102"
"TNY 253";"102615";NULL;NULL;"2023-09-06 12:44:42";"2023-09-06 12:44:42";"102"
"TNY 254";"102616";NULL;NULL;"2023-09-06 12:44:42";"2023-09-06 12:44:42";"102"
"TNY 264";"102617";NULL;NULL;"2023-09-06 12:44:42";"2023-09-06 12:44:42";"102"
"TNY 266";"102618";NULL;NULL;"2023-09-06 12:44:42";"2023-09-06 12:44:42";"102"
"TNY 267";"102619";NULL;NULL;"2023-09-06 12:44:42";"2023-09-06 12:44:42";"102"
"TNY 268";"102620";NULL;NULL;"2023-09-06 12:44:42";"2023-09-06 12:44:42";"102"
"TNY 269";"102621";NULL;NULL;"2023-09-06 12:44:42";"2023-09-06 12:44:42";"102"
"TNY 274";"102622";NULL;NULL;"2023-09-06 12:44:42";"2023-09-06 12:44:42";"102"
"TNY 275";"102623";NULL;NULL;"2023-09-06 12:44:42";"2023-09-06 12:44:42";"102"
"TNY 276";"102624";NULL;NULL;"2023-09-06 12:44:42";"2023-09-06 12:44:42";"102"
"TNY 277";"102625";NULL;NULL;"2023-09-06 12:44:42";"2023-09-06 12:44:42";"102"
"TNY 278";"102626";NULL;NULL;"2023-09-06 12:44:42";"2023-09-06 12:44:42";"102"
"TNY 279";"102627";NULL;NULL;"2023-09-06 12:44:42";"2023-09-06 12:44:42";"102"
"TNY 280";"102628";NULL;NULL;"2023-09-06 12:44:42";"2023-09-06 12:44:42";"102"
"TNY 286";"215256";NULL;NULL;"2023-09-06 12:44:47";"2023-09-06 12:44:47";"215"
"TNY 288";"102629";NULL;NULL;"2023-09-06 12:44:42";"2023-09-06 12:44:42";"102"
"TONDEUSE CHAOBA";"501001";NULL;NULL;"2023-09-06 14:58:51";"2023-09-06 14:58:51";"501"
"TOP 200";"102630";NULL;NULL;"2023-09-06 12:44:42";"2023-09-06 12:44:42";"102"
"TOP 210";"102631";NULL;NULL;"2023-09-06 12:44:42";"2023-09-06 12:44:42";"102"
"TOP 222";"102632";NULL;NULL;"2023-09-06 12:44:42";"2023-09-06 12:44:42";"102"
"TOP 223";"102633";NULL;NULL;"2023-09-06 12:44:42";"2023-09-06 12:44:42";"102"
"TOP 224";"102634";NULL;NULL;"2023-09-06 12:44:42";"2023-09-06 12:44:42";"102"
"TOP 232";"102635";NULL;NULL;"2023-09-06 12:44:42";"2023-09-06 12:44:42";"102"
"TOP 234";"102636";NULL;NULL;"2023-09-06 12:44:42";"2023-09-06 12:44:42";"102"
"TOP 243";"102637";NULL;NULL;"2023-09-06 12:44:42";"2023-09-06 12:44:42";"102"
"TOP 244";"102638";NULL;NULL;"2023-09-06 12:44:42";"2023-09-06 12:44:42";"102"
"TOP 245";"102639";NULL;NULL;"2023-09-06 12:44:42";"2023-09-06 12:44:42";"102"
"TOP 246";"102640";NULL;NULL;"2023-09-06 12:44:42";"2023-09-06 12:44:42";"102"
"TOP 247";"102641";NULL;NULL;"2023-09-06 12:44:42";"2023-09-06 12:44:42";"102"
"TOP 248";"102642";NULL;NULL;"2023-09-06 12:44:42";"2023-09-06 12:44:42";"102"
"TOP 249";"102643";NULL;NULL;"2023-09-06 12:44:42";"2023-09-06 12:44:42";"102"
"TOP 253";"102644";NULL;NULL;"2023-09-06 12:44:42";"2023-09-06 12:44:42";"102"
"TOP 256";"102645";NULL;NULL;"2023-09-06 12:44:42";"2023-09-06 12:44:42";"102"
"TOP 258";"102646";NULL;NULL;"2023-09-06 12:44:42";"2023-09-06 12:44:42";"102"
"TOP 260";"102647";NULL;NULL;"2023-09-06 12:44:42";"2023-09-06 12:44:42";"102"
"TOP 278";"102648";NULL;NULL;"2023-09-06 12:44:42";"2023-09-06 12:44:42";"102"
"TOSHIBA 8873";"102649";NULL;NULL;"2023-09-06 12:44:42";"2023-09-06 12:44:42";"102"
"TOSHIBA 8891";"102650";NULL;NULL;"2023-09-06 12:44:42";"2023-09-06 12:44:42";"102"
"TOSHIBA 8895";"102651";NULL;NULL;"2023-09-06 12:44:42";"2023-09-06 12:44:42";"102"
"TOURNEVIS ELECTRONICIEN EN PEIECE 1,5X40mm";"215184";NULL;NULL;"2023-09-06 12:44:46";"2023-09-06 12:44:46";"215"
"TOURNEVIS ELECTRONICIEN EN PIECE n°828 org 1,5x25mm";"215181";NULL;NULL;"2023-09-06 12:44:46";"2023-09-06 12:44:46";"215"
"TOURNEVIS ELECTRONICIEN EN PIECE N°880 2,0";"215183";NULL;NULL;"2023-09-06 12:44:46";"2023-09-06 12:44:46";"215"
"TOURNEVIS ELECTRONICIEN POUR IPHONE 0,8X4mm";"215182";NULL;NULL;"2023-09-06 12:44:46";"2023-09-06 12:44:46";"215"
"TOURNEVIS TESTEUR NEW DUPRO";"215281";NULL;NULL;"2023-09-06 12:44:48";"2023-09-06 12:44:48";"215"
"TPU 2732";"102652";NULL;NULL;"2023-09-06 12:44:43";"2023-09-06 12:44:43";"102"
"TPU 2735";"102653";NULL;NULL;"2023-09-06 12:44:43";"2023-09-06 12:44:43";"102"
"TRANSFO 12VX1 300MA";"203016";NULL;NULL;"2023-09-06 12:44:43";"2023-09-06 12:44:43";"203"
"TRANSFO 12VX1 500MA";"203017";NULL;NULL;"2023-09-06 12:44:43";"2023-09-06 12:44:43";"203"
"TRANSFO 12VX2 - 1000MA";"203001";NULL;NULL;"2023-09-06 12:44:43";"2023-09-06 12:44:43";"203"
"TRANSFO 12VX2 - 500MA";"203002";NULL;NULL;"2023-09-06 12:44:43";"2023-09-06 12:44:43";"203"
"TRANSFO 12VX2 2A";"203018";NULL;NULL;"2023-09-06 12:44:43";"2023-09-06 12:44:43";"203"
"TRANSFO 15V 5FIL WOOFER";"203003";NULL;NULL;"2023-09-06 12:44:43";"2023-09-06 12:44:43";"203"
"TRANSFO 15VX2 2A";"203019";NULL;NULL;"2023-09-06 12:44:43";"2023-09-06 12:44:43";"203"
"TRANSFO AB 1000W 220V/110V";"203004";NULL;NULL;"2023-09-06 12:44:43";"2023-09-06 12:44:43";"203"
"TRANSFO AB 100W 220V/110V";"203005";NULL;NULL;"2023-09-06 12:44:43";"2023-09-06 12:44:43";"203"
"TRANSFO AB 2000W 220V/110V";"203006";NULL;NULL;"2023-09-06 12:44:43";"2023-09-06 12:44:43";"203"
"TRANSFO AB 200W 220V/110V";"203007";NULL;NULL;"2023-09-06 12:44:43";"2023-09-06 12:44:43";"203"
"TRANSFO AB 300W 220V/110V";"203008";NULL;NULL;"2023-09-06 12:44:43";"2023-09-06 12:44:43";"203"
"TRANSFO AB 500W 220V/110V";"203009";NULL;NULL;"2023-09-06 12:44:43";"2023-09-06 12:44:43";"203"
"TRANSFO MT 4FIL 12V 1A";"203010";NULL;NULL;"2023-09-06 12:44:43";"2023-09-06 12:44:43";"203"
"TRANSFO MT 4FIL 9V 700MA";"203011";NULL;NULL;"2023-09-06 12:44:43";"2023-09-06 12:44:43";"203"
"TRANSFO MT 5FIL 12V 1A";"203013";NULL;NULL;"2023-09-06 12:44:43";"2023-09-06 12:44:43";"203"
"TRANSFO MT 5FIL 9V 1A";"203012";NULL;NULL;"2023-09-06 12:44:43";"2023-09-06 12:44:43";"203"
"TRANSFO MT 6FIL 12V 1A";"203014";NULL;NULL;"2023-09-06 12:44:43";"2023-09-06 12:44:43";"203"
"TRANSFO MT 8FIL 15VX2 1A";"203015";NULL;NULL;"2023-09-06 12:44:43";"2023-09-06 12:44:43";"203"
"TRANSFO REG TENSION 1000W";"215327";NULL;NULL;"2023-12-12 03:21:43";"2023-12-12 03:21:43";"215"
"TRANSFO REG TENSION 1500W";"215324";NULL;NULL;"2023-12-12 03:21:43";"2023-12-12 03:21:43";"215"
"TRANSFO REG TENSION 2000W";"215325";NULL;NULL;"2023-12-12 03:21:43";"2023-12-12 03:21:43";"215"
"TRANSFO REG TENSION 5000W";"215326";NULL;NULL;"2023-12-12 03:21:43";"2023-12-12 03:21:43";"215"
"TRANSFORMATEUR POUR REGULATEUR 1000W";"215229";NULL;NULL;"2023-09-06 12:44:47";"2023-09-06 12:44:47";"215"
"TRANSFORMATEUR POUR REGULATEUR 1500W";"215226";NULL;NULL;"2023-09-06 12:44:47";"2023-09-06 12:44:47";"215"
"TRANSFORMATEUR POUR REGULATEUR 2000W";"215227";NULL;NULL;"2023-09-06 12:44:47";"2023-09-06 12:44:47";"215"
"TRANSFORMATEUR POUR REGULATEUR 5000W";"215228";NULL;NULL;"2023-09-06 12:44:47";"2023-09-06 12:44:47";"215"
"TRAVERSIN 140";"501114";NULL;NULL;"2023-09-06 14:58:59";"2023-09-06 14:58:59";"501"
"TRAVERSIN 160";"501115";NULL;NULL;"2023-09-06 14:58:59";"2023-09-06 14:58:59";"501"
"TRAVERSIN 180";"501116";NULL;NULL;"2023-09-06 14:58:59";"2023-09-06 14:58:59";"501"
"TRNEVIS 2 TETE NOIR";"202019";NULL;NULL;"2023-09-06 12:44:43";"2023-09-06 12:44:43";"202"
"TRNEVIS 4X250MM TETE RGE";"202006";NULL;NULL;"2023-09-06 12:44:42";"2023-09-06 12:44:42";"202"
"TRNEVIS AMERIC JAUNE/NOIR";"202007";NULL;NULL;"2023-09-06 12:44:42";"2023-09-06 12:44:42";"202"
"TRNEVIS AMERIC JONE";"202008";NULL;NULL;"2023-09-06 12:44:42";"2023-09-06 12:44:42";"202"
"TRNEVIS AMERIC NO ISOLE RGE NOIR";"202010";NULL;NULL;"2023-09-06 12:44:42";"2023-09-06 12:44:42";"202"
"TRNEVIS AMERIC ROUGE PM";"202009";NULL;NULL;"2023-09-06 12:44:42";"2023-09-06 12:44:42";"202"
"TRNEVIS EN BOITE JAUNE";"202011";NULL;NULL;"2023-09-06 12:44:42";"2023-09-06 12:44:42";"202"
"TRNEVIS EN JEUX 7PCS 3560";"202020";NULL;NULL;"2023-09-06 12:44:43";"2023-09-06 12:44:43";"202"
"TRNEVIS EN JEUX JUSTER 6PCS JLD 13001";"202012";NULL;NULL;"2023-09-06 12:44:42";"2023-09-06 12:44:42";"202"
"TRNEVIS EN PIECE n°828 org 1,5x25mm";"215315";NULL;NULL;"2023-12-12 03:21:42";"2023-12-12 03:21:42";"215"
"TRNEVIS FRANCAIS BLEU GM";"202013";NULL;NULL;"2023-09-06 12:44:42";"2023-09-06 12:44:42";"202"
"TRNEVIS FRANCAIS BLEU PM";"202014";NULL;NULL;"2023-09-06 12:44:42";"2023-09-06 12:44:42";"202"
"TRNEVIS ISOLE EN JEUX 9PCS JAUNE/ROUGE SAC NOIR";"202015";NULL;NULL;"2023-09-06 12:44:42";"2023-09-06 12:44:42";"202"
"TRNEVIS ISOLE EN JEUX 9PCS SAC NOIR";"202022";NULL;NULL;"2023-12-12 03:21:41";"2023-12-12 03:21:41";"202"
"TRNEVIS PM EN PEIECE 1,5X40mm";"215318";NULL;NULL;"2023-12-12 03:21:42";"2023-12-12 03:21:42";"215"
"TRNEVIS PM EN PIECE N°880 2,0";"215317";NULL;NULL;"2023-12-12 03:21:42";"2023-12-12 03:21:42";"215"
"TRNEVIS PM IPHONE 0,8X4mm";"215316";NULL;NULL;"2023-12-12 03:21:42";"2023-12-12 03:21:42";"215"
"TRNEVIS PRECI PLUSIEURS TETE SUOER 6032";"202017";NULL;NULL;"2023-09-06 12:44:43";"2023-09-06 12:44:43";"202"
"TRNEVIS PRECI PR PHONE N?168";"202016";NULL;NULL;"2023-09-06 12:44:42";"2023-09-06 12:44:42";"202"
"TRNEVIS TESTEUR";"202021";NULL;NULL;"2023-09-06 12:44:43";"2023-09-06 12:44:43";"202"
"TRNEVIS TESTEUR JAUNE STANLEY";"202018";NULL;NULL;"2023-09-06 12:44:43";"2023-09-06 12:44:43";"202"
"TROLLIER";"501053";NULL;NULL;"2023-09-06 14:58:54";"2023-09-06 14:58:54";"501"
"TROMPET 409 GM + TARODAGE ALLU";"204003";NULL;NULL;"2023-09-06 12:44:43";"2023-09-06 12:44:43";"204"
"TROMPET 409 PM";"204004";NULL;NULL;"2023-09-06 12:44:43";"2023-09-06 12:44:43";"204"
"TROMPET BAFLE 11X26";"204005";NULL;NULL;"2023-09-06 12:44:43";"2023-09-06 12:44:43";"204"
"TROMPET CARRE GM SANS BOBINE";"204001";NULL;NULL;"2023-09-06 12:44:43";"2023-09-06 12:44:43";"204"
"TROMPET COEUR";"204006";NULL;NULL;"2023-09-06 12:44:43";"2023-09-06 12:44:43";"204"
"TROMPET MP-306";"204002";NULL;NULL;"2023-09-06 12:44:43";"2023-09-06 12:44:43";"204"
"TROMPET OVALE";"204007";NULL;NULL;"2023-09-06 12:44:43";"2023-09-06 12:44:43";"204"
"TROU DE RESPIRATION GM";"204008";NULL;NULL;"2023-09-06 12:44:43";"2023-09-06 12:44:43";"204"
"TROU DE RESPIRATION PM";"204009";NULL;NULL;"2023-09-06 12:44:43";"2023-09-06 12:44:43";"204"
"TS1 BROC GM";"707022";NULL;NULL;"2023-09-06 14:58:58";"2023-09-06 14:58:58";"707"
"TT 2140";"1031068";NULL;NULL;"2023-09-06 12:44:43";"2023-09-06 12:44:43";"103"
"TT 2170";"1031069";NULL;NULL;"2023-09-06 12:44:43";"2023-09-06 12:44:43";"103"
"TT 2190";"1031070";NULL;NULL;"2023-09-06 12:44:43";"2023-09-06 12:44:43";"103"
"TT 2206";"1031071";NULL;NULL;"2023-09-06 12:44:43";"2023-09-06 12:44:43";"103"
"TT 2222";"1031072";NULL;NULL;"2023-09-06 12:44:43";"2023-09-06 12:44:43";"103"
"TUBE 1/20M";"501098";NULL;NULL;"2023-09-06 14:58:55";"2023-09-06 14:58:55";"501"
"TUBE 1/50M";"501099";NULL;NULL;"2023-09-06 14:58:55";"2023-09-06 14:58:55";"501"
"TUNER DEMON";"605001";NULL;NULL;"2023-09-06 14:58:52";"2023-09-06 14:58:52";"605"
"TV  21"" CATHODIQUE";"620017";NULL;NULL;"2023-09-06 14:59:02";"2023-09-06 14:59:02";"620"
"TV  GRUNDIG 37""";"620004";NULL;NULL;"2023-09-06 14:59:02";"2023-09-06 14:59:02";"620"
"TV  SMAT PHILLIP 43 ''";"620049";NULL;NULL;"2023-09-06 14:59:03";"2023-09-06 14:59:03";"620"
"TV  SONY 32""";"620012";NULL;NULL;"2023-09-06 14:59:02";"2023-09-06 14:59:02";"620"
"TV  TOSHIBA 21""CATHODIQUE";"619004";NULL;NULL;"2023-09-06 14:59:02";"2023-09-06 14:59:02";"619"
"TV 32 CELCUS";"620055";NULL;NULL;"2023-09-06 14:59:03";"2023-09-06 14:59:03";"620"
"TV BLAUNPUNKT 32";"620039";NULL;NULL;"2023-09-06 14:59:03";"2023-09-06 14:59:03";"620"
"TV BLAUPUNK 32""";"620030";NULL;NULL;"2023-09-06 14:59:03";"2023-09-06 14:59:03";"620"
"TV BOX 4K ULTRA HD";"105022";NULL;NULL;"2023-09-06 12:44:43";"2023-09-06 12:44:43";"105"
"TV CATHODIQUE 14";"619001";NULL;NULL;"2023-09-06 14:59:02";"2023-09-06 14:59:02";"619"
"TV CHANCHANG 32";"620045";NULL;NULL;"2023-09-06 14:59:03";"2023-09-06 14:59:03";"620"
"TV GRUNDI 32""";"620029";NULL;NULL;"2023-09-06 14:59:03";"2023-09-06 14:59:03";"620"
"TV GRUNDI 42";"620040";NULL;NULL;"2023-09-06 14:59:03";"2023-09-06 14:59:03";"620"
"TV GRUNDI 47";"620050";NULL;NULL;"2023-09-06 14:59:03";"2023-09-06 14:59:03";"620"
"TV JTC 32""";"620031";NULL;NULL;"2023-09-06 14:59:03";"2023-09-06 14:59:03";"620"
"TV LED 39";"620044";NULL;NULL;"2023-09-06 14:59:03";"2023-09-06 14:59:03";"620"
"TV LG 20""";"620021";NULL;NULL;"2023-09-06 14:59:03";"2023-09-06 14:59:03";"620"
"TV LG 32""";"620023";NULL;NULL;"2023-09-06 14:59:03";"2023-09-06 14:59:03";"620"
"TV LG 37""";"620024";NULL;NULL;"2023-09-06 14:59:03";"2023-09-06 14:59:03";"620"
"TV LG 42""";"620025";NULL;NULL;"2023-09-06 14:59:03";"2023-09-06 14:59:03";"620"
"TV LG 47""";"620026";NULL;NULL;"2023-09-06 14:59:03";"2023-09-06 14:59:03";"620"
"TV MEDION 32""";"620009";NULL;NULL;"2023-09-06 14:59:02";"2023-09-06 14:59:02";"620"
"TV NORDMENDE 32''";"620047";NULL;NULL;"2023-09-06 14:59:03";"2023-09-06 14:59:03";"620"
"TV OK 32""";"620014";NULL;NULL;"2023-09-06 14:59:02";"2023-09-06 14:59:02";"620"
"TV ORION 32";"620041";NULL;NULL;"2023-09-06 14:59:03";"2023-09-06 14:59:03";"620"
"TV PANASONIC 32''";"620046";NULL;NULL;"2023-09-06 14:59:03";"2023-09-06 14:59:03";"620"
"TV PANASONIC 40""";"620010";NULL;NULL;"2023-09-06 14:59:02";"2023-09-06 14:59:02";"620"
"TV PANASONIC 42""";"620001";NULL;NULL;"2023-09-06 14:59:02";"2023-09-06 14:59:02";"620"
"TV PANSONIC 37""";"620019";NULL;NULL;"2023-09-06 14:59:03";"2023-09-06 14:59:03";"620"
"TV PHILLIP 26""";"620015";NULL;NULL;"2023-09-06 14:59:02";"2023-09-06 14:59:02";"620"
"TV PHILLIP 32""";"620006";NULL;NULL;"2023-09-06 14:59:02";"2023-09-06 14:59:02";"620"
"TV PHILLIP 37""";"620037";NULL;NULL;"2023-09-06 14:59:03";"2023-09-06 14:59:03";"620"
"TV PHILLIP 40""";"620028";NULL;NULL;"2023-09-06 14:59:03";"2023-09-06 14:59:03";"620"
"TV PHILLIP 47";"620042";NULL;NULL;"2023-09-06 14:59:03";"2023-09-06 14:59:03";"620"
"TV PHILLIP CATHODIQUE 21""";"619003";NULL;NULL;"2023-09-06 14:59:02";"2023-09-06 14:59:02";"619"
"TV PLHILLIP 42""";"620011";NULL;NULL;"2023-09-06 14:59:02";"2023-09-06 14:59:02";"620"
"TV SAMSUMG 21"" CATHODIQUE";"620016";NULL;NULL;"2023-09-06 14:59:02";"2023-09-06 14:59:02";"620"
"TV SAMSUNG 20""";"620020";NULL;NULL;"2023-09-06 14:59:03";"2023-09-06 14:59:03";"620"
"TV SAMSUNG 26""";"620013";NULL;NULL;"2023-09-06 14:59:02";"2023-09-06 14:59:02";"620"
"TV SAMSUNG 27""";"620007";NULL;NULL;"2023-09-06 14:59:02";"2023-09-06 14:59:02";"620"
"TV SAMSUNG 32""";"620005";NULL;NULL;"2023-09-06 14:59:02";"2023-09-06 14:59:02";"620"
"TV SAMSUNG 37""";"620003";NULL;NULL;"2023-09-06 14:59:02";"2023-09-06 14:59:02";"620"
"TV SAMSUNG 40""";"620002";NULL;NULL;"2023-09-06 14:59:02";"2023-09-06 14:59:02";"620"
"TV SAMSUNG 42""";"620022";NULL;NULL;"2023-09-06 14:59:03";"2023-09-06 14:59:03";"620"
"TV SAMSUNG 47""";"620027";NULL;NULL;"2023-09-06 14:59:03";"2023-09-06 14:59:03";"620"
"TV SHAP 37""";"620036";NULL;NULL;"2023-09-06 14:59:03";"2023-09-06 14:59:03";"620"
"TV SHARP 32""'";"620051";NULL;NULL;"2023-09-06 14:59:03";"2023-09-06 14:59:03";"620"
"TV SMAT LG 43''";"620048";NULL;NULL;"2023-09-06 14:59:03";"2023-09-06 14:59:03";"620"
"TV SONY 37""";"620032";NULL;NULL;"2023-09-06 14:59:03";"2023-09-06 14:59:03";"620"
"TV TECHNISAT 32""";"620052";NULL;NULL;"2023-09-06 14:59:03";"2023-09-06 14:59:03";"620"
"TV TECHNISAT 42";"620054";NULL;NULL;"2023-09-06 14:59:03";"2023-09-06 14:59:03";"620"
"TV TELEFUNKEN 50""";"620053";NULL;NULL;"2023-09-06 14:59:03";"2023-09-06 14:59:03";"620"
"TV TEVION CATHODIQUE 21""";"619002";NULL;NULL;"2023-09-06 14:59:02";"2023-09-06 14:59:02";"619"
"TV THOMSOM 32""";"620034";NULL;NULL;"2023-09-06 14:59:03";"2023-09-06 14:59:03";"620"
"TV TOSHIBA 26""";"620008";NULL;NULL;"2023-09-06 14:59:02";"2023-09-06 14:59:02";"620"
"TV TOSHIBA 32""";"620018";NULL;NULL;"2023-09-06 14:59:03";"2023-09-06 14:59:03";"620"
"TV TOSHIBA 37""";"620033";NULL;NULL;"2023-09-06 14:59:03";"2023-09-06 14:59:03";"620"
"TV TOSHIBA 40""";"620035";NULL;NULL;"2023-09-06 14:59:03";"2023-09-06 14:59:03";"620"
"TV TOSHIBA 42""";"620038";NULL;NULL;"2023-09-06 14:59:03";"2023-09-06 14:59:03";"620"
"TV TOSHIBA 46";"620043";NULL;NULL;"2023-09-06 14:59:03";"2023-09-06 14:59:03";"620"
"TWEETEUR AUTO TP 005";"205002";NULL;NULL;"2023-09-06 12:44:43";"2023-09-06 12:44:43";"205"
"TWEETEUR AUTO TP 006A 500W";"205001";NULL;NULL;"2023-09-06 12:44:43";"2023-09-06 12:44:43";"205"
"TWEETEUR AUTO TSP-203 SEMTONI";"205003";NULL;NULL;"2023-09-06 12:44:43";"2023-09-06 12:44:43";"205"
"TWEETEUR AUTO US-808";"205004";NULL;NULL;"2023-09-06 12:44:43";"2023-09-06 12:44:43";"205"
"TWEETEUR BAFLE MP-646";"205005";NULL;NULL;"2023-09-06 12:44:43";"2023-09-06 12:44:43";"205"
"TWEETEUR DE BAFLE MP-403";"205006";NULL;NULL;"2023-09-06 12:44:43";"2023-09-06 12:44:43";"205"
"TWEETEUR HL 308";"205007";NULL;NULL;"2023-09-06 12:44:43";"2023-09-06 12:44:43";"205"
"TWEETEUR RL-403";"205008";NULL;NULL;"2023-09-06 12:44:43";"2023-09-06 12:44:43";"205"
"TWEETEUR RL-406";"205009";NULL;NULL;"2023-09-06 12:44:43";"2023-09-06 12:44:43";"205"
"TWEETEUR SR-403";"205010";NULL;NULL;"2023-09-06 12:44:43";"2023-09-06 12:44:43";"205"
"TWEETEUR TWT 301 ANTEL";"205011";NULL;NULL;"2023-09-06 12:44:43";"2023-09-06 12:44:43";"205"
"TWEETEUR TWT 302 ANTEL";"205012";NULL;NULL;"2023-09-06 12:44:44";"2023-09-06 12:44:44";"205"
"TWEETEUR TWT 303 ANTEL";"205013";NULL;NULL;"2023-09-06 12:44:44";"2023-09-06 12:44:44";"205"
"TWEETEUR TWT 306A ANTEL";"205014";NULL;NULL;"2023-09-06 12:44:44";"2023-09-06 12:44:44";"205"
"TWEETEUR TWT 309 ANTEL";"205015";NULL;NULL;"2023-09-06 12:44:44";"2023-09-06 12:44:44";"205"
"UA 741";"102654";NULL;NULL;"2023-09-06 12:44:44";"2023-09-06 12:44:44";"102"
"UC 3842";"102655";NULL;NULL;"2023-09-06 12:44:44";"2023-09-06 12:44:44";"102"
"UC 3843";"102656";NULL;NULL;"2023-09-06 12:44:44";"2023-09-06 12:44:44";"102"
"UC 3844";"102657";NULL;NULL;"2023-09-06 12:44:44";"2023-09-06 12:44:44";"102"
"UC 3845";"102658";NULL;NULL;"2023-09-06 12:44:44";"2023-09-06 12:44:44";"102"
"UC 3883";"102659";NULL;NULL;"2023-09-06 12:44:44";"2023-09-06 12:44:44";"102"
"UC 44603";"102660";NULL;NULL;"2023-09-06 12:44:44";"2023-09-06 12:44:44";"102"
"ULN 2001";"117217";NULL;NULL;"2023-09-06 12:44:44";"2023-09-06 12:44:44";"117"
"ULN 2003";"117218";NULL;NULL;"2023-09-06 12:44:44";"2023-09-06 12:44:44";"117"
"ULN 2004";"117219";NULL;NULL;"2023-09-06 12:44:44";"2023-09-06 12:44:44";"117"
"UPC 1018";"102661";NULL;NULL;"2023-09-06 12:44:44";"2023-09-06 12:44:44";"102"
"UPC 1032";"102662";NULL;NULL;"2023-09-06 12:44:44";"2023-09-06 12:44:44";"102"
"UPC 1181";"102663";NULL;NULL;"2023-09-06 12:44:44";"2023-09-06 12:44:44";"102"
"UPC 1182";"102664";NULL;NULL;"2023-09-06 12:44:44";"2023-09-06 12:44:44";"102"
"UPC 1185";"102665";NULL;NULL;"2023-09-06 12:44:44";"2023-09-06 12:44:44";"102"
"UPC 1186";"102666";NULL;NULL;"2023-09-06 12:44:44";"2023-09-06 12:44:44";"102"
"UPC 1188";"102667";NULL;NULL;"2023-09-06 12:44:44";"2023-09-06 12:44:44";"102"
"UPC 1213";"102668";NULL;NULL;"2023-09-06 12:44:44";"2023-09-06 12:44:44";"102"
"UPC 1221";"102669";NULL;NULL;"2023-09-06 12:44:44";"2023-09-06 12:44:44";"102"
"UPC 1225";"102670";NULL;NULL;"2023-09-06 12:44:44";"2023-09-06 12:44:44";"102"
"UPC 1230";"102671";NULL;NULL;"2023-09-06 12:44:44";"2023-09-06 12:44:44";"102"
"UPC 1237";"102672";NULL;NULL;"2023-09-06 12:44:44";"2023-09-06 12:44:44";"102"
"UPC 1263";"102673";NULL;NULL;"2023-09-06 12:44:44";"2023-09-06 12:44:44";"102"
"UPC 1268";"102674";NULL;NULL;"2023-09-06 12:44:44";"2023-09-06 12:44:44";"102"
"UPC 1270";"102675";NULL;NULL;"2023-09-06 12:44:44";"2023-09-06 12:44:44";"102"
"UPC 1288";"102676";NULL;NULL;"2023-09-06 12:44:44";"2023-09-06 12:44:44";"102"
"UPC 1298";"102677";NULL;NULL;"2023-09-06 12:44:44";"2023-09-06 12:44:44";"102"
"UPC 1316";"102678";NULL;NULL;"2023-09-06 12:44:44";"2023-09-06 12:44:44";"102"
"UPC 1330";"102679";NULL;NULL;"2023-09-06 12:44:44";"2023-09-06 12:44:44";"102"
"UPC 1335";"102680";NULL;NULL;"2023-09-06 12:44:44";"2023-09-06 12:44:44";"102"
"UPC 1350";"102681";NULL;NULL;"2023-09-06 12:44:44";"2023-09-06 12:44:44";"102"
"UPC 1352";"102682";NULL;NULL;"2023-09-06 12:44:44";"2023-09-06 12:44:44";"102"
"UPC 1353";"102683";NULL;NULL;"2023-09-06 12:44:44";"2023-09-06 12:44:44";"102"
"UPC 1362";"102684";NULL;NULL;"2023-09-06 12:44:44";"2023-09-06 12:44:44";"102"
"UPC 1363";"102685";NULL;NULL;"2023-09-06 12:44:44";"2023-09-06 12:44:44";"102"
"UPC 1364";"102686";NULL;NULL;"2023-09-06 12:44:44";"2023-09-06 12:44:44";"102"
"UPC 1365";"102687";NULL;NULL;"2023-09-06 12:44:44";"2023-09-06 12:44:44";"102"
"UPC 1366";"102688";NULL;NULL;"2023-09-06 12:44:44";"2023-09-06 12:44:44";"102"
"UPC 1367";"102689";NULL;NULL;"2023-09-06 12:44:44";"2023-09-06 12:44:44";"102"
"UPC 1378";"102690";NULL;NULL;"2023-09-06 12:44:44";"2023-09-06 12:44:44";"102"
"UPC 1379";"102691";NULL;NULL;"2023-09-06 12:44:44";"2023-09-06 12:44:44";"102"
"UPC 1382";"102692";NULL;NULL;"2023-09-06 12:44:44";"2023-09-06 12:44:44";"102"
"UPC 1394";"102693";NULL;NULL;"2023-09-06 12:44:44";"2023-09-06 12:44:44";"102"
"UPC 1420";"102694";NULL;NULL;"2023-09-06 12:44:44";"2023-09-06 12:44:44";"102"
"UPC 1488";"102695";NULL;NULL;"2023-09-06 12:44:44";"2023-09-06 12:44:44";"102"
"UPC 1498";"102696";NULL;NULL;"2023-09-06 12:44:44";"2023-09-06 12:44:44";"102"
"UPC 2002";"102697";NULL;NULL;"2023-09-06 12:44:45";"2023-09-06 12:44:45";"102"
"UPC 2140";"102698";NULL;NULL;"2023-09-06 12:44:45";"2023-09-06 12:44:45";"102"
"UPC 2581";"102699";NULL;NULL;"2023-09-06 12:44:45";"2023-09-06 12:44:45";"102"
"UPC 324";"102700";NULL;NULL;"2023-09-06 12:44:45";"2023-09-06 12:44:45";"102"
"UPC 4570";"117220";NULL;NULL;"2023-09-06 12:44:45";"2023-09-06 12:44:45";"117"
"UPC 494";"102701";NULL;NULL;"2023-09-06 12:44:45";"2023-09-06 12:44:45";"102"
"VAISE  PLS N4C";"501255";NULL;NULL;"2023-09-06 14:59:05";"2023-09-06 14:59:05";"501"
"VALISE   N3A+";"501262";NULL;NULL;"2023-09-06 14:59:05";"2023-09-06 14:59:05";"501"
"VALISE  N1B+";"501257";NULL;NULL;"2023-09-06 14:59:05";"2023-09-06 14:59:05";"501"
"VALISE  N1C+";"501258";NULL;NULL;"2023-09-06 14:59:05";"2023-09-06 14:59:05";"501"
"VALISE  N2A+";"501259";NULL;NULL;"2023-09-06 14:59:05";"2023-09-06 14:59:05";"501"
"VALISE  N2B+";"501260";NULL;NULL;"2023-09-06 14:59:05";"2023-09-06 14:59:05";"501"
"VALISE  N2C+";"501261";NULL;NULL;"2023-09-06 14:59:05";"2023-09-06 14:59:05";"501"
"VALISE  N3B+";"501263";NULL;NULL;"2023-09-06 14:59:05";"2023-09-06 14:59:05";"501"
"VALISE  N3C+";"501264";NULL;NULL;"2023-09-06 14:59:05";"2023-09-06 14:59:05";"501"
"VALISE  PLS N1A";"501244";NULL;NULL;"2023-09-06 14:59:04";"2023-09-06 14:59:04";"501"
"VALISE  PLS N1B";"501245";NULL;NULL;"2023-09-06 14:59:04";"2023-09-06 14:59:04";"501"
"VALISE  PLS N1C";"501246";NULL;NULL;"2023-09-06 14:59:04";"2023-09-06 14:59:04";"501"
"VALISE  PLS N2B";"501248";NULL;NULL;"2023-09-06 14:59:04";"2023-09-06 14:59:04";"501"
"VALISE  PLS N2C";"501249";NULL;NULL;"2023-09-06 14:59:04";"2023-09-06 14:59:04";"501"
"VALISE  PLS N3A";"501250";NULL;NULL;"2023-09-06 14:59:04";"2023-09-06 14:59:04";"501"
"VALISE  PLS N3B";"501251";NULL;NULL;"2023-09-06 14:59:05";"2023-09-06 14:59:05";"501"
"VALISE  PLS N4A";"501253";NULL;NULL;"2023-09-06 14:59:05";"2023-09-06 14:59:05";"501"
"VALISE  PLS N4B";"501254";NULL;NULL;"2023-09-06 14:59:05";"2023-09-06 14:59:05";"501"
"VALISE BROCANTE";"501268";NULL;NULL;"2023-09-06 14:59:05";"2023-09-06 14:59:05";"501"
"VALISE BROCANTE PM";"501272";NULL;NULL;"2023-09-06 14:59:05";"2023-09-06 14:59:05";"501"
"VALISE CAC TISSU N4A";"501265";NULL;NULL;"2023-09-06 14:59:05";"2023-09-06 14:59:05";"501"
"VALISE CAC TISSU N4B";"501266";NULL;NULL;"2023-09-06 14:59:05";"2023-09-06 14:59:05";"501"
"VALISE CAC TISSU N4C";"501267";NULL;NULL;"2023-09-06 14:59:05";"2023-09-06 14:59:05";"501"
"VALISE N1A+";"501256";NULL;NULL;"2023-09-06 14:59:05";"2023-09-06 14:59:05";"501"
"VALISE N4A+";"501269";NULL;NULL;"2023-09-06 14:59:05";"2023-09-06 14:59:05";"501"
"VALISE N4B+";"501270";NULL;NULL;"2023-09-06 14:59:05";"2023-09-06 14:59:05";"501"
"VALISE N4C+";"501271";NULL;NULL;"2023-09-06 14:59:05";"2023-09-06 14:59:05";"501"
"VALISE PLS N2A";"501247";NULL;NULL;"2023-09-06 14:59:04";"2023-09-06 14:59:04";"501"
"VALISE PLS N3C";"501252";NULL;NULL;"2023-09-06 14:59:05";"2023-09-06 14:59:05";"501"
"VARIATEUR DE FREQUENCE";"215162";NULL;NULL;"2023-09-06 12:44:45";"2023-09-06 12:44:45";"215"
"VARISTANC 3PAT GM TVT";"121001";NULL;NULL;"2023-09-06 12:44:45";"2023-09-06 12:44:45";"121"
"VARISTANC VDR 10D471K";"121002";NULL;NULL;"2023-09-06 12:44:45";"2023-09-06 12:44:45";"121"
"VARISTANC VDR 14D471K";"121003";NULL;NULL;"2023-09-06 12:44:45";"2023-09-06 12:44:45";"121"
"VARISTANC VDR 20D471K";"121004";NULL;NULL;"2023-09-06 12:44:45";"2023-09-06 12:44:45";"121"
"VARISTANCE NTC 10D-471";"215336";NULL;NULL;"2023-12-12 03:21:43";"2023-12-12 03:21:43";"215"
"VARISTANCE NTC 14D-271";"215335";NULL;NULL;"2023-12-12 03:21:43";"2023-12-12 03:21:43";"215"
"VARISTANCE NTC 14D-471";"215337";NULL;NULL;"2023-12-12 03:21:43";"2023-12-12 03:21:43";"215"
"VAS EN CRISTAL";"501050";NULL;NULL;"2023-09-06 14:58:54";"2023-09-06 14:58:54";"501"
"VDR 10D471K";"121005";NULL;NULL;"2023-09-06 12:44:45";"2023-09-06 12:44:45";"121"
"VDR 20D471K";"121006";NULL;NULL;"2023-09-06 12:44:45";"2023-09-06 12:44:45";"121"
"VELO DE SPORT";"501081";NULL;NULL;"2023-09-06 14:58:55";"2023-09-06 14:58:55";"501"
"VELO REDUCATION";"501054";NULL;NULL;"2023-09-06 14:58:55";"2023-09-06 14:58:55";"501"
"VENTILO 12V PM";"206001";NULL;NULL;"2023-09-06 12:44:45";"2023-09-06 12:44:45";"206"
"VENTILO AMPLI 115V (12X12)";"206003";NULL;NULL;"2023-09-06 12:44:45";"2023-09-06 12:44:45";"206"
"VENTILO AMPLI 12V (12X12)";"206004";NULL;NULL;"2023-09-06 12:44:45";"2023-09-06 12:44:45";"206"
"VENTILO AMPLI 12V (4X4)";"206005";NULL;NULL;"2023-09-06 12:44:45";"2023-09-06 12:44:45";"206"
"VENTILO AMPLI 12V (5X5)";"206006";NULL;NULL;"2023-09-06 12:44:45";"2023-09-06 12:44:45";"206"
"VENTILO AMPLI 12V (6X6)";"206007";NULL;NULL;"2023-09-06 12:44:45";"2023-09-06 12:44:45";"206"
"VENTILO AMPLI 12V (7X7)";"206002";NULL;NULL;"2023-09-06 12:44:45";"2023-09-06 12:44:45";"206"
"VENTILO AMPLI 12V (8X8)";"206019";NULL;NULL;"2023-09-06 12:44:45";"2023-09-06 12:44:45";"206"
"VENTILO AMPLI 12V (9X9)";"206008";NULL;NULL;"2023-09-06 12:44:45";"2023-09-06 12:44:45";"206"
"VENTILO AMPLI 220V (14X14)";"206009";NULL;NULL;"2023-09-06 12:44:45";"2023-09-06 12:44:45";"206"
"VENTILO AMPLI 220V (8X8)";"206010";NULL;NULL;"2023-09-06 12:44:45";"2023-09-06 12:44:45";"206"
"VENTILO AMPLI 220V (9X9)";"206011";NULL;NULL;"2023-09-06 12:44:45";"2023-09-06 12:44:45";"206"
"VENTILO AMPLI 220V MOY MODEL";"206018";NULL;NULL;"2023-09-06 12:44:45";"2023-09-06 12:44:45";"206"
"VENTILO AMPLI 24V (12X12)";"206012";NULL;NULL;"2023-09-06 12:44:45";"2023-09-06 12:44:45";"206"
"VENTILO AMPLI 24V (6X6)";"206013";NULL;NULL;"2023-09-06 12:44:45";"2023-09-06 12:44:45";"206"
"VENTILO AMPLI 24V (8X8)";"206020";NULL;NULL;"2023-09-06 12:44:45";"2023-09-06 12:44:45";"206"
"VENTILO AMPLI 24V (9X9)";"206014";NULL;NULL;"2023-09-06 12:44:45";"2023-09-06 12:44:45";"206"
"VENTILO AMPLI 48V (12X12)";"206015";NULL;NULL;"2023-09-06 12:44:45";"2023-09-06 12:44:45";"206"
"VENTILO AMPLI 5V (4.5X4.5)";"206016";NULL;NULL;"2023-09-06 12:44:45";"2023-09-06 12:44:45";"206"
"VENTILO AMPLI 9V (4X4)";"206017";NULL;NULL;"2023-09-06 12:44:45";"2023-09-06 12:44:45";"206"
"VENTILO BROCANTE GM";"621001";NULL;NULL;"2023-09-06 14:58:56";"2023-09-06 14:58:56";"621"
"VENTILO COOL HP";"621003";NULL;NULL;"2023-09-06 14:58:56";"2023-09-06 14:58:56";"621"
"VENTILO EQUIEX 16";"621002";NULL;NULL;"2023-09-06 14:58:56";"2023-09-06 14:58:56";"621"
"VENTILO ROYAL 18""";"621005";NULL;NULL;"2023-09-06 14:58:56";"2023-09-06 14:58:56";"621"
"VENTILO VERETICAL";"621004";NULL;NULL;"2023-09-06 14:58:56";"2023-09-06 14:58:56";"621"
"VERRE A EAU";"501192";NULL;NULL;"2023-09-06 14:59:03";"2023-09-06 14:59:03";"501"
"VERRE A VIN";"501194";NULL;NULL;"2023-09-06 14:59:03";"2023-09-06 14:59:03";"501"
"VERRE A VIN GM";"501224";NULL;NULL;"2023-09-06 14:59:04";"2023-09-06 14:59:04";"501"
"VERRE A VIN PM";"501225";NULL;NULL;"2023-09-06 14:59:04";"2023-09-06 14:59:04";"501"
"VIPER 12";"102702";NULL;NULL;"2023-09-06 12:44:45";"2023-09-06 12:44:45";"102"
"VIPER 17";"102703";NULL;NULL;"2023-09-06 12:44:45";"2023-09-06 12:44:45";"102"
"VIPER 22";"102704";NULL;NULL;"2023-09-06 12:44:45";"2023-09-06 12:44:45";"102"
"VIS + ECROU POUR RADIATEUR";"207001";NULL;NULL;"2023-09-06 12:44:45";"2023-09-06 12:44:45";"207"
"VIS DE BAFLE 4X20 EN PCE";"207002";NULL;NULL;"2023-09-06 12:44:45";"2023-09-06 12:44:45";"207"
"VIS DE BAFLE 4X25 EN PCE";"207003";NULL;NULL;"2023-09-06 12:44:45";"2023-09-06 12:44:45";"207"
"VIS DE BAFLE 4X30 EN PCE";"207004";NULL;NULL;"2023-09-06 12:44:45";"2023-09-06 12:44:45";"207"
"VIS DE BAFLE 4X35 EN PCE";"207005";NULL;NULL;"2023-09-06 12:44:45";"2023-09-06 12:44:45";"207"
"VIS DE BAFLE 4X40 EN PCE";"207006";NULL;NULL;"2023-09-06 12:44:45";"2023-09-06 12:44:45";"207"
"VIS MONTAGE";"207007";NULL;NULL;"2023-09-06 12:44:45";"2023-09-06 12:44:45";"207"
"WOOFER AUTO 6""";"215192";NULL;NULL;"2023-09-06 12:44:46";"2023-09-06 12:44:46";"215"
"WOOFER AUTO 8""";"215191";NULL;NULL;"2023-09-06 12:44:46";"2023-09-06 12:44:46";"215"
"WOOFER E818";"215213";NULL;NULL;"2023-09-06 12:44:46";"2023-09-06 12:44:46";"215"
"WOOFER HF-F311";"215209";NULL;NULL;"2023-09-06 12:44:46";"2023-09-06 12:44:46";"215"
"WOOFER HF-F35";"215208";NULL;NULL;"2023-09-06 12:44:46";"2023-09-06 12:44:46";"215"
"WOOFER JBL SUB138";"601003";NULL;NULL;"2023-12-12 03:33:48";"2023-12-12 03:33:48";"601"
"WOOFER NAUDI L37-SUN";"215211";NULL;NULL;"2023-09-06 12:44:46";"2023-09-06 12:44:46";"215"
"WOOFER ORIGINAL C15";"215212";NULL;NULL;"2023-09-06 12:44:46";"2023-09-06 12:44:46";"215"
"WOOFER PORTATIF SILTRON";"601002";NULL;NULL;"2023-09-06 14:58:52";"2023-09-06 14:58:52";"601"
"WOOFER UBL SUB138";"601001";NULL;NULL;"2023-09-06 14:58:52";"2023-09-06 14:58:52";"601"
"WOOFER YG-A83";"215210";NULL;NULL;"2023-09-06 12:44:46";"2023-09-06 12:44:46";"215"
"YHS";"707009";NULL;NULL;"2023-09-06 14:58:58";"2023-09-06 14:58:58";"707"
